,equity_a2c_baseline
2024-01-02,1000000.0
2024-01-03,993760.2682456992
2024-01-04,993848.2322726463
2024-01-05,992244.1027216667
2024-01-08,999264.4843032764
2024-01-09,996752.8395088123
2024-01-10,1002088.7751434253
2024-01-11,1002106.7383468555
2024-01-12,999739.623925011
2024-01-16,993237.4525764392
2024-01-17,990194.5994270252
2024-01-18,996517.4953887867
2024-01-19,1004848.2644737171
2024-01-22,1007746.7421539234
2024-01-23,1011049.1356780933
2024-01-24,1009316.2425773548
2024-01-25,1008137.4718864368
2024-01-26,1011417.6769607471
2024-01-29,1017883.566326897
2024-01-30,1020160.063000481
2024-01-31,1011115.3233497547
2024-02-01,1021894.5869338916
2024-02-02,1023480.8165443348
2024-02-05,1022712.0808990406
2024-02-06,1028992.4559829639
2024-02-07,1037712.3751190113
2024-02-08,1039104.1918075489
2024-02-09,1041488.3348510669
2024-02-12,1043062.9652984546
2024-02-13,1031738.869728844
2024-02-14,1040535.0039756702
2024-02-15,1045216.8792274402
2024-02-16,1046776.2673080371
2024-02-20,1038399.450009148
2024-02-21,1041493.305111687
2024-02-22,1057699.821087639
2024-02-23,1058216.2988059924
2024-02-26,1055757.802075188
2024-02-27,1052495.0468528674
2024-02-28,1050352.7413833544
2024-02-29,1048038.4530113147
2024-03-01,1057500.1930663988
2024-03-04,1057164.5953224108
2024-03-05,1046941.7851493763
2024-03-06,1051851.7678573534
2024-03-07,1059400.120709221
2024-03-08,1052402.0926292345
2024-03-11,1051025.1001060412
2024-03-12,1059458.2966468737
2024-03-13,1058016.996315758
2024-03-14,1055757.0338600085
2024-03-15,1050880.5166137621
2024-03-18,1054754.3429954455
2024-03-19,1062277.4107635424
2024-03-20,1069000.1393440173
2024-03-21,1072521.3408134386
2024-03-22,1065616.3457305834
2024-03-25,1060031.9511230395
2024-03-26,1061521.6880958483
2024-03-27,1070955.3253944323
2024-03-28,1073404.653561394
2024-04-01,1065317.7162444994
2024-04-02,1053206.7553413317
2024-04-03,1051709.387345116
2024-04-04,1037360.9032409595
2024-04-05,1047758.0472762989
2024-04-08,1047959.5236518787
2024-04-09,1048580.4737327502
2024-04-10,1036457.0161788868
2024-04-11,1039262.2147949146
2024-04-12,1024628.2176940845
2024-04-15,1018193.7114303516
2024-04-16,1021637.0073097156
2024-04-17,1021173.8982475208
2024-04-18,1020872.6379707264
2024-04-19,1021478.8739555286
2024-04-22,1025982.701760094
2024-04-23,1035994.7750747608
2024-04-24,1036282.7815521167
2024-04-25,1033370.711487572
2024-04-26,1037310.8170822071
2024-04-29,1038184.072552483
2024-04-30,1029686.3479469226
2024-05-01,1026201.8599975513
2024-05-02,1030047.5128524707
2024-05-03,1036290.1739814685
2024-05-06,1046291.7846801685
2024-05-07,1051909.4070747301
2024-05-08,1052776.5238120959
2024-05-09,1057635.683777611
2024-05-10,1062126.937733452
2024-05-13,1059814.1230895922
2024-05-14,1066489.8630989
2024-05-15,1078920.6831558153
2024-05-16,1074827.1604507372
2024-05-17,1075810.9693801806
2024-05-20,1075601.4247596667
2024-05-21,1078816.7111900256
2024-05-22,1075904.9512718127
2024-05-23,1063779.2575958178
2024-05-24,1064566.051129143
2024-05-28,1056937.9581458971
2024-05-29,1045034.0247886585
2024-05-30,1045076.2833602832
2024-05-31,1056407.4114807055
2024-06-03,1056645.2676017687
2024-06-04,1063036.7455947802
2024-06-05,1072079.8649490282
2024-06-06,1073153.3202102587
2024-06-07,1071410.6637695238
2024-06-10,1074831.360340874
2024-06-11,1071621.92616729
2024-06-12,1076800.6824577258
2024-06-13,1081489.293705742
2024-06-14,1081388.5599716112
2024-06-17,1089819.9433601305
2024-06-18,1092588.6629760668
2024-06-20,1090950.7169540331
2024-06-21,1088748.5170295641
2024-06-24,1092457.356900017
2024-06-25,1089586.1516273424
2024-06-26,1088311.8864334032
2024-06-27,1086803.7552688525
2024-06-28,1086804.574703972
2024-07-01,1081018.8503806994
2024-07-02,1086026.9558875964
2024-07-03,1085123.5060470507
2024-07-05,1089358.1181457445
2024-07-08,1089197.8852813647
2024-07-09,1090115.8426826403
2024-07-10,1098071.2835853503
2024-07-11,1097145.8196037218
2024-07-12,1105639.754921715
2024-07-15,1107297.4613006518
2024-07-16,1122423.0218246386
2024-07-17,1118255.0196350024
2024-07-18,1100805.2825515673
2024-07-19,1099646.7577140734
2024-07-22,1109579.7784202502
2024-07-23,1109277.943405907
2024-07-24,1094849.0795410082
2024-07-25,1089260.7263076708
2024-07-26,1101512.5239036486
2024-07-29,1101193.2096259997
2024-07-30,1099532.5336463854
2024-07-31,1113621.4183433459
2024-08-01,1106669.4933250353
2024-08-02,1092887.924793999
2024-08-05,1063086.6858261034
2024-08-06,1070701.2413680956
2024-08-07,1061541.5419319079
2024-08-08,1085501.8308952258
2024-08-09,1090190.5804450915
2024-08-12,1087289.995938103
2024-08-13,1103704.338730614
2024-08-14,1110479.0563896105
2024-08-15,1125970.486424248
2024-08-16,1125896.4087798998
2024-08-19,1131003.9662521288
2024-08-20,1132754.0824020312
2024-08-21,1134679.9172027514
2024-08-22,1129968.887345116
2024-08-23,1138101.9935844347
2024-08-26,1136561.919514458
2024-08-27,1138928.9401061938
2024-08-28,1135037.5255287096
2024-08-29,1139517.917435448
2024-08-30,1149786.3143051073
2024-09-03,1139056.6145141528
2024-09-04,1140943.4128654406
2024-09-05,1129461.1674011156
2024-09-06,1117257.0372665331
2024-09-09,1129326.4812858508
2024-09-10,1135814.8383949206
2024-09-11,1139216.4986694262
2024-09-12,1144192.2785880968
2024-09-13,1149220.0238769457
2024-09-16,1154263.15058593
2024-09-17,1149230.73841552
2024-09-18,1145751.5036819384
2024-09-19,1156499.3641441271
2024-09-20,1155331.569046776
2024-09-23,1158885.1065795824
2024-09-24,1156281.581887047
2024-09-25,1152242.7836502
2024-09-26,1161897.9570243761
2024-09-27,1160319.4035804674
2024-09-30,1164468.2446945116
2024-10-01,1157104.7837684557
2024-10-02,1160808.5878417895
2024-10-03,1153696.8726280138
2024-10-04,1159417.115822594
2024-10-07,1150398.596581261
2024-10-08,1157309.4969261095
2024-10-09,1170321.9019287035
2024-10-10,1166595.904026787
2024-10-11,1177059.8750617907
2024-10-14,1185253.0467269823
2024-10-15,1166030.734154503
2024-10-16,1173805.6087997362
2024-10-17,1173786.4569595263
2024-10-18,1180874.7597816393
2024-10-21,1173775.0130432055
2024-10-22,1174690.194992821
2024-10-23,1165980.5382736132
2024-10-24,1159144.7723548815
2024-10-25,1156382.1968734667
2024-10-28,1159385.1056716845
2024-10-29,1159778.4094055102
2024-10-30,1156222.9865692065
2024-10-31,1146130.1786926195
2024-11-01,1149912.1663101122
2024-11-04,1144645.1441085741
2024-11-05,1157181.7836196825
2024-11-06,1177029.7309692309
2024-11-07,1184701.6282928393
2024-11-08,1193175.637558739
2024-11-11,1193422.3772323534
2024-11-12,1184627.7495696947
2024-11-13,1179821.5398300097
2024-11-14,1173595.459320824
2024-11-15,1158727.790669243
2024-11-18,1160351.0028388903
2024-11-19,1156139.9875915453
2024-11-20,1163867.000588219
2024-11-21,1173883.6499488757
2024-11-22,1179094.0182769701
2024-11-25,1187436.1698387072
2024-11-26,1193150.2819412157
2024-11-27,1192369.3224647448
2024-11-29,1198448.5574348376
2024-12-02,1199008.157063286
2024-12-03,1196503.8020027087
2024-12-04,1198778.8513572619
2024-12-05,1187555.5247848437
2024-12-06,1185611.531975548
2024-12-09,1180583.4268615649
2024-12-10,1180707.950775902
2024-12-11,1180210.159420769
2024-12-12,1170266.2524002
2024-12-13,1178946.7469222948
2024-12-16,1180565.7224281237
2024-12-17,1175923.5814941332
2024-12-18,1148814.7983024523
2024-12-19,1146200.9677589342
2024-12-20,1158707.0864837572
2024-12-23,1167568.6352661059
2024-12-24,1178086.9316146777
2024-12-26,1180449.183537285
2024-12-27,1171448.023884575
2024-12-30,1156877.8879592821
2024-12-31,1155043.2497451708
2025-01-02,1151492.4414947436
2025-01-03,1161140.3436592028
2025-01-06,1158143.8757865832
2025-01-07,1152143.067536156
2025-01-08,1158261.7964828417
2025-01-10,1140270.3212440417
2025-01-13,1149460.370850365
2025-01-14,1148236.7330291674
2025-01-15,1164949.1592262194
2025-01-16,1164991.5097053454
2025-01-17,1171149.2764709399
2025-01-21,1188070.6233299181
2025-01-22,1191192.1741531298
2025-01-23,1202898.0675247118
2025-01-24,1201943.0036399767
2025-01-27,1199872.5416725085
2025-01-28,1198854.705513756
2025-01-29,1194265.5958297655
2025-01-30,1215099.7954147265
2025-01-31,1210550.0612075732
2025-02-03,1205133.531521599
2025-02-04,1206221.3023040697
2025-02-05,1213537.7869193957
2025-02-06,1213526.1966903612
2025-02-07,1204617.8488548205
2025-02-10,1210822.7351921008
2025-02-11,1211688.4362380907
2025-02-12,1208469.4190528796
2025-02-13,1213346.3382156298
2025-02-14,1204508.91255645
2025-02-18,1210467.2431037829
2025-02-19,1219404.7518241808
2025-02-20,1215257.9573486254
2025-02-21,1196695.1363952563
2025-02-24,1194117.1335685656
2025-02-25,1195699.7543228075
2025-02-26,1193535.5388992236
2025-02-27,1182718.9553649828
2025-02-28,1199428.0588310168
2025-03-03,1188086.702362816
2025-03-04,1169232.9806831286
2025-03-05,1181580.4406249926
2025-03-06,1167345.5819557116
2025-03-07,1170137.9443061755
2025-03-10,1139810.488930504
2025-03-11,1127537.5469558642
2025-03-12,1127226.0449569628
2025-03-13,1115345.469853203
2025-03-14,1133341.0496337817
2025-03-17,1145650.5235793993
2025-03-18,1139971.4325530932
2025-03-19,1148942.1883666918
2025-03-20,1147193.7838752673
2025-03-21,1145651.27880172
2025-03-24,1159970.0264022753
2025-03-25,1157387.1771896288
2025-03-26,1151437.4208686755
2025-03-27,1150118.3032119677
2025-03-28,1132287.6466491625
2025-03-31,1141619.081471245
2025-04-01,1138993.1879966662
2025-04-02,1146290.7536399767
2025-04-03,1104618.50397567
2025-04-04,1038113.4747207569
2025-04-07,1035368.352642815
2025-04-08,1025400.9002082752
2025-04-09,1109217.0412033007
2025-04-10,1074431.0783927843
2025-04-11,1093648.8962257311
2025-04-14,1102380.1507919237
2025-04-15,1099696.6971252367
2025-04-16,1081907.3121078417
2025-04-17,1070300.3747260973
2025-04-21,1044565.3917243885
2025-04-22,1069235.0571716235
2025-04-23,1081158.3347251818
2025-04-24,1098420.6085861132
2025-04-25,1101255.9929588244
2025-04-28,1104317.119274895
2025-04-29,1109803.3586433337
2025-04-30,1115181.91703109
2025-05-01,1104494.580715935
2025-05-02,1123609.7587478564
2025-05-05,1121142.661663811
2025-05-06,1105744.9716766283
2025-05-07,1112312.8714645312
2025-05-08,1114885.0522849963
2025-05-09,1109943.7283370898
2025-05-12,1141230.1183326647
2025-05-13,1130074.313236992
2025-05-14,1121175.9722373888
2025-05-15,1127595.2363555834
2025-05-16,1137912.4940650866
2025-05-19,1145227.2659080431
2025-05-20,1144073.0404594347
2025-05-21,1119234.754353325
2025-05-22,1117474.8184326098
2025-05-23,1110218.4228256152
2025-05-27,1129990.3278663561
2025-05-28,1127471.0308959887
2025-05-29,1132038.34514312
2025-05-30,1136553.3560760424
2025-06-02,1139593.7091529772
2025-06-03,1145589.77457885
2025-06-04,1148264.930664818
2025-06-05,1145886.0907028124
2025-06-06,1154394.790104668
2025-06-09,1152166.1029251025
2025-06-10,1161509.6295135424
2025-06-11,1164258.94072036
2025-06-12,1169878.0311592028
2025-06-13,1153634.5625884936
2025-06-16,1159833.8912933276
2025-06-17,1148171.1036308215
2025-06-18,1141824.2487953112
2025-06-20,1134682.4935195849
2025-06-23,1144117.6219909594
2025-06-24,1161963.5996864245
2025-06-25,1158064.3549011156
2025-06-26,1167209.2751014635
2025-06-27,1173104.13886718
2025-06-30,1182858.2932937548
2025-07-01,1190123.073078911
2025-07-02,1196643.8092163012
2025-07-03,1205660.1725814745
2025-07-07,1195392.8791091845
2025-07-08,1194081.6781166003
2025-07-09,1198062.60062484
2025-07-10,1203949.373596947
2025-07-11,1195370.3192298815
2025-07-14,1195622.6852081225
2025-07-15,1180106.3129203722
2025-07-16,1189838.3049133227
2025-07-17,1193487.2983749316
2025-07-18,1189032.37506942
2025-07-21,1186831.160969536
2025-07-22,1189644.8758857653
2025-07-23,1203736.309494774
2025-07-24,1196651.8629653857
2025-07-25,1202076.9022987292
2025-07-28,1200966.3765647814
2025-07-29,1192566.9618575976
2025-07-30,1189042.5793655321
2025-07-31,1172673.8864028857
2025-08-01,1159525.1138236925
2025-08-04,1175130.577236931
2025-08-05,1172661.3745696947
2025-08-06,1171964.2616203234
2025-08-07,1158342.768997948
2025-08-08,1166078.537709038
2025-08-11,1166240.1486404345
2025-08-12,1181644.9145172045
2025-08-13,1190740.3533866808
2025-08-14,1191195.107491295
2025-08-15,1192620.8902328417
2025-08-18,1193494.6648109362
2025-08-19,1189328.1394660876
2025-08-20,1190078.5702026293
2025-08-21,1186029.3206870959
2025-08-22,1204133.0446250841
2025-08-25,1193026.4519164965
2025-08-26,1200346.9097946093
2025-08-27,1201076.5054328844
2025-08-28,1204249.0329254076
2025-08-29,1200118.190064232
2025-09-02,1194372.882077019
2025-09-03,1188485.6452644274
2025-09-04,1196542.8577392504
2025-09-05,1200058.0825622485
2025-09-08,1205226.637898247
2025-09-09,1210723.4924438403
2025-09-10,1227936.8344924853
2025-09-11,1239002.2326629565
2025-09-12,1227334.2592513964
2025-09-15,1227009.9234626696
2025-09-16,1227217.3906295702
2025-09-17,1232999.4948699877
2025-09-18,1232003.286576073
2025-09-19,1235527.873509209
2025-09-22,1241133.1075866625
2025-09-23,1236429.4002654955
2025-09-24,1232953.3275192187
2025-09-25,1220929.2474449084
2025-09-26,1226030.920887749
2025-09-29,1227427.7229850695
2025-09-30,1233567.662987511
2025-10-01,1252035.114701073
2025-10-02,1254960.6636588976
2025-10-03,1258845.593025963
2025-10-06,1260830.2425811694
2025-10-07,1255011.6597145007
2025-10-08,1258355.1321685717
2025-10-09,1255196.7503936694
2025-10-10,1228183.2050140307
2025-10-13,1246107.7074439928
2025-10-14,1252443.4215858385
2025-10-15,1255548.20458297
2025-10-16,1246812.5549171374
2025-10-17,1249555.2720992968
2025-10-20,1258189.045822899
2025-10-21,1256897.8218925402
2025-10-22,1260527.1469543383
2025-10-23,1272254.7255561755
2025-10-24,1278600.9120338366
2025-10-27,1284347.8658264086
2025-10-28,1278620.6745345995
2025-10-29,1267801.0030105517
2025-10-30,1261149.6028411791
2025-10-31,1258443.6748893664
2025-11-03,1253805.6679313586
2025-11-04,1247374.6475456164
2025-11-05,1256787.5995071337
2025-11-06,1249905.8865440295
2025-11-07,1249013.780224602
2025-11-10,1261529.6604087756
2025-11-11,1270085.025662224
2025-11-12,1279821.4991958544
2025-11-13,1261320.246125023
2025-11-14,1253861.1432617113
2025-11-17,1241303.1430786059
2025-11-18,1236734.4728248522
2025-11-19,1244928.2407424853
2025-11-20,1227554.8797347948
2025-11-21,1244729.0699470446
2025-11-24,1255550.5477836535
2025-11-25,1277381.8944557116
2025-11-26,1281152.6250656054
2025-11-28,1283021.5299652026
2025-12-01,1270975.4611175463
2025-12-02,1274814.7094657824
2025-12-03,1287354.4972389147
2025-12-04,1280989.1280372546
2025-12-05,1281690.3214080737
2025-12-08,1273067.3480995104
2025-12-09,1271392.9368560717
2025-12-10,1285612.466614525
2025-12-11,1292862.6844375536
2025-12-12,1282708.4606025622
2025-12-15,1288408.7159774706
2025-12-16,1281499.494526665
2025-12-17,1268529.6757362292
2025-12-18,1272798.151936333
2025-12-19,1282910.9936836169
2025-12-22,1291497.5388496325
2025-12-23,1293798.392044823
2025-12-24,1299666.1872718737
2025-12-26,1300747.813805382
2025-12-29,1298374.3698242113
2025-12-30,1297023.4099739
2025-12-31,1286992.8510215685
2026-01-02,1294568.456421654
2026-01-05,1304226.895634453
2026-01-06,1320803.7771423266
2026-01-07,1315139.1110008166
2026-01-08,1314346.7650192187
2026-01-09,1322096.6218917773
2026-01-12,1321503.186978142
2026-01-13,1313562.307770531
2026-01-14,1311728.5048110888
2026-01-15,1316436.054657738
2026-01-16,1318784.9348762438
2026-01-20,1297402.7758338854
2026-01-21,1313893.1418197558
2026-01-22,1318500.9359634325
2026-01-23,1308257.176342766
2026-01-26,1313057.5037086413
2026-01-27,1299468.3353050158
2026-01-28,1296727.8812873766
2026-01-29,1300240.8414657519
2026-01-30,1291846.8803909228
2026-02-02,1300751.1931884692
2026-02-03,1281863.1455009386
2026-02-04,1287995.4091918871
2026-02-05,1269789.528599541
2026-02-06,1297281.239384453
2026-02-09,1300876.2993362353
2026-02-10,1302088.7315147326
2026-02-11,1302513.8966339037
2026-02-12,1285420.0894172594
2026-02-13,1293646.6940544054
2026-02-17,1294062.5070197985
2026-02-18,1299213.1447570727
2026-02-19,1301546.944752495
2026-02-20,1305682.4417808459
2026-02-23,1291488.2678306506
2026-02-24,1293576.5969551012
2026-02-25,1304515.7053153918
2026-02-26,1299371.0538909838
2026-02-27,1298677.0186279223
2026-03-02,1293119.903244774
2026-03-03,1275884.465454857
2026-03-04,1281338.4493759081
2026-03-05,1268188.7784431383
2026-03-06,1247352.6876609728
2026-03-09,1258556.6725738451
2026-03-10,1253252.0753791735
2026-03-11,1252453.3632285998
2026-03-12,1228282.7211616442
2026-03-13,1225464.4960830614
2026-03-16,1236752.928158562
2026-03-17,1234539.599743645
2026-03-18,1214155.719475548
2026-03-19,1215827.9894683764
2026-03-20,1202998.8113677904
2026-03-23,1213020.4943969653
2026-03-24,1212951.0402496264
2026-03-25,1215750.5838706896
2026-03-26,1198249.8510482714
2026-03-27,1175159.0868804858
2026-03-30,1175934.9605186388
2026-03-31,1206044.8544242785
