,equity_ppo_baseline
2024-01-02,1000000.0
2024-01-03,999532.7158669379
2024-01-04,999351.9083253652
2024-01-05,999406.7409376756
2024-01-08,1001478.8359878351
2024-01-09,1001046.8337387235
2024-01-10,1001587.0641274946
2024-01-11,1001660.8850810432
2024-01-12,1002448.741430187
2024-01-16,1001616.6312162479
2024-01-17,999252.7806827187
2024-01-18,1002565.7431688085
2024-01-19,1009479.523309695
2024-01-22,1010615.1986316252
2024-01-23,1011335.0775474616
2024-01-24,1012117.9084715242
2024-01-25,1013017.7699039395
2024-01-26,1010287.3697324744
2024-01-29,1017994.0348916694
2024-01-30,1017105.0743661511
2024-01-31,1007371.7458166783
2024-02-01,1017467.1840291474
2024-02-02,1019849.4220006305
2024-02-05,1014205.4707314998
2024-02-06,1010319.3867824071
2024-02-07,1012942.1376162254
2024-02-08,1018622.0013489887
2024-02-09,1024766.073150716
2024-02-12,1019647.1296181461
2024-02-13,1004169.0530469925
2024-02-14,1017101.8657709152
2024-02-15,1022322.7274775917
2024-02-16,1009941.9613849137
2024-02-20,999538.066152509
2024-02-21,999394.0418330433
2024-02-22,1019275.0292246792
2024-02-23,1023075.6563464939
2024-02-26,1027288.8709454682
2024-02-27,1025257.8582387574
2024-02-28,1025024.2300138886
2024-02-29,1027969.7135742009
2024-03-01,1043884.8470867531
2024-03-04,1042250.6458313896
2024-03-05,1022675.1618357804
2024-03-06,1026895.0953158628
2024-03-07,1038619.118977586
2024-03-08,1028047.9423335945
2024-03-11,1026224.7877572491
2024-03-12,1037991.2551658909
2024-03-13,1029897.6381254932
2024-03-14,1022200.2745548498
2024-03-15,1001697.3272231295
2024-03-18,1011097.7523928415
2024-03-19,1017326.214652281
2024-03-20,1027901.2150446855
2024-03-21,1033615.6769105608
2024-03-22,1025665.0991942789
2024-03-25,1027691.1133046591
2024-03-26,1031427.6331039201
2024-03-27,1040057.5598221456
2024-03-28,1040776.0917190163
2024-04-01,1037457.3915327408
2024-04-02,1025635.602329652
2024-04-03,1027943.1549979851
2024-04-04,1015340.4987670643
2024-04-05,1024854.3201517222
2024-04-08,1028474.5254268954
2024-04-09,1031080.2255955994
2024-04-10,1015028.03330565
2024-04-11,1022419.120857095
2024-04-12,1002268.5209628785
2024-04-15,990581.9633174278
2024-04-16,991198.3227760326
2024-04-17,982780.2291703913
2024-04-18,974453.6733532774
2024-04-19,969735.1825937597
2024-04-22,974756.9254457857
2024-04-23,988740.6826897289
2024-04-24,993480.7215146763
2024-04-25,988416.3037610314
2024-04-26,995279.5004555256
2024-04-29,1003128.1764534933
2024-04-30,984691.4001442873
2024-05-01,976472.1317337763
2024-05-02,981324.9057301981
2024-05-03,1001476.692750643
2024-05-06,1011508.6085965693
2024-05-07,1009440.5734814894
2024-05-08,1009978.281010193
2024-05-09,1008865.1844720232
2024-05-10,1011941.4174203684
2024-05-13,1010541.352984792
2024-05-14,1016827.3799055626
2024-05-15,1031377.3885110524
2024-05-16,1025144.1730251886
2024-05-17,1023983.5748171179
2024-05-20,1027101.5524684403
2024-05-21,1030110.0867008583
2024-05-22,1027116.6648325827
2024-05-23,1016087.4007352336
2024-05-24,1009472.1164430858
2024-05-28,1002357.3060811169
2024-05-29,991231.1339214947
2024-05-30,977308.4074697983
2024-05-31,985220.1397348263
2024-06-03,981739.6455874302
2024-06-04,985681.6350611583
2024-06-05,997288.5103561747
2024-06-06,994524.7270998041
2024-06-07,994292.851794987
2024-06-10,996230.3446518624
2024-06-11,992408.5165247071
2024-06-12,1001995.8839493783
2024-06-13,1004547.6444991677
2024-06-14,1013386.0894543335
2024-06-17,1027374.6979368546
2024-06-18,1033649.1573827736
2024-06-20,1036467.4079370663
2024-06-21,1039475.6966679622
2024-06-24,1038871.5182442467
2024-06-25,1041092.2362255584
2024-06-26,1041485.8954726994
2024-06-27,1040676.7197084991
2024-06-28,1043282.1194199574
2024-07-01,1042188.1479932243
2024-07-02,1055115.469117755
2024-07-03,1062075.004438844
2024-07-05,1062465.6613212598
2024-07-08,1059959.186011987
2024-07-09,1061412.0683974507
2024-07-10,1065965.5205729762
2024-07-11,1060081.7487416451
2024-07-12,1073015.3658113414
2024-07-15,1078418.9084290105
2024-07-16,1089981.5492368357
2024-07-17,1080802.8826171705
2024-07-18,1069320.2815418427
2024-07-19,1062989.736406007
2024-07-22,1076537.5627312271
2024-07-23,1071824.2472331182
2024-07-24,1048681.9279618475
2024-07-25,1058409.0495898172
2024-07-26,1069868.1263048393
2024-07-29,1069574.5420580646
2024-07-30,1068539.841737115
2024-07-31,1083942.6021097442
2024-08-01,1065461.5011387055
2024-08-02,1040063.1078514445
2024-08-05,1013716.1807468263
2024-08-06,1025125.1304286482
2024-08-07,1014469.5785983526
2024-08-08,1035994.5086262457
2024-08-09,1039499.3128189547
2024-08-12,1032235.7139647553
2024-08-13,1050371.5641780922
2024-08-14,1052008.9867211333
2024-08-15,1074297.3393185064
2024-08-16,1074944.075657267
2024-08-19,1083109.7571468698
2024-08-20,1080424.0807680017
2024-08-21,1084989.8124082854
2024-08-22,1075418.6362443601
2024-08-23,1080024.0184853203
2024-08-26,1078241.1542627327
2024-08-27,1082054.6852030193
2024-08-28,1077191.8798280288
2024-08-29,1085655.3948661224
2024-08-30,1097357.185250951
2024-09-03,1080529.524068348
2024-09-04,1083708.837919613
2024-09-05,1075388.3458369486
2024-09-06,1060819.0396396143
2024-09-09,1076794.61603669
2024-09-10,1084498.6796308025
2024-09-11,1090544.5272504466
2024-09-12,1092802.764830969
2024-09-13,1094518.4496948244
2024-09-16,1097118.793654568
2024-09-17,1093430.429063061
2024-09-18,1093218.975719722
2024-09-19,1110752.2283194268
2024-09-20,1107814.8442713711
2024-09-23,1114892.3687872326
2024-09-24,1113132.4280293
2024-09-25,1104167.7252497857
2024-09-26,1120475.5014728387
2024-09-27,1117311.2695851405
2024-09-30,1120216.5878811
2024-10-01,1106083.7571654227
2024-10-02,1112275.1272453682
2024-10-03,1109032.1934631816
2024-10-04,1117060.9292718861
2024-10-07,1104997.4641981882
2024-10-08,1112435.4830662338
2024-10-09,1122585.7478820411
2024-10-10,1120704.339835334
2024-10-11,1131550.2659373428
2024-10-14,1139466.0588428853
2024-10-15,1136069.1396662209
2024-10-16,1143893.5611099026
2024-10-17,1142382.0924709255
2024-10-18,1143914.3320093509
2024-10-21,1136880.5086746714
2024-10-22,1131334.2546566394
2024-10-23,1126992.7855623858
2024-10-24,1129207.359367946
2024-10-25,1125025.141138425
2024-10-28,1127278.2087609265
2024-10-29,1128632.428351989
2024-10-30,1120263.5060973484
2024-10-31,1111018.052496196
2024-11-01,1115007.3374204838
2024-11-04,1112737.8970051166
2024-11-05,1125464.0262851822
2024-11-06,1159753.5315400916
2024-11-07,1164733.3229821064
2024-11-08,1168788.3962940457
2024-11-11,1179950.0323763038
2024-11-12,1168627.09409993
2024-11-13,1170687.0763073561
2024-11-14,1165307.6392472708
2024-11-15,1151230.4571680739
2024-11-18,1153594.9408004133
2024-11-19,1143514.0393077661
2024-11-20,1147819.49073125
2024-11-21,1165085.2340136424
2024-11-22,1169054.5666353276
2024-11-25,1171895.888566519
2024-11-26,1170848.4766590043
2024-11-27,1164323.9793782884
2024-11-29,1169781.2920614856
2024-12-02,1165738.9148041727
2024-12-03,1167309.545801018
2024-12-04,1178195.1903150312
2024-12-05,1175099.6604387113
2024-12-06,1180335.766713938
2024-12-09,1175543.6719624617
2024-12-10,1177659.0045525762
2024-12-11,1187052.489014412
2024-12-12,1169553.4013789254
2024-12-13,1165537.9961254857
2024-12-16,1169783.8428747207
2024-12-17,1165473.002884864
2024-12-18,1127974.4594797327
2024-12-19,1126383.0030774022
2024-12-20,1135972.4635881693
2024-12-23,1137309.0126157724
2024-12-24,1148568.9373522303
2024-12-26,1148691.4796729549
2024-12-27,1137777.9587005712
2024-12-30,1123142.9269197944
2024-12-31,1121109.6832385734
2025-01-02,1116933.5911120551
2025-01-03,1126036.082568988
2025-01-06,1125366.3023400833
2025-01-07,1116853.7163031371
2025-01-08,1119216.8504929086
2025-01-10,1098021.4825013545
2025-01-13,1100865.579597235
2025-01-14,1109925.1460802138
2025-01-15,1133223.2003017734
2025-01-16,1127482.2879910318
2025-01-17,1137711.397963707
2025-01-21,1153088.033371071
2025-01-22,1153065.5306740801
2025-01-23,1161517.129068474
2025-01-24,1159776.5676995318
2025-01-27,1169012.7414380114
2025-01-28,1172637.705474953
2025-01-29,1169911.7946778338
2025-01-30,1185694.5928898852
2025-01-31,1182397.3752041857
2025-02-03,1169833.2490826647
2025-02-04,1171716.5507889788
2025-02-05,1181388.9165135424
2025-02-06,1174113.8941918414
2025-02-07,1162726.1205979388
2025-02-10,1168472.5436097186
2025-02-11,1173927.8418255846
2025-02-12,1165604.914836983
2025-02-13,1171496.0448876421
2025-02-14,1170893.761251549
2025-02-18,1180796.5862389605
2025-02-19,1183948.8914643328
2025-02-20,1180047.772466759
2025-02-21,1158791.000988106
2025-02-24,1153665.0563641589
2025-02-25,1152790.0890637438
2025-02-26,1159405.3918190997
2025-02-27,1149444.156351189
2025-02-28,1166529.864816765
2025-03-03,1155284.6545105975
2025-03-04,1139865.3352471392
2025-03-05,1154689.4465638201
2025-03-06,1139450.7847405474
2025-03-07,1146132.8667183917
2025-03-10,1115321.9287301104
2025-03-11,1101275.2463398974
2025-03-12,1104811.5333558123
2025-03-13,1085353.569259743
2025-03-14,1110007.224443535
2025-03-17,1126175.70387278
2025-03-18,1121334.4002419512
2025-03-19,1126830.4504490893
2025-03-20,1115839.2625237505
2025-03-21,1113150.5099450152
2025-03-24,1127439.2212964098
2025-03-25,1131234.7141266863
2025-03-26,1127065.0326081316
2025-03-27,1125276.9790955584
2025-03-28,1103364.520135979
2025-03-31,1111756.673580269
2025-04-01,1112923.4570256274
2025-04-02,1120254.792528252
2025-04-03,1062007.22913752
2025-04-04,990078.2282258074
2025-04-07,987937.9842854998
2025-04-08,975118.1947729065
2025-04-09,1056797.2903283646
2025-04-10,1015506.4266923477
2025-04-11,1030271.2318147232
2025-04-14,1042821.6575711777
2025-04-15,1044560.711800914
2025-04-16,1024915.853995662
2025-04-17,1025974.4130643418
2025-04-21,1005918.194424968
2025-04-22,1029940.9015973618
2025-04-23,1044293.0710080673
2025-04-24,1067605.330760341
2025-04-25,1069607.7727998307
2025-04-28,1072664.2708447983
2025-04-29,1080281.4252542069
2025-04-30,1083715.7787469437
2025-05-01,1085691.1510499527
2025-05-02,1102753.9854234268
2025-05-05,1100123.0287393143
2025-05-06,1093106.656396251
2025-05-07,1106073.288930278
2025-05-08,1115080.9943727066
2025-05-09,1112858.411424022
2025-05-12,1145381.4266141464
2025-05-13,1148754.589333873
2025-05-14,1145789.7709210922
2025-05-15,1165202.2439492752
2025-05-16,1173417.7183641007
2025-05-19,1177784.038230281
2025-05-20,1175720.9055265
2025-05-21,1154754.621404033
2025-05-22,1153088.7001946976
2025-05-23,1152805.0496877243
2025-05-27,1177473.5970567276
2025-05-28,1172588.221927028
2025-05-29,1177679.8928426316
2025-05-30,1179610.9797528794
2025-06-02,1182358.1276124527
2025-06-03,1189671.5449880173
2025-06-04,1191244.1129449417
2025-06-05,1192949.5088037064
2025-06-06,1204506.0247758438
2025-06-09,1204875.4699491074
2025-06-10,1210630.3393415024
2025-06-11,1211759.9938081314
2025-06-12,1211066.9102281143
2025-06-13,1191540.070885997
2025-06-16,1205461.406539302
2025-06-17,1194968.485955577
2025-06-18,1190206.53733192
2025-06-20,1183118.4925893357
2025-06-23,1190366.2725575974
2025-06-24,1206270.950656276
2025-06-25,1206640.3597444107
2025-06-26,1214095.510957103
2025-06-27,1220808.759906154
2025-06-30,1228608.428754167
2025-07-01,1231841.3744315845
2025-07-02,1235446.510594701
2025-07-03,1245634.6852048389
2025-07-07,1238336.0565656177
2025-07-08,1240268.9551290027
2025-07-09,1237866.5833924762
2025-07-10,1236206.013926839
2025-07-11,1226145.6660378925
2025-07-14,1229834.1313260547
2025-07-15,1208143.416472768
2025-07-16,1219402.7343858234
2025-07-17,1222782.8314813129
2025-07-18,1223910.0577805988
2025-07-21,1224427.9275048724
2025-07-22,1228768.4714253894
2025-07-23,1239773.320315694
2025-07-24,1239021.7120698444
2025-07-25,1241695.0892098895
2025-07-28,1238344.3021443835
2025-07-29,1242308.3914464465
2025-07-30,1237790.2558206073
2025-07-31,1220544.7070935718
2025-08-01,1202694.6170075885
2025-08-04,1219976.8568051807
2025-08-05,1209798.766908025
2025-08-06,1210264.6977761737
2025-08-07,1202860.0135282031
2025-08-08,1211740.7245172015
2025-08-11,1203198.7375920764
2025-08-12,1219697.9816354266
2025-08-13,1225183.9546426288
2025-08-14,1224463.0873864642
2025-08-15,1216406.8514150134
2025-08-18,1219790.121857976
2025-08-19,1217862.1222394458
2025-08-20,1218021.809068059
2025-08-21,1213928.2947915546
2025-08-22,1223623.4702771655
2025-08-25,1215329.3082078448
2025-08-26,1219100.073806142
2025-08-27,1221953.419251775
2025-08-28,1225273.5592034808
2025-08-29,1222470.803082799
2025-09-02,1211660.7690652362
2025-09-03,1207976.606725072
2025-09-04,1216188.8975251666
2025-09-05,1216273.6144803516
2025-09-08,1219177.1837495319
2025-09-09,1220138.9354222766
2025-09-10,1215349.7682069293
2025-09-11,1237490.29321227
2025-09-12,1229792.3431886188
2025-09-15,1231417.7724278918
2025-09-16,1232238.9242604724
2025-09-17,1246255.5593179218
2025-09-18,1256604.9635327808
2025-09-19,1261092.0916970721
2025-09-22,1263041.644358968
2025-09-23,1258890.991534566
2025-09-24,1248844.413037633
2025-09-25,1246948.4199288837
2025-09-26,1255794.3721154681
2025-09-29,1264886.669459676
2025-09-30,1264917.7501157275
2025-10-01,1267266.6267693988
2025-10-02,1274479.452498769
2025-10-03,1276204.7841619006
2025-10-06,1279713.8212502948
2025-10-07,1271507.1037572375
2025-10-08,1275016.2431672565
2025-10-09,1265746.7146085254
2025-10-10,1229629.559237813
2025-10-13,1249867.5230458728
2025-10-14,1262296.5557607166
2025-10-15,1264682.0039952747
2025-10-16,1252595.2346833698
2025-10-17,1258523.3937982074
2025-10-20,1271612.7237771503
2025-10-21,1274865.604241704
2025-10-22,1267316.7418435565
2025-10-23,1274124.758702611
2025-10-24,1287028.3231099597
2025-10-27,1294132.0707887164
2025-10-28,1290072.3241609088
2025-10-29,1273570.8515294543
2025-10-30,1272761.3932946674
2025-10-31,1269347.4499410144
2025-11-03,1269121.330874776
2025-11-04,1252551.954665517
2025-11-05,1274842.905536031
2025-11-06,1268536.7689813129
2025-11-07,1273416.5701268665
2025-11-10,1288206.6364606372
2025-11-11,1288911.4731362811
2025-11-12,1298011.3618310443
2025-11-13,1275212.1578649036
2025-11-14,1273706.1132424823
2025-11-17,1251958.091668462
2025-11-18,1241194.4909413806
2025-11-19,1240502.775765752
2025-11-20,1212393.2988084308
2025-11-21,1236942.041259145
2025-11-24,1244379.5902970782
2025-11-25,1255785.6207726947
2025-11-26,1257917.3800920001
2025-11-28,1268442.5733159534
2025-12-01,1263542.6144670001
2025-12-02,1265771.9252770892
2025-12-03,1285568.157254552
2025-12-04,1282794.4417680255
2025-12-05,1285614.9720452777
2025-12-08,1281593.7289918414
2025-12-09,1285635.1760648242
2025-12-10,1301813.4206899158
2025-12-11,1314013.1515840045
2025-12-12,1306063.5544236652
2025-12-15,1301514.1398061267
2025-12-16,1294005.1313241473
2025-12-17,1285414.4640363208
2025-12-18,1299483.155383443
2025-12-19,1313890.9199479572
2025-12-22,1332614.933028554
2025-12-23,1330742.6429799548
2025-12-24,1339247.9921144
2025-12-26,1338500.4528459064
2025-12-29,1338893.6901963702
2025-12-30,1334386.6160233966
2025-12-31,1319697.6597665302
2026-01-02,1332193.5609315387
2026-01-05,1350576.3846963397
2026-01-06,1381764.9920667163
2026-01-07,1365775.8263677112
2026-01-08,1365575.0737851611
2026-01-09,1375462.683848714
2026-01-12,1374601.99917159
2026-01-13,1356219.3473332874
2026-01-14,1351786.859893178
2026-01-15,1367990.6487973682
2026-01-16,1379348.1467622272
2026-01-20,1351455.3083985797
2026-01-21,1378990.593978261
2026-01-22,1383099.3977006427
2026-01-23,1378548.5022290698
2026-01-26,1378922.150765752
2026-01-27,1387429.6302026263
2026-01-28,1395798.542239522
2026-01-29,1398758.7453740588
2026-01-30,1385669.686299657
2026-02-02,1401096.7487977496
2026-02-03,1359834.8828881732
2026-02-04,1350297.4312966815
2026-02-05,1338017.2859166614
2026-02-06,1367954.7201093188
2026-02-09,1362115.3794740192
2026-02-10,1356371.8539689532
2026-02-11,1362202.1100705615
2026-02-12,1346018.9028256885
2026-02-13,1354564.3350900165
2026-02-17,1349802.3253262988
2026-02-18,1371442.2301572314
2026-02-19,1363907.5934403888
2026-02-20,1377390.6391118518
2026-02-23,1344292.3357194415
2026-02-24,1347757.212182378
2026-02-25,1361968.2124188892
2026-02-26,1360401.686431264
2026-02-27,1354839.7866738788
2026-03-02,1358462.8184045306
2026-03-03,1335007.0627721301
2026-03-04,1349820.0378468982
2026-03-05,1339434.7636331073
2026-03-06,1304469.9042047015
2026-03-09,1312679.082980489
2026-03-10,1312630.5409959308
2026-03-11,1313222.558318471
2026-03-12,1283867.8602670184
2026-03-13,1289161.7699922076
2026-03-16,1309222.6679681293
2026-03-17,1327947.8642266742
2026-03-18,1313221.1162103168
2026-03-19,1311500.7776387683
2026-03-20,1293667.7079576007
2026-03-23,1296218.2458604327
2026-03-24,1287902.1242021075
2026-03-25,1283388.6491158954
2026-03-26,1259734.2864526263
2026-03-27,1237609.86220107
2026-03-30,1222181.851035451
2026-03-31,1252509.4755738727
