,equity_td3_ac
2024-01-02,1000000.0
2024-01-03,989262.7029559009
2024-01-04,989434.5343795067
2024-01-05,990766.7668712488
2024-01-08,1004133.6044925416
2024-01-09,1002762.68545282
2024-01-10,1008938.5426836218
2024-01-11,1008039.2210728248
2024-01-12,1009969.5384637684
2024-01-16,1007631.6550907467
2024-01-17,1001850.700740972
2024-01-18,1008343.7798501205
2024-01-19,1022526.612623537
2024-01-22,1021383.9287274596
2024-01-23,1017725.8294963954
2024-01-24,1014997.9099451031
2024-01-25,1018289.2445000343
2024-01-26,1018878.7707790702
2024-01-29,1026915.447799101
2024-01-30,1028552.5354782601
2024-01-31,1015560.9049414287
2024-02-01,1028716.1605253936
2024-02-02,1031901.5130278104
2024-02-05,1030522.7783025479
2024-02-06,1032848.8166026819
2024-02-07,1041083.3981571213
2024-02-08,1040683.0546753898
2024-02-09,1044923.1538502568
2024-02-12,1044468.920205587
2024-02-13,1029872.2402951991
2024-02-14,1037653.8501091913
2024-02-15,1044446.5290904589
2024-02-16,1039433.881645438
2024-02-20,1033542.3207367193
2024-02-21,1036879.9114642206
2024-02-22,1054223.1354538742
2024-02-23,1056976.7810049448
2024-02-26,1056554.0015087354
2024-02-27,1056848.3133239932
2024-02-28,1059685.7244913068
2024-02-29,1062160.8376952407
2024-03-01,1073496.6421313945
2024-03-04,1077242.6774537791
2024-03-05,1067662.5063943397
2024-03-06,1072635.7356357533
2024-03-07,1080225.4407847049
2024-03-08,1070452.9699076246
2024-03-11,1065665.4963983267
2024-03-12,1077913.3592630122
2024-03-13,1074174.266078081
2024-03-14,1067433.1500784406
2024-03-15,1056776.249054396
2024-03-18,1061829.2606472867
2024-03-19,1067066.1171529994
2024-03-20,1076302.2222857352
2024-03-21,1086502.0429744904
2024-03-22,1079382.020975135
2024-03-25,1075561.7311701297
2024-03-26,1075940.0829170842
2024-03-27,1087251.7943559394
2024-03-28,1087677.4588090589
2024-04-01,1080255.1014666099
2024-04-02,1071179.8670322374
2024-04-03,1073006.1393740787
2024-04-04,1058048.649021098
2024-04-05,1067226.13408675
2024-04-08,1068146.7322724133
2024-04-09,1069257.1961453808
2024-04-10,1056583.8648621545
2024-04-11,1060819.5635930982
2024-04-12,1046659.1512797121
2024-04-15,1039147.9408744065
2024-04-16,1035649.7325361709
2024-04-17,1032226.5228715886
2024-04-18,1027624.4022058018
2024-04-19,1023721.5949756897
2024-04-22,1032706.4452759842
2024-04-23,1046193.9921111197
2024-04-24,1047403.8883769535
2024-04-25,1042106.1681399802
2024-04-26,1051274.7206743767
2024-04-29,1055590.149390303
2024-04-30,1046721.6530170799
2024-05-01,1041441.5225755414
2024-05-02,1045321.4268837007
2024-05-03,1051867.3008808417
2024-05-06,1064214.2454301096
2024-05-07,1069428.8352009028
2024-05-08,1067222.965949321
2024-05-09,1074158.7376564306
2024-05-10,1079024.91644005
2024-05-13,1076284.6186482152
2024-05-14,1081643.6214276296
2024-05-15,1096827.7794782247
2024-05-16,1093003.1611639846
2024-05-17,1095558.5885680818
2024-05-20,1096069.7197659614
2024-05-21,1099887.7846555363
2024-05-22,1095875.1659937196
2024-05-23,1084805.0019935607
2024-05-24,1089529.9924250229
2024-05-28,1085221.6305398513
2024-05-29,1075752.344906274
2024-05-30,1074872.2364775704
2024-05-31,1083005.2267983241
2024-06-03,1083187.0496230465
2024-06-04,1086987.812255449
2024-06-05,1096954.4369774708
2024-06-06,1097991.6569902317
2024-06-07,1097968.8083432666
2024-06-10,1099173.2328770934
2024-06-11,1096415.3498623685
2024-06-12,1104205.8749476566
2024-06-13,1107779.649020457
2024-06-14,1113018.311261027
2024-06-17,1122485.0845191714
2024-06-18,1127754.3922143197
2024-06-20,1123693.2081538
2024-06-21,1123176.6662470493
2024-06-24,1123692.786675939
2024-06-25,1122592.9566130836
2024-06-26,1121962.9786685926
2024-06-27,1118406.4347849805
2024-06-28,1119884.4132396136
2024-07-01,1118032.8377247872
2024-07-02,1125502.9082490618
2024-07-03,1130184.3380259739
2024-07-05,1137753.419224129
2024-07-08,1138119.6576747543
2024-07-09,1139658.4845944832
2024-07-10,1148571.4667958252
2024-07-11,1143463.6914419879
2024-07-12,1151468.5891268698
2024-07-15,1154954.1122037233
2024-07-16,1165002.2081381478
2024-07-17,1153919.2388407683
2024-07-18,1136188.39346083
2024-07-19,1132439.5846957231
2024-07-22,1144625.9817404174
2024-07-23,1145350.0290784303
2024-07-24,1125228.4869678628
2024-07-25,1120100.5750650913
2024-07-26,1131830.7658740531
2024-07-29,1134052.15693222
2024-07-30,1132088.112065
2024-07-31,1149789.7509538732
2024-08-01,1139167.5746643138
2024-08-02,1121068.115969407
2024-08-05,1091519.7105061382
2024-08-06,1102751.4990755063
2024-08-07,1093282.3819632563
2024-08-08,1123305.5206292944
2024-08-09,1131279.090697386
2024-08-12,1128340.5994525503
2024-08-13,1145157.3865940475
2024-08-14,1151007.7639628795
2024-08-15,1167698.7301463203
2024-08-16,1169003.106321059
2024-08-19,1175890.6748791581
2024-08-20,1177911.572004438
2024-08-21,1180504.7172607447
2024-08-22,1174091.722176629
2024-08-23,1185733.5122181496
2024-08-26,1184229.1918525547
2024-08-27,1190230.5956714156
2024-08-28,1183791.7056283453
2024-08-29,1187101.1495238286
2024-08-30,1198137.5746921923
2024-09-03,1177191.9465728768
2024-09-04,1180643.0131409338
2024-09-05,1171463.8932631402
2024-09-06,1156186.5164426297
2024-09-09,1171805.0060501946
2024-09-10,1174549.5292384112
2024-09-11,1182210.826036509
2024-09-12,1189808.2217254208
2024-09-13,1190009.6323827743
2024-09-16,1192037.6421500535
2024-09-17,1188902.2003642854
2024-09-18,1185521.3705821438
2024-09-19,1204626.2338586776
2024-09-20,1203628.1899399052
2024-09-23,1209759.3006258495
2024-09-24,1210110.3785913277
2024-09-25,1206887.054135428
2024-09-26,1215254.0468105942
2024-09-27,1210756.158209933
2024-09-30,1215286.302297757
2024-10-01,1207864.8468528278
2024-10-02,1210505.8837033862
2024-10-03,1203932.299862402
2024-10-04,1211454.7266864483
2024-10-07,1202548.6754713089
2024-10-08,1212413.7574440583
2024-10-09,1222087.4560364387
2024-10-10,1215448.290429877
2024-10-11,1225538.7628444356
2024-10-14,1234564.7445389668
2024-10-15,1230845.4958760955
2024-10-16,1237390.758374252
2024-10-17,1236196.8896500275
2024-10-18,1242115.6889794352
2024-10-21,1232788.0960452338
2024-10-22,1228802.6688889056
2024-10-23,1219142.0990469956
2024-10-24,1219238.66578906
2024-10-25,1215182.4940965588
2024-10-28,1219601.4495547593
2024-10-29,1217992.851210445
2024-10-30,1208243.444506034
2024-10-31,1192561.9921031434
2024-11-01,1196570.13596899
2024-11-04,1193203.0410157233
2024-11-05,1206912.4381686922
2024-11-06,1235762.9280925111
2024-11-07,1240996.195403042
2024-11-08,1254058.5499598726
2024-11-11,1261521.612209363
2024-11-12,1252049.5389957076
2024-11-13,1247828.9254205353
2024-11-14,1237853.1987142863
2024-11-15,1222712.637285294
2024-11-18,1225752.0605878353
2024-11-19,1224510.4037391965
2024-11-20,1224374.137973261
2024-11-21,1235435.1541912556
2024-11-22,1243849.285777365
2024-11-25,1247283.17078049
2024-11-26,1252302.460955722
2024-11-27,1247625.4824899684
2024-11-29,1255926.1275975162
2024-12-02,1254618.0783485186
2024-12-03,1256732.1825490056
2024-12-04,1263213.814255944
2024-12-05,1260283.9705665966
2024-12-06,1268204.819386231
2024-12-09,1259854.951585395
2024-12-10,1257874.8404847255
2024-12-11,1265679.785740983
2024-12-12,1248133.4429374882
2024-12-13,1251751.3515520154
2024-12-16,1257492.1806871672
2024-12-17,1251496.554498919
2024-12-18,1214304.1951260085
2024-12-19,1206253.5796203765
2024-12-20,1219022.596595029
2024-12-23,1227469.3882602507
2024-12-24,1242468.9061255364
2024-12-26,1242424.7279962918
2024-12-27,1229980.259112524
2024-12-30,1213956.6039551378
2024-12-31,1210086.6408336258
2025-01-02,1205613.9049382352
2025-01-03,1216708.9836867463
2025-01-06,1217335.1859289252
2025-01-07,1207145.532490805
2025-01-08,1211099.06859452
2025-01-10,1195349.4744400305
2025-01-13,1200180.1623952084
2025-01-14,1200136.8580541841
2025-01-15,1228968.4778463233
2025-01-16,1230432.50263077
2025-01-17,1240385.785428642
2025-01-21,1258602.281581315
2025-01-22,1258976.953063424
2025-01-23,1267058.4263173328
2025-01-24,1263082.134433316
2025-01-27,1260952.9491936932
2025-01-28,1256960.5457073294
2025-01-29,1254225.1983394462
2025-01-30,1274711.7910951395
2025-01-31,1268058.9366748778
2025-02-03,1257845.1504868544
2025-02-04,1262813.025059726
2025-02-05,1268971.2665690882
2025-02-06,1273353.548956777
2025-02-07,1261708.3453406869
2025-02-10,1268007.983454939
2025-02-11,1265827.5761730536
2025-02-12,1260451.0051844078
2025-02-13,1267598.2425777218
2025-02-14,1263430.6211776433
2025-02-18,1269234.0879236432
2025-02-19,1273561.2772484347
2025-02-20,1265751.2206334625
2025-02-21,1247713.708489515
2025-02-24,1243480.813574526
2025-02-25,1246439.551980096
2025-02-26,1242802.3949875128
2025-02-27,1229560.2975007868
2025-02-28,1251264.3668608963
2025-03-03,1238646.9158703804
2025-03-04,1218152.073399451
2025-03-05,1235345.8218228156
2025-03-06,1213191.788548334
2025-03-07,1207727.881853204
2025-03-10,1170645.550617549
2025-03-11,1158785.7896778404
2025-03-12,1160847.202398852
2025-03-13,1136963.1435575932
2025-03-14,1158785.9635006296
2025-03-17,1169579.2690761518
2025-03-18,1160678.9702028674
2025-03-19,1171526.1550912727
2025-03-20,1170713.8741757302
2025-03-21,1166863.849706314
2025-03-24,1188987.515396101
2025-03-25,1191440.8298728503
2025-03-26,1181199.1138209137
2025-03-27,1178341.2938692654
2025-03-28,1156362.2170589264
2025-03-31,1165469.3955242345
2025-04-01,1164944.1990864263
2025-04-02,1177694.0863921638
2025-04-03,1127018.5402047415
2025-04-04,1055771.8911738778
2025-04-07,1048456.2678728339
2025-04-08,1034661.7393316824
2025-04-09,1125555.9253921339
2025-04-10,1086436.438826499
2025-04-11,1102857.6704899417
2025-04-14,1116109.1521391291
2025-04-15,1114030.4724337736
2025-04-16,1094620.5838597105
2025-04-17,1112297.9752243431
2025-04-21,1087611.9004399935
2025-04-22,1113915.375326605
2025-04-23,1124002.297032483
2025-04-24,1145530.4703504727
2025-04-25,1153774.9671532158
2025-04-28,1153701.2163267054
2025-04-29,1162134.8016285552
2025-04-30,1165513.0291734282
2025-05-01,1154066.526937779
2025-05-02,1174004.510133246
2025-05-05,1170520.6859315564
2025-05-06,1157976.3908514562
2025-05-07,1161898.925826029
2025-05-08,1166662.716232874
2025-05-09,1164463.31534948
2025-05-12,1200333.910160661
2025-05-13,1202475.384076791
2025-05-14,1198442.2900356585
2025-05-15,1211664.702729967
2025-05-16,1223640.4207666004
2025-05-19,1225668.6518186547
2025-05-20,1221709.513798556
2025-05-21,1199853.3990361956
2025-05-22,1197851.7895709898
2025-05-23,1189680.39785616
2025-05-27,1214751.8360508042
2025-05-28,1208231.804682998
2025-05-29,1211731.5210492082
2025-05-30,1216360.6185755427
2025-06-02,1217005.5011818882
2025-06-03,1225569.7309276697
2025-06-04,1227989.313190037
2025-06-05,1217908.5839158292
2025-06-06,1225991.313261353
2025-06-09,1225976.0353931533
2025-06-10,1236123.8877008164
2025-06-11,1233051.6710138037
2025-06-12,1235810.5945332884
2025-06-13,1220406.1550682113
2025-06-16,1226903.0704920373
2025-06-17,1213816.6722301994
2025-06-18,1210096.0340287928
2025-06-20,1208086.9108460876
2025-06-23,1223388.827535444
2025-06-24,1237828.3520914
2025-06-25,1237429.8435158725
2025-06-26,1244938.3625136707
2025-06-27,1249589.5724648512
2025-06-30,1258042.3694900298
2025-07-01,1261581.7139362087
2025-07-02,1269408.1437466985
2025-07-03,1276507.831497057
2025-07-07,1263775.2270655734
2025-07-08,1261560.9682029034
2025-07-09,1265526.8004898666
2025-07-10,1273442.0664091138
2025-07-11,1267441.7435835463
2025-07-14,1271634.5413176715
2025-07-15,1253391.5966987032
2025-07-16,1262201.5328022642
2025-07-17,1264715.5613917953
2025-07-18,1264060.7853380968
2025-07-21,1262008.0954740606
2025-07-22,1261327.187050809
2025-07-23,1274300.4685572376
2025-07-24,1269639.2069740177
2025-07-25,1277868.4238064594
2025-07-28,1278336.2842591966
2025-07-29,1274816.797877528
2025-07-30,1270071.246704766
2025-07-31,1254752.9693492875
2025-08-01,1245884.3919049432
2025-08-04,1262750.4856857767
2025-08-05,1259158.328337897
2025-08-06,1264175.9447623987
2025-08-07,1251144.9638506696
2025-08-08,1259702.5456505767
2025-08-11,1260653.5403801608
2025-08-12,1278764.2760439352
2025-08-13,1286755.2569280458
2025-08-14,1289022.0675066356
2025-08-15,1283282.9617575915
2025-08-18,1285357.7723170058
2025-08-19,1283375.8082229418
2025-08-20,1284599.199699403
2025-08-21,1276563.3133081272
2025-08-22,1299117.0261599985
2025-08-25,1288927.7362881377
2025-08-26,1297488.069400718
2025-08-27,1297146.1812765892
2025-08-28,1300328.0798292516
2025-08-29,1294028.7652115538
2025-09-02,1285295.6519116266
2025-09-03,1284659.7690285149
2025-09-04,1296007.7627611472
2025-09-05,1298787.27842732
2025-09-08,1302808.6124355532
2025-09-09,1306088.7812192691
2025-09-10,1313066.7790324255
2025-09-11,1331559.001034025
2025-09-12,1328072.7922812547
2025-09-15,1328860.6399133978
2025-09-16,1333102.4587223795
2025-09-17,1339745.2630411065
2025-09-18,1342717.7549840836
2025-09-19,1343998.6440370316
2025-09-22,1347377.9974212092
2025-09-23,1341983.1624901644
2025-09-24,1336133.1170235183
2025-09-25,1326486.3387803189
2025-09-26,1331897.2010966626
2025-09-29,1335155.1727027944
2025-09-30,1340880.3244062313
2025-10-01,1350180.3357168192
2025-10-02,1351770.0457826697
2025-10-03,1358023.7247476638
2025-10-06,1366655.0778096872
2025-10-07,1357245.5021029199
2025-10-08,1362885.085867548
2025-10-09,1358464.7718338054
2025-10-10,1327233.6372346634
2025-10-13,1348294.1251077538
2025-10-14,1356636.3525732157
2025-10-15,1363769.077169785
2025-10-16,1353807.9341822597
2025-10-17,1358794.9601687659
2025-10-20,1370425.3000801837
2025-10-21,1367023.2725350738
2025-10-22,1369757.8985710377
2025-10-23,1380295.826682451
2025-10-24,1390403.3383431467
2025-10-27,1399083.5428714755
2025-10-28,1394223.711394075
2025-10-29,1388192.0292573215
2025-10-30,1386900.042605466
2025-10-31,1387098.9380309833
2025-11-03,1388960.6861319111
2025-11-04,1378874.5209460463
2025-11-05,1393617.734879562
2025-11-06,1383157.960847525
2025-11-07,1380898.259306925
2025-11-10,1398913.9429261507
2025-11-11,1405594.0345965982
2025-11-12,1415493.4006867702
2025-11-13,1392170.9202307195
2025-11-14,1386229.5219004676
2025-11-17,1368657.0788916245
2025-11-18,1358859.4342804556
2025-11-19,1366403.4157908815
2025-11-20,1346588.541040362
2025-11-21,1363484.368900048
2025-11-24,1378994.0975679005
2025-11-25,1398037.8513795298
2025-11-26,1407745.6651490417
2025-11-28,1412696.3132026282
2025-12-01,1399438.192768938
2025-12-02,1400920.923413252
2025-12-03,1415953.1017123032
2025-12-04,1409200.500359268
2025-12-05,1418008.833156217
2025-12-08,1410986.6904971949
2025-12-09,1412616.90923138
2025-12-10,1427761.1246025688
2025-12-11,1438874.2448283834
2025-12-12,1427570.0190579975
2025-12-15,1428998.4971750851
2025-12-16,1422216.1243183392
2025-12-17,1406649.3052807795
2025-12-18,1416983.1242910887
2025-12-19,1430990.521731989
2025-12-22,1444614.3901061844
2025-12-23,1445322.375244778
2025-12-24,1453724.636567426
2025-12-26,1452406.9559752687
2025-12-29,1448482.8160688647
2025-12-30,1444655.7350292492
2025-12-31,1432636.8718468565
2026-01-02,1449097.3726343692
2026-01-05,1463509.2466073625
2026-01-06,1482249.169559901
2026-01-07,1470053.3197281798
2026-01-08,1475387.439668389
2026-01-09,1486776.7754747018
2026-01-12,1490847.2828037068
2026-01-13,1484595.4998139027
2026-01-14,1483786.6024186849
2026-01-15,1493882.765241391
2026-01-16,1499251.7944198083
2026-01-20,1471153.4526087225
2026-01-21,1498027.0582432165
2026-01-22,1507918.9486008328
2026-01-23,1495045.273167214
2026-01-26,1496889.1540700952
2026-01-27,1495823.4266186368
2026-01-28,1498763.4648546632
2026-01-29,1504115.8350756273
2026-01-30,1496172.739881719
2026-02-02,1516534.5682561502
2026-02-03,1497026.2549124332
2026-02-04,1489593.7140686507
2026-02-05,1465336.8951983345
2026-02-06,1493758.7838297426
2026-02-09,1498976.465425257
2026-02-10,1494371.5136140091
2026-02-11,1501332.6098662885
2026-02-12,1488362.8844360646
2026-02-13,1492460.8906229937
2026-02-17,1488052.4206590902
2026-02-18,1495816.676446533
2026-02-19,1489746.8261054165
2026-02-20,1496890.9179810123
2026-02-23,1481004.1721671424
2026-02-24,1490161.8215465671
2026-02-25,1496495.3479638116
2026-02-26,1488493.330977722
2026-02-27,1481125.6538078694
2026-03-02,1475457.5594637794
2026-03-03,1456382.605888676
2026-03-04,1466643.9255797775
2026-03-05,1446639.391730843
2026-03-06,1424027.5864107867
2026-03-09,1439257.0197074385
2026-03-10,1437825.1113606596
2026-03-11,1434958.0959255144
2026-03-12,1409274.9008036798
2026-03-13,1406796.5404112178
2026-03-16,1421092.7609634215
2026-03-17,1422606.2240104605
2026-03-18,1403806.9614679986
2026-03-19,1398532.2846662987
2026-03-20,1382697.415199616
2026-03-23,1391151.9957436167
2026-03-24,1388062.172934142
2026-03-25,1395318.0760227514
2026-03-26,1374688.3893014393
2026-03-27,1349537.2393677821
2026-03-30,1342488.1849219762
2026-03-31,1377983.687906036
