,equity_sac_baseline
2024-01-02,1000000.0
2024-01-03,997859.5629141517
2024-01-04,997393.6997177578
2024-01-05,998805.6572641159
2024-01-08,1007910.2036073109
2024-01-09,1006617.966294994
2024-01-10,1008353.7653062245
2024-01-11,1006722.3986756703
2024-01-12,1004235.9775140187
2024-01-16,997279.49620985
2024-01-17,992246.0003983876
2024-01-18,997622.3152520558
2024-01-19,1010360.7926766773
2024-01-22,1010414.2797868153
2024-01-23,1012260.5314042469
2024-01-24,1011162.406453838
2024-01-25,1011024.7299592396
2024-01-26,1015945.9752519032
2024-01-29,1025328.5533082386
2024-01-30,1028672.6028382679
2024-01-31,1015664.2130029103
2024-02-01,1028741.8848321339
2024-02-02,1034917.8182999989
2024-02-05,1035983.2155244251
2024-02-06,1038124.1030557057
2024-02-07,1044384.4094941517
2024-02-08,1048937.250089397
2024-02-09,1050430.5427529712
2024-02-12,1049930.051751842
2024-02-13,1036598.1033570667
2024-02-14,1050246.4445397754
2024-02-15,1057536.9537598987
2024-02-16,1057352.2697312732
2024-02-20,1046759.3919465443
2024-02-21,1047236.4723451039
2024-02-22,1067489.9513451953
2024-02-23,1062689.6717927356
2024-02-26,1062722.030355205
2024-02-27,1062201.921773662
2024-02-28,1059793.3030221362
2024-02-29,1061302.0170075793
2024-03-01,1071598.6850335498
2024-03-04,1069024.0632913013
2024-03-05,1055538.7314469714
2024-03-06,1061572.660119762
2024-03-07,1068042.2868058581
2024-03-08,1063874.7750222583
2024-03-11,1059403.3436715503
2024-03-12,1068158.642930736
2024-03-13,1065721.7135064502
2024-03-14,1059614.8161218066
2024-03-15,1048617.662564983
2024-03-18,1055168.6499955554
2024-03-19,1061344.5300233264
2024-03-20,1067739.546231975
2024-03-21,1073216.2289483447
2024-03-22,1067817.9931771655
2024-03-25,1066003.0621926684
2024-03-26,1066525.9601838489
2024-03-27,1079675.692414989
2024-03-28,1080159.0448510547
2024-04-01,1071705.4137208362
2024-04-02,1060927.8236215014
2024-04-03,1063447.7241456409
2024-04-04,1050061.2016427417
2024-04-05,1063458.3849007983
2024-04-08,1065839.1595208545
2024-04-09,1065331.8411385913
2024-04-10,1053160.876096477
2024-04-11,1055002.1057183642
2024-04-12,1038904.0037743946
2024-04-15,1029702.1182649037
2024-04-16,1029821.1694352528
2024-04-17,1027972.7880914112
2024-04-18,1023683.5149743458
2024-04-19,1021528.8669030567
2024-04-22,1028798.045465221
2024-04-23,1050149.9192368884
2024-04-24,1051417.538823833
2024-04-25,1045510.7448136708
2024-04-26,1049645.9091126819
2024-04-29,1059582.4135682483
2024-04-30,1049849.5359971423
2024-05-01,1041848.2981393238
2024-05-02,1044173.1668679615
2024-05-03,1051931.6659638782
2024-05-06,1063131.08731245
2024-05-07,1066711.1081254382
2024-05-08,1066361.9052750964
2024-05-09,1069301.0097710986
2024-05-10,1070283.439290752
2024-05-13,1066260.1511704822
2024-05-14,1074337.9983689685
2024-05-15,1088645.3681809802
2024-05-16,1083683.0156457324
2024-05-17,1087137.8703439136
2024-05-20,1089630.348664989
2024-05-21,1095237.8151872058
2024-05-22,1092964.9822823901
2024-05-23,1078957.2774255176
2024-05-24,1069723.6396462817
2024-05-28,1062975.451879253
2024-05-29,1053249.2199876208
2024-05-30,1046537.7290398976
2024-05-31,1059238.0607278247
2024-06-03,1057353.4034135242
2024-06-04,1060543.793485393
2024-06-05,1066719.401738872
2024-06-06,1069990.46905302
2024-06-07,1071604.2013757129
2024-06-10,1073085.1613595386
2024-06-11,1065892.2342584033
2024-06-12,1073038.2827737231
2024-06-13,1070860.7963235278
2024-06-14,1068509.7841470141
2024-06-17,1076855.7125604053
2024-06-18,1080327.7526795764
2024-06-20,1083968.8063027759
2024-06-21,1089289.6700379748
2024-06-24,1093090.6080796618
2024-06-25,1093702.4773881335
2024-06-26,1096600.4486939807
2024-06-27,1099844.1816689868
2024-06-28,1099780.8072869678
2024-07-01,1099334.6730782886
2024-07-02,1106960.3969476123
2024-07-03,1106536.817792644
2024-07-05,1114313.5483033557
2024-07-08,1113999.5803010364
2024-07-09,1114873.6609055896
2024-07-10,1118929.7201592822
2024-07-11,1114423.4471719165
2024-07-12,1124550.7902009387
2024-07-15,1130833.0097596545
2024-07-16,1142295.9213693042
2024-07-17,1133000.9716088672
2024-07-18,1110365.7208573718
2024-07-19,1105542.1070840259
2024-07-22,1115454.0493142505
2024-07-23,1117340.4458138843
2024-07-24,1099199.3033463855
2024-07-25,1101179.8150651355
2024-07-26,1109676.9377992053
2024-07-29,1112498.6083238025
2024-07-30,1108542.7920892138
2024-07-31,1118868.3203332324
2024-08-01,1109782.826513042
2024-08-02,1082522.8260896106
2024-08-05,1053169.816556682
2024-08-06,1063240.0062158008
2024-08-07,1052922.2173554797
2024-08-08,1084054.6356332202
2024-08-09,1091475.2649247546
2024-08-12,1088097.4222009082
2024-08-13,1109758.0977876086
2024-08-14,1112159.7926309009
2024-08-15,1130098.482900371
2024-08-16,1130698.2198159595
2024-08-19,1139960.2355630298
2024-08-20,1144070.8184411426
2024-08-21,1148135.8425996203
2024-08-22,1140925.578149547
2024-08-23,1141098.5907037158
2024-08-26,1138701.518914928
2024-08-27,1142502.2943894763
2024-08-28,1137393.8995759387
2024-08-29,1141611.5940377612
2024-08-30,1154923.5507790942
2024-09-03,1140070.6329438586
2024-09-04,1141940.1108796496
2024-09-05,1133122.260408153
2024-09-06,1118696.53804182
2024-09-09,1135016.0502297778
2024-09-10,1139370.0243356128
2024-09-11,1145158.9643075366
2024-09-12,1150088.2122895618
2024-09-13,1156820.6402871509
2024-09-16,1158526.7484795947
2024-09-17,1155642.9758279223
2024-09-18,1151503.7691590686
2024-09-19,1168486.4791428943
2024-09-20,1164825.9365327258
2024-09-23,1169053.0624291797
2024-09-24,1168710.5827424426
2024-09-25,1160781.2081811328
2024-09-26,1164527.8883874316
2024-09-27,1159287.8236482043
2024-09-30,1162849.7113129993
2024-10-01,1153239.7044312854
2024-10-02,1152848.3764817615
2024-10-03,1143801.6401383777
2024-10-04,1155689.9519364734
2024-10-07,1148408.725896587
2024-10-08,1154554.334375133
2024-10-09,1164473.3705880542
2024-10-10,1158496.1757028003
2024-10-11,1164162.6203858752
2024-10-14,1167178.680608501
2024-10-15,1156040.9288651843
2024-10-16,1158867.1519601245
2024-10-17,1159784.3418748279
2024-10-18,1160420.3851487536
2024-10-21,1153054.6705186267
2024-10-22,1153060.93440031
2024-10-23,1146386.2537286181
2024-10-24,1151154.7186982532
2024-10-25,1149999.038671245
2024-10-28,1151317.4888780017
2024-10-29,1154755.9442994494
2024-10-30,1148845.442239513
2024-10-31,1143917.3951203723
2024-11-01,1150578.121724834
2024-11-04,1143287.8263947864
2024-11-05,1153655.4931161304
2024-11-06,1179889.4597299
2024-11-07,1188289.3203828235
2024-11-08,1202864.7024667163
2024-11-11,1207928.7846238513
2024-11-12,1192244.7601754565
2024-11-13,1192005.5047204394
2024-11-14,1179431.585561504
2024-11-15,1162578.9204499621
2024-11-18,1165793.2568261523
2024-11-19,1157148.6601655383
2024-11-20,1164921.451738109
2024-11-21,1180906.2285058398
2024-11-22,1180342.3427903552
2024-11-25,1183031.3801476855
2024-11-26,1192023.163030376
2024-11-27,1191231.5459535022
2024-11-29,1199261.8612763782
2024-12-02,1199491.3321359057
2024-12-03,1197903.0916764636
2024-12-04,1205168.4870240588
2024-12-05,1200725.1843278308
2024-12-06,1204567.383645763
2024-12-09,1195085.314466228
2024-12-10,1197439.8456704516
2024-12-11,1206609.2587563891
2024-12-12,1199638.8638436694
2024-12-13,1198952.8273980517
2024-12-16,1201764.7929093738
2024-12-17,1204281.5967652698
2024-12-18,1165580.6520745654
2024-12-19,1162887.4711053271
2024-12-20,1172368.696244945
2024-12-23,1180871.9359834094
2024-12-24,1195992.1027581592
2024-12-26,1193836.7805306811
2024-12-27,1181353.0413262744
2024-12-30,1165843.12397932
2024-12-31,1162874.5552117724
2025-01-02,1157075.127118816
2025-01-03,1173878.5642945666
2025-01-06,1171758.10759901
2025-01-07,1165351.664354076
2025-01-08,1170067.4224259753
2025-01-10,1157761.9019715686
2025-01-13,1164568.9405801196
2025-01-14,1161956.904435863
2025-01-15,1176752.7493722339
2025-01-16,1174808.9462411304
2025-01-17,1178503.1926095386
2025-01-21,1188739.6886155505
2025-01-22,1187251.614377727
2025-01-23,1199465.7805611987
2025-01-24,1197151.2135102649
2025-01-27,1207285.9753091235
2025-01-28,1200497.3822877307
2025-01-29,1194587.3462541003
2025-01-30,1214153.6643502612
2025-01-31,1209687.0666081805
2025-02-03,1203629.402860393
2025-02-04,1204993.7949426074
2025-02-05,1207391.9809491534
2025-02-06,1214613.4584023852
2025-02-07,1204626.1258294482
2025-02-10,1203969.4112069507
2025-02-11,1202284.7060143847
2025-02-12,1205105.0113885303
2025-02-13,1212780.344331493
2025-02-14,1210990.8893067737
2025-02-18,1214263.6279885669
2025-02-19,1222447.7019517322
2025-02-20,1220709.510156383
2025-02-21,1205474.3156831164
2025-02-24,1207842.0524766345
2025-02-25,1202682.812650432
2025-02-26,1212600.7407815356
2025-02-27,1199457.1545922656
2025-02-28,1219585.115072002
2025-03-03,1208497.6751496692
2025-03-04,1188442.0151574512
2025-03-05,1203846.6258103747
2025-03-06,1184838.3624055285
2025-03-07,1184334.7307031055
2025-03-10,1149579.7275292773
2025-03-11,1142482.2829987903
2025-03-12,1148017.7324311633
2025-03-13,1133722.7744653125
2025-03-14,1155667.4761559863
2025-03-17,1164519.3583466907
2025-03-18,1155950.7115571399
2025-03-19,1168661.5600716968
2025-03-20,1166252.9859025378
2025-03-21,1167392.0726678271
2025-03-24,1190897.1235215564
2025-03-25,1191083.2059876819
2025-03-26,1181449.2322404284
2025-03-27,1179005.3943116565
2025-03-28,1160951.7880113025
2025-03-31,1171327.7463242908
2025-04-01,1167976.4264390368
2025-04-02,1175408.7661569018
2025-04-03,1128216.1120774646
2025-04-04,1054400.2377984424
2025-04-07,1048575.253650417
2025-04-08,1029713.0667130848
2025-04-09,1115398.0935685534
2025-04-10,1074143.078691234
2025-04-11,1089836.3475224872
2025-04-14,1103984.8447816272
2025-04-15,1103211.753164043
2025-04-16,1084411.2064721484
2025-04-17,1095058.8338086505
2025-04-21,1070908.4835145373
2025-04-22,1097437.286542644
2025-04-23,1117509.0617883105
2025-04-24,1138185.1408860583
2025-04-25,1151088.0235459704
2025-04-28,1153593.6230504413
2025-04-29,1160435.3997380633
2025-04-30,1165703.397454967
2025-05-01,1147183.8464848895
2025-05-02,1167560.5622842212
2025-05-05,1162707.3382966418
2025-05-06,1143624.0963227649
2025-05-07,1153835.4413850207
2025-05-08,1158471.8441598315
2025-05-09,1153940.4761521716
2025-05-12,1187619.4625909228
2025-05-13,1186921.7243401904
2025-05-14,1174749.4775178332
2025-05-15,1188104.4043023486
2025-05-16,1203049.622895946
2025-05-19,1206172.036821117
2025-05-20,1204164.11049818
2025-05-21,1180446.5429170032
2025-05-22,1179881.4008538623
2025-05-23,1188911.2792184253
2025-05-27,1217512.879285564
2025-05-28,1212719.5208985705
2025-05-29,1218713.6718728442
2025-05-30,1219183.849294414
2025-06-02,1226338.5295770068
2025-06-03,1230804.6071145434
2025-06-04,1231277.8837258716
2025-06-05,1222049.8525292773
2025-06-06,1236936.1537949939
2025-06-09,1241151.394002666
2025-06-10,1249601.9075143237
2025-06-11,1254183.8361451526
2025-06-12,1253198.2703835864
2025-06-13,1238651.8734681506
2025-06-16,1248064.573865642
2025-06-17,1234442.1627595325
2025-06-18,1229639.003804912
2025-06-20,1229363.5144860644
2025-06-23,1239857.6011178393
2025-06-24,1249605.3915994067
2025-06-25,1245743.6025483508
2025-06-26,1255980.9511887927
2025-06-27,1259394.1200806994
2025-06-30,1264750.7036263843
2025-07-01,1263126.3641984363
2025-07-02,1266725.4644257922
2025-07-03,1274504.9727265735
2025-07-07,1266512.3183762927
2025-07-08,1265115.5738618274
2025-07-09,1265538.49715208
2025-07-10,1272276.6734979053
2025-07-11,1268751.6437203784
2025-07-14,1272681.988092174
2025-07-15,1258985.9344842334
2025-07-16,1267821.7650620837
2025-07-17,1263057.4586617847
2025-07-18,1263692.9560830493
2025-07-21,1262000.396863689
2025-07-22,1266531.5682427783
2025-07-23,1279395.395173778
2025-07-24,1272130.2308823962
2025-07-25,1279939.3276231189
2025-07-28,1283731.146239986
2025-07-29,1276543.6320187945
2025-07-30,1273090.5936887164
2025-07-31,1251028.3435513873
2025-08-01,1238909.9918515582
2025-08-04,1250829.1809060473
2025-08-05,1246596.630073299
2025-08-06,1247602.2415845294
2025-08-07,1229169.7132203479
2025-08-08,1232740.746030559
2025-08-11,1222727.0818993945
2025-08-12,1235529.46265768
2025-08-13,1243221.1485173602
2025-08-14,1245975.299054851
2025-08-15,1250652.0002114673
2025-08-18,1251846.2313096423
2025-08-19,1247459.7089612384
2025-08-20,1250650.317031612
2025-08-21,1247600.1591966052
2025-08-22,1256077.4533936877
2025-08-25,1244890.4128491778
2025-08-26,1256646.865689983
2025-08-27,1256075.9544503589
2025-08-28,1259086.4359033008
2025-08-29,1255923.672971477
2025-09-02,1250284.4995953937
2025-09-03,1247496.947776546
2025-09-04,1253908.3775555987
2025-09-05,1249248.5041253467
2025-09-08,1251050.7118337054
2025-09-09,1256087.8679292102
2025-09-10,1250569.8462273974
2025-09-11,1265066.8388478656
2025-09-12,1258701.168227901
2025-09-15,1261336.242168178
2025-09-16,1267710.5540501971
2025-09-17,1277030.4115540881
2025-09-18,1279937.8336121936
2025-09-19,1285404.1925713916
2025-09-22,1290032.9557340045
2025-09-23,1288718.0705945392
2025-09-24,1286315.8698995013
2025-09-25,1275376.826129665
2025-09-26,1287051.7584473987
2025-09-29,1284939.9384343524
2025-09-30,1292649.4486939807
2025-10-01,1314486.3851678271
2025-10-02,1307661.8678071399
2025-10-03,1309552.2735288043
2025-10-06,1316753.3693005939
2025-10-07,1309530.780261745
2025-10-08,1310509.600366344
2025-10-09,1304736.406333675
2025-10-10,1278257.922517528
2025-10-13,1292218.8567639005
2025-10-14,1295417.7591400754
2025-10-15,1296215.5477390897
2025-10-16,1284307.2131081235
2025-10-17,1297931.529199661
2025-10-20,1310535.155769409
2025-10-21,1317222.0175934446
2025-10-22,1310842.8876019132
2025-10-23,1318853.766939224
2025-10-24,1326608.8180199277
2025-10-27,1337192.6395474088
2025-10-28,1328129.7307358396
2025-10-29,1314546.9141979825
2025-10-30,1308901.0545311582
2025-10-31,1318756.0681954038
2025-11-03,1325900.4054394376
2025-11-04,1315959.469057144
2025-11-05,1326802.6697941434
2025-11-06,1320511.4518814695
2025-11-07,1317190.2203369748
2025-11-10,1333571.854457916
2025-11-11,1345822.7955608976
2025-11-12,1357876.2559509885
2025-11-13,1339919.9711132657
2025-11-14,1339349.4839192044
2025-11-17,1320464.4320011747
2025-11-18,1318636.7348366391
2025-11-19,1320057.559940399
2025-11-20,1300692.93092543
2025-11-21,1323144.2155762326
2025-11-24,1332898.3740883481
2025-11-25,1349903.575243057
2025-11-26,1347052.041389526
2025-11-28,1349533.5847092282
2025-12-01,1337566.4738731992
2025-12-02,1341815.0560093534
2025-12-03,1352710.4727917325
2025-12-04,1351883.8649826657
2025-12-05,1352720.7909432065
2025-12-08,1339505.2040482175
2025-12-09,1336217.2991047513
2025-12-10,1351782.9451141965
2025-12-11,1363802.5280571592
2025-12-12,1367156.6540451657
2025-12-15,1376513.1838341367
2025-12-16,1373992.386030258
2025-12-17,1360679.5066357267
2025-12-18,1372034.128469528
2025-12-19,1382461.6062546384
2025-12-22,1395631.138126434
2025-12-23,1397548.1721954953
2025-12-24,1402393.7165508878
2025-12-26,1398370.653116287
2025-12-29,1393177.6566315305
2025-12-30,1389418.677856506
2025-12-31,1377641.1197758329
2026-01-02,1376883.2155590665
2026-01-05,1384757.305471481
2026-01-06,1396887.2454777372
2026-01-07,1399737.3887043607
2026-01-08,1398756.9420433652
2026-01-09,1401236.8624477994
2026-01-12,1399683.506292404
2026-01-13,1387487.098270477
2026-01-14,1378921.7741947782
2026-01-15,1372002.5051785123
2026-01-16,1372540.847301544
2026-01-20,1348724.7896996152
2026-01-21,1374704.6918640744
2026-01-22,1381541.9186058652
2026-01-23,1379793.5436287534
2026-01-26,1381258.2214356076
2026-01-27,1376831.9028473508
2026-01-28,1367323.3389320981
2026-01-29,1360230.3655872953
2026-01-30,1360276.4536057126
2026-02-02,1369109.5428467405
2026-02-03,1339746.6222515714
2026-02-04,1350363.039802612
2026-02-05,1325999.6442127835
2026-02-06,1354015.5051746976
2026-02-09,1344986.3994331968
2026-02-10,1337677.4377213132
2026-02-11,1331572.4711647641
2026-02-12,1318730.5077896726
2026-02-13,1321825.14907843
2026-02-17,1316121.626949371
2026-02-18,1321696.3726368558
2026-02-19,1317474.6511440885
2026-02-20,1320333.7145424497
2026-02-23,1303285.5479565274
2026-02-24,1309286.4611092221
2026-02-25,1319901.343292297
2026-02-26,1319047.781141342
2026-02-27,1324688.9223595273
2026-03-02,1318597.0684509885
2026-03-03,1306380.660966934
2026-03-04,1319077.7928200376
2026-03-05,1313241.9787541043
2026-03-06,1304543.7033386838
2026-03-09,1309326.3178825986
2026-03-10,1300033.8530235898
2026-03-11,1295045.4338570249
2026-03-12,1271321.1140747678
2026-03-13,1270109.296833099
2026-03-16,1282608.6290093076
2026-03-17,1281207.5012417447
2026-03-18,1258321.6604767453
2026-03-19,1254409.529041351
2026-03-20,1242368.2607002866
2026-03-23,1256310.0912304532
2026-03-24,1251419.8299351346
2026-03-25,1257243.2521553647
2026-03-26,1243247.715566696
2026-03-27,1218962.7591686856
2026-03-30,1221441.310979904
2026-03-31,1250477.371570648
