,equity_ppo_ac
2024-01-02,1000000.0
2024-01-03,999260.0260521274
2024-01-04,998657.7903566314
2024-01-05,998611.533987795
2024-01-08,1003361.144475158
2024-01-09,1003209.0608753318
2024-01-10,1004785.1968286666
2024-01-11,1005722.1979426914
2024-01-12,1006104.8352622124
2024-01-16,1010597.5503254796
2024-01-17,1008544.3779828011
2024-01-18,1020871.5213514443
2024-01-19,1039323.4448182418
2024-01-22,1048524.8334761907
2024-01-23,1052729.59193767
2024-01-24,1065372.7634379214
2024-01-25,1071279.6645105395
2024-01-26,1054492.3247560798
2024-01-29,1065749.483692589
2024-01-30,1059683.6893066263
2024-01-31,1044896.3071949075
2024-02-01,1056337.577438129
2024-02-02,1065439.7093163237
2024-02-05,1066645.8410773815
2024-02-06,1059269.5796787832
2024-02-07,1073161.0364199646
2024-02-08,1081930.5494643163
2024-02-09,1101119.541163367
2024-02-12,1092507.000349177
2024-02-13,1071481.4597705498
2024-02-14,1091586.4055074796
2024-02-15,1093706.2868096584
2024-02-16,1088369.3500597058
2024-02-20,1076530.5816433236
2024-02-21,1069834.3635020787
2024-02-22,1108664.8313108247
2024-02-23,1102057.5713707202
2024-02-26,1110982.3104069121
2024-02-27,1111244.895375066
2024-02-28,1102634.0267601917
2024-02-29,1116341.825795809
2024-03-01,1147731.3477110933
2024-03-04,1146173.1053199174
2024-03-05,1116834.8542940777
2024-03-06,1133852.7069579589
2024-03-07,1149584.719861984
2024-03-08,1128304.1396933745
2024-03-11,1122156.1388992688
2024-03-12,1140524.0662874326
2024-03-13,1124609.830189102
2024-03-14,1116661.6878395937
2024-03-15,1104204.6263915119
2024-03-18,1107801.6341257216
2024-03-19,1105607.3254042673
2024-03-20,1122444.5257926264
2024-03-21,1141690.8133607442
2024-03-22,1135656.6368520064
2024-03-25,1129827.7348665884
2024-03-26,1125460.8526478054
2024-03-27,1132091.3495286033
2024-03-28,1132699.2653483716
2024-04-01,1139313.8493819973
2024-04-02,1112580.7709796391
2024-04-03,1114743.0188821522
2024-04-04,1091105.627232351
2024-04-05,1105025.343410344
2024-04-08,1110511.7813191977
2024-04-09,1117570.349367427
2024-04-10,1095694.9547635545
2024-04-11,1107540.6483604705
2024-04-12,1083572.2956495457
2024-04-15,1068654.2954273543
2024-04-16,1075100.9969811435
2024-04-17,1036811.5504732394
2024-04-18,1022389.8570330886
2024-04-19,1011706.8547875618
2024-04-22,1021148.8513943192
2024-04-23,1040405.6535103915
2024-04-24,1039692.9216740711
2024-04-25,1044635.5524147949
2024-04-26,1064034.4452113241
2024-04-29,1066240.918103146
2024-04-30,1043468.4318449773
2024-05-01,1024187.2713390846
2024-05-02,1036267.5144768151
2024-05-03,1060510.321661538
2024-05-06,1077001.8804292246
2024-05-07,1075994.3241798251
2024-05-08,1072733.0403945574
2024-05-09,1075432.8814503045
2024-05-10,1082508.9219208374
2024-05-13,1078384.9017288086
2024-05-14,1087307.2443260048
2024-05-15,1113556.7922418967
2024-05-16,1109158.860121732
2024-05-17,1113375.3013104573
2024-05-20,1128140.3132622887
2024-05-21,1121849.849623405
2024-05-22,1124238.3080113383
2024-05-23,1113650.5484360496
2024-05-24,1112570.0366542002
2024-05-28,1115622.5273776462
2024-05-29,1099174.5747175268
2024-05-30,1081074.336171345
2024-05-31,1084145.3067600688
2024-06-03,1091967.8110861827
2024-06-04,1090816.0623927014
2024-06-05,1126804.4516561977
2024-06-06,1124043.378004231
2024-06-07,1118530.3060693133
2024-06-10,1127789.4979658234
2024-06-11,1121657.195642295
2024-06-12,1157896.2143230278
2024-06-13,1156858.1056771716
2024-06-14,1155457.899746489
2024-06-17,1186728.2871363508
2024-06-18,1198395.2438497404
2024-06-20,1187044.7734151594
2024-06-21,1183634.7562387388
2024-06-24,1166611.226733027
2024-06-25,1184485.1330772424
2024-06-26,1183046.7279578098
2024-06-27,1184303.4782083598
2024-06-28,1192348.0789785136
2024-07-01,1190157.9066367887
2024-07-02,1202181.6151756626
2024-07-03,1208917.5671134784
2024-07-05,1216708.4021356318
2024-07-08,1222861.8516640484
2024-07-09,1215515.0843171824
2024-07-10,1234210.6346113193
2024-07-11,1215009.1938292664
2024-07-12,1232039.591000025
2024-07-15,1229981.4376571453
2024-07-16,1236846.2289743577
2024-07-17,1175731.9009826211
2024-07-18,1158677.4577268015
2024-07-19,1141544.8728914326
2024-07-22,1172229.9387434425
2024-07-23,1164881.4872808643
2024-07-24,1122917.237400629
2024-07-25,1122914.8042483092
2024-07-26,1137807.8408125453
2024-07-29,1134600.9197260104
2024-07-30,1124930.9728862187
2024-07-31,1169168.3124333315
2024-08-01,1123611.5184108824
2024-08-02,1073914.8817537047
2024-08-05,1059522.5515203401
2024-08-06,1077892.1661777047
2024-08-07,1065978.3925061228
2024-08-08,1112444.834162103
2024-08-09,1112117.434358997
2024-08-12,1113170.731660461
2024-08-13,1145251.2536141733
2024-08-14,1146770.7454356274
2024-08-15,1184187.3960181652
2024-08-16,1177872.7521107804
2024-08-19,1192324.9813560671
2024-08-20,1188838.6248219039
2024-08-21,1200574.697831299
2024-08-22,1177902.7694937328
2024-08-23,1184722.9173419026
2024-08-26,1172405.0353019582
2024-08-27,1181303.3992676958
2024-08-28,1169304.024702392
2024-08-29,1170238.4937623187
2024-08-30,1184858.2248332412
2024-09-03,1137900.9299624474
2024-09-04,1134683.1975132222
2024-09-05,1118011.0740145447
2024-09-06,1093580.3393471115
2024-09-09,1109463.2199827002
2024-09-10,1115850.8344989482
2024-09-11,1143373.8477440495
2024-09-12,1141648.3730615147
2024-09-13,1158888.1346956585
2024-09-16,1153103.7460332906
2024-09-17,1152870.238947769
2024-09-18,1139020.9900348787
2024-09-19,1176393.6766228555
2024-09-20,1160953.575439306
2024-09-23,1159815.27944037
2024-09-24,1161954.5436387404
2024-09-25,1161308.390208789
2024-09-26,1190053.5421334093
2024-09-27,1174948.0010540818
2024-09-30,1175692.14799591
2024-10-01,1149843.0923950355
2024-10-02,1160751.877856482
2024-10-03,1156549.1340703382
2024-10-04,1168923.489007061
2024-10-07,1155797.1848943152
2024-10-08,1173204.4367510485
2024-10-09,1187200.1221513422
2024-10-10,1181171.3735738161
2024-10-11,1192780.1817160358
2024-10-14,1210181.2274167587
2024-10-15,1151198.2014011324
2024-10-16,1141006.3007645537
2024-10-17,1140796.5675993648
2024-10-18,1149833.8716872558
2024-10-21,1141404.9301474798
2024-10-22,1136353.7031162356
2024-10-23,1125402.9539676378
2024-10-24,1126076.856174306
2024-10-25,1132272.7959505154
2024-10-28,1133690.947003174
2024-10-29,1151351.407349633
2024-10-30,1134549.9947861743
2024-10-31,1103094.511629947
2024-11-01,1111090.709748782
2024-11-04,1107760.2372046674
2024-11-05,1117883.9717289475
2024-11-06,1144836.060313086
2024-11-07,1165883.210681454
2024-11-08,1167291.1926035932
2024-11-11,1172399.3902095994
2024-11-12,1164400.8314240891
2024-11-13,1157733.2654873792
2024-11-14,1148322.7681961053
2024-11-15,1114788.939752954
2024-11-18,1122694.2252692657
2024-11-19,1116172.8212240594
2024-11-20,1119220.9379710627
2024-11-21,1142703.8016305494
2024-11-22,1141658.0450735851
2024-11-25,1145498.1067358903
2024-11-26,1138075.39088031
2024-11-27,1102829.318211409
2024-11-29,1113330.5955842326
2024-12-02,1129515.6164152597
2024-12-03,1131582.8026208787
2024-12-04,1145575.8649580067
2024-12-05,1135542.2271187324
2024-12-06,1139354.9053873685
2024-12-09,1138529.5901450673
2024-12-10,1126493.0431059524
2024-12-11,1143461.0756604844
2024-12-12,1139892.1970672135
2024-12-13,1130192.4287692285
2024-12-16,1137900.2870055418
2024-12-17,1138187.9713930516
2024-12-18,1101304.1606263935
2024-12-19,1088545.8426244264
2024-12-20,1098618.062662478
2024-12-23,1108886.4193110396
2024-12-24,1118123.1956402103
2024-12-26,1115938.1455972746
2024-12-27,1107099.2127151848
2024-12-30,1094672.1662775574
2024-12-31,1089364.0933422174
2025-01-02,1089715.0095935017
2025-01-03,1105904.8385606923
2025-01-06,1125577.2641702543
2025-01-07,1118498.5293567816
2025-01-08,1122387.9825316183
2025-01-10,1098102.7761181137
2025-01-13,1096947.6610237139
2025-01-14,1103858.1758626853
2025-01-15,1118834.194786564
2025-01-16,1122003.8561032354
2025-01-17,1130417.880583652
2025-01-21,1146409.7887229903
2025-01-22,1155614.7924543857
2025-01-23,1147876.9825504352
2025-01-24,1135145.8742262565
2025-01-27,1106742.9793800372
2025-01-28,1115863.2422456811
2025-01-29,1114269.63813243
2025-01-30,1139440.470598914
2025-01-31,1136138.2975550208
2025-02-03,1125241.9909797003
2025-02-04,1133262.303141316
2025-02-05,1143337.1138344272
2025-02-06,1139719.2485863871
2025-02-07,1118930.200232688
2025-02-10,1131252.178738492
2025-02-11,1124611.5689478025
2025-02-12,1116975.8431007375
2025-02-13,1137362.8010290698
2025-02-14,1133022.1858952737
2025-02-18,1129614.4325723764
2025-02-19,1142519.2978571993
2025-02-20,1133154.3560593247
2025-02-21,1109196.7479374493
2025-02-24,1102426.9490478463
2025-02-25,1092075.825507417
2025-02-26,1115818.236153888
2025-02-27,1079444.91230748
2025-02-28,1080876.7980138161
2025-03-03,1062666.459895697
2025-03-04,1059557.4849129545
2025-03-05,1076625.3555931419
2025-03-06,1050243.3212551295
2025-03-07,1061306.323078243
2025-03-10,1020439.4170339324
2025-03-11,1016901.4103233889
2025-03-12,1026355.9325007783
2025-03-13,1013498.4228333319
2025-03-14,1042733.6163231549
2025-03-17,1059537.002951814
2025-03-18,1051467.492310936
2025-03-19,1069112.9212113295
2025-03-20,1066050.2351080484
2025-03-21,1057234.2613781358
2025-03-24,1076663.8062303134
2025-03-25,1077132.2623233898
2025-03-26,1063027.3564608956
2025-03-27,1054388.4145586395
2025-03-28,1025643.8986346516
2025-03-31,1029845.3030550506
2025-04-01,1034058.6090489291
2025-04-02,1042768.5642891844
2025-04-03,981371.6277079191
2025-04-04,923917.2645576646
2025-04-07,931003.1219853805
2025-04-08,909863.5875687948
2025-04-09,1023571.6555897009
2025-04-10,977699.926847305
2025-04-11,990751.7219812332
2025-04-14,1000027.7433175769
2025-04-15,1007783.0220941604
2025-04-16,975687.8057117449
2025-04-17,974944.9741059414
2025-04-21,954588.3048819441
2025-04-22,979328.1390324489
2025-04-23,999400.7523657823
2025-04-24,1033255.7396431924
2025-04-25,1037207.4861821589
2025-04-28,1036861.6535483673
2025-04-29,1033312.5491486591
2025-04-30,1044355.1276282604
2025-05-01,1034359.0822497341
2025-05-02,1060336.0224241696
2025-05-05,1057814.8634199663
2025-05-06,1044068.9095029959
2025-05-07,1062610.4033267398
2025-05-08,1077430.816169066
2025-05-09,1073393.4904782444
2025-05-12,1120665.6269905332
2025-05-13,1139975.2501766179
2025-05-14,1143443.6420372503
2025-05-15,1145262.847074296
2025-05-16,1148534.6851143108
2025-05-19,1144676.825173858
2025-05-20,1146179.8128602537
2025-05-21,1131322.4919628224
2025-05-22,1129322.768597749
2025-05-23,1134925.4715827042
2025-05-27,1168554.0993393718
2025-05-28,1160843.3155654168
2025-05-29,1160538.4039066837
2025-05-30,1138759.761670684
2025-06-02,1146749.1540154868
2025-06-03,1159188.4546283926
2025-06-04,1160694.4427256782
2025-06-05,1162790.0663623333
2025-06-06,1172451.916914846
2025-06-09,1185527.654555436
2025-06-10,1198982.0977970567
2025-06-11,1200352.8480885774
2025-06-12,1203455.2857879063
2025-06-13,1184394.3156819239
2025-06-16,1211637.7647637955
2025-06-17,1203747.2436099171
2025-06-18,1194981.6146401034
2025-06-20,1192311.4349207762
2025-06-23,1204191.3973517565
2025-06-24,1229471.6414976544
2025-06-25,1230708.1730040489
2025-06-26,1238606.8598265427
2025-06-27,1237424.551361196
2025-06-30,1247681.1851007405
2025-07-01,1246492.5239378593
2025-07-02,1255887.4193602013
2025-07-03,1266478.7227119056
2025-07-07,1256321.6000944718
2025-07-08,1262516.1581111068
2025-07-09,1252951.7449964792
2025-07-10,1228132.366775832
2025-07-11,1222749.1555428065
2025-07-14,1239156.8586083394
2025-07-15,1238632.3575876274
2025-07-16,1230699.8396897025
2025-07-17,1234816.9756373526
2025-07-18,1235263.3879112962
2025-07-21,1235396.159885115
2025-07-22,1225689.6994395242
2025-07-23,1230005.2237846656
2025-07-24,1235061.9755571159
2025-07-25,1237821.1219263321
2025-07-28,1253998.2230646876
2025-07-29,1256942.733259203
2025-07-30,1262620.8549874632
2025-07-31,1228580.3981412307
2025-08-01,1216436.7628401555
2025-08-04,1241462.2675190468
2025-08-05,1223201.190823457
2025-08-06,1229409.9173236073
2025-08-07,1225414.1720069724
2025-08-08,1226159.6224431966
2025-08-11,1206311.7697506137
2025-08-12,1222612.0406554902
2025-08-13,1235717.295266244
2025-08-14,1232456.2343617773
2025-08-15,1211831.2997796417
2025-08-18,1218443.1755094866
2025-08-19,1206572.9623583732
2025-08-20,1208847.544273318
2025-08-21,1200483.9502341019
2025-08-22,1204756.8269210397
2025-08-25,1196353.7948078166
2025-08-26,1200223.9056801111
2025-08-27,1206712.637631695
2025-08-28,1212438.8429137974
2025-08-29,1230060.3620605175
2025-09-02,1222625.100984875
2025-09-03,1222828.1221095787
2025-09-04,1237738.325029301
2025-09-05,1257603.2181720666
2025-09-08,1259956.8400096653
2025-09-09,1264896.8789379906
2025-09-10,1265185.6699955277
2025-09-11,1280248.3103393158
2025-09-12,1274541.8992311547
2025-09-15,1295204.580385031
2025-09-16,1293659.2277067048
2025-09-17,1297087.0325756192
2025-09-18,1332760.5959943754
2025-09-19,1331996.4109473953
2025-09-22,1351524.6103216482
2025-09-23,1349834.6502598687
2025-09-24,1343556.1155261574
2025-09-25,1332378.212732004
2025-09-26,1339717.6391613204
2025-09-29,1342555.521175326
2025-09-30,1341957.2742378747
2025-10-01,1365688.0789204491
2025-10-02,1382748.749219486
2025-10-03,1368631.4470703413
2025-10-06,1398756.790266099
2025-10-07,1363119.342373664
2025-10-08,1364630.1708361285
2025-10-09,1353772.3679344687
2025-10-10,1302833.0332907534
2025-10-13,1336792.7424778005
2025-10-14,1335851.7066514848
2025-10-15,1364141.2299016616
2025-10-16,1362890.903147015
2025-10-17,1375974.9673364065
2025-10-20,1402006.0782346162
2025-10-21,1401273.0669799608
2025-10-22,1379465.5586733276
2025-10-23,1404510.8595163713
2025-10-24,1426378.556395036
2025-10-27,1445224.5482516035
2025-10-28,1444786.9894246368
2025-10-29,1437225.688001132
2025-10-30,1431989.76400366
2025-10-31,1432505.5053318474
2025-11-03,1445801.6780900066
2025-11-04,1413282.2565834143
2025-11-05,1435695.379329589
2025-11-06,1411749.0473083663
2025-11-07,1406751.257637413
2025-11-10,1432161.5192251266
2025-11-11,1422010.7330267422
2025-11-12,1438286.698896046
2025-11-13,1408912.8019809981
2025-11-14,1406865.2462849626
2025-11-17,1391635.5400052164
2025-11-18,1380034.8034998972
2025-11-19,1391537.4411080792
2025-11-20,1343970.123396139
2025-11-21,1357069.7746120628
2025-11-24,1381804.0780251706
2025-11-25,1392185.701424315
2025-11-26,1411566.2757754528
2025-11-28,1426647.1947861442
2025-12-01,1426387.685305975
2025-12-02,1445094.0683310246
2025-12-03,1454649.541170339
2025-12-04,1448131.2008295653
2025-12-05,1456802.6666932183
2025-12-08,1453118.0734369422
2025-12-09,1452055.3823578262
2025-12-10,1466048.7012728273
2025-12-11,1472760.7726243804
2025-12-12,1435262.875952814
2025-12-15,1435685.7790709932
2025-12-16,1434526.8292218489
2025-12-17,1399090.6098685586
2025-12-18,1435384.008194106
2025-12-19,1460127.3439066461
2025-12-22,1472490.1748041506
2025-12-23,1471613.901244334
2025-12-24,1478821.7259027457
2025-12-26,1483849.3001975669
2025-12-29,1479899.9694363337
2025-12-30,1471315.5055335741
2025-12-31,1452591.5694225961
2026-01-02,1479282.555003028
2026-01-05,1510738.086036583
2026-01-06,1547920.344578986
2026-01-07,1536337.9784373078
2026-01-08,1496098.723718818
2026-01-09,1532158.7542460759
2026-01-12,1540454.9082210767
2026-01-13,1530455.4354618667
2026-01-14,1507547.3098767982
2026-01-15,1547301.9214094013
2026-01-16,1568527.0643268724
2026-01-20,1520516.5314690014
2026-01-21,1559348.2430890237
2026-01-22,1584567.364659844
2026-01-23,1592841.674475249
2026-01-26,1602600.7309016585
2026-01-27,1628520.710546542
2026-01-28,1638736.4969683036
2026-01-29,1637300.05555426
2026-01-30,1543007.4771277972
2026-02-02,1558715.1056695138
2026-02-03,1501286.3907780154
2026-02-04,1458100.1865154975
2026-02-05,1453130.7648173738
2026-02-06,1512700.1854746256
2026-02-09,1514392.2718791363
2026-02-10,1498760.0729737377
2026-02-11,1513907.8184003062
2026-02-12,1488437.0869651125
2026-02-13,1503890.4389838835
2026-02-17,1488638.5127970504
2026-02-18,1512428.0536808928
2026-02-19,1502343.721484467
2026-02-20,1513505.4923787676
2026-02-23,1495753.6372028217
2026-02-24,1508342.229381737
2026-02-25,1538463.9953842026
2026-02-26,1525280.938343522
2026-02-27,1541547.0218390867
2026-03-02,1543819.434486804
2026-03-03,1499503.4921871277
2026-03-04,1535833.7450128924
2026-03-05,1523279.778253323
2026-03-06,1472332.2058544673
2026-03-09,1518378.6788232059
2026-03-10,1520359.443638576
2026-03-11,1524192.9079996336
2026-03-12,1485449.09070188
2026-03-13,1494854.8521450465
2026-03-16,1515785.465169501
2026-03-17,1543074.7675126663
2026-03-18,1526482.1989860763
2026-03-19,1532245.782066002
2026-03-20,1508602.5288727386
2026-03-23,1516467.6675000158
2026-03-24,1519835.857644837
2026-03-25,1511046.779771384
2026-03-26,1464280.9097102555
2026-03-27,1438177.8805028263
2026-03-30,1409596.1580273556
2026-03-31,1466929.5515989866
