,0
2011-01-14,1.0
2011-01-18,1.0
2011-01-19,1.0
2011-01-20,1.0
2011-01-21,1.0
2011-01-24,1.0
2011-01-25,1.0
2011-01-26,0.0
2011-01-27,1.0
2011-01-28,1.0
2011-01-31,0.0
2011-02-01,0.0
2011-02-02,0.0
2011-02-03,0.0
2011-02-04,0.0
2011-02-07,1.0
2011-02-08,1.0
2011-02-09,0.9759789356296538
2011-02-10,1.0
2011-02-11,0.0
2011-02-14,0.0
2011-02-15,0.0
2011-02-16,0.0
2011-02-17,0.0
2011-02-18,0.0
2011-02-22,0.0
2011-02-23,0.0
2011-02-24,1.0
2011-02-25,0.0
2011-02-28,0.0
2011-03-01,0.0
2011-03-02,1.0
2011-03-03,0.0
2011-03-04,1.0
2011-03-07,1.0
2011-03-08,0.9821947181289822
2011-03-09,1.0
2011-03-10,1.0
2011-03-11,1.0
2011-03-14,0.9749652117924078
2011-03-15,1.0
2011-03-16,1.0
2011-03-17,1.0
2011-03-18,1.0
2011-03-21,1.0
2011-03-22,1.0
2011-03-23,1.0
2011-03-24,1.0
2011-03-25,1.0
2011-03-28,1.0
2011-03-29,1.0
2011-03-30,1.0
2011-03-31,1.0
2011-04-01,1.0
2011-04-04,1.0
2011-04-05,1.0
2011-04-06,1.0
2011-04-07,1.0
2011-04-08,1.0
2011-04-11,1.0
2011-04-12,1.0
2011-04-13,1.0
2011-04-14,1.0
2011-04-15,1.0
2011-04-18,1.0
2011-04-19,1.0
2011-04-20,1.0
2011-04-21,1.0
2011-04-25,0.9993906127139659
2011-04-26,1.0
2011-04-27,0.0
2011-04-28,1.0
2011-04-29,1.0
2011-05-02,1.0
2011-05-03,1.0
2011-05-04,1.0
2011-05-05,1.0
2011-05-06,1.0
2011-05-09,1.0
2011-05-10,1.0
2011-05-11,1.0
2011-05-12,1.0
2011-05-13,1.0
2011-05-16,1.0
2011-05-17,1.0
2011-05-18,0.9993906127139659
2011-05-19,1.0
2011-05-20,1.0
2011-05-23,1.0
2011-05-24,1.0
2011-05-25,1.0
2011-05-26,1.0
2011-05-27,1.0
2011-05-31,1.0
2011-06-01,1.0
2011-06-02,1.0
2011-06-03,1.0
2011-06-06,1.0
2011-06-07,1.0
2011-06-08,1.0
2011-06-09,1.0
2011-06-10,1.0
2011-06-13,1.0
2011-06-14,1.0
2011-06-15,1.0
2011-06-16,1.0
2011-06-17,1.0
2011-06-20,1.0
2011-06-21,1.0
2011-06-22,1.0
2011-06-23,1.0
2011-06-24,1.0
2011-06-27,1.0
2011-06-28,0.0
2011-06-29,0.0
2011-06-30,0.016637300525747894
2011-07-01,0.0
2011-07-05,0.0
2011-07-06,0.0
2011-07-07,0.0
2011-07-08,0.0
2011-07-11,0.0
2011-07-12,0.0
2011-07-13,0.0
2011-07-14,0.0
2011-07-15,0.0
2011-07-18,0.0
2011-07-19,0.0
2011-07-20,0.0
2011-07-21,0.0
2011-07-22,0.0
2011-07-25,0.0
2011-07-26,0.0
2011-07-27,1.0
2011-07-28,1.0
2011-07-29,1.0
2011-08-01,1.0
2011-08-02,1.0
2011-08-03,1.0
2011-08-04,1.0
2011-08-05,1.0
2011-08-08,1.0
2011-08-09,1.0
2011-08-10,1.0
2011-08-11,1.0
2011-08-12,1.0
2011-08-15,1.0
2011-08-16,1.0
2011-08-17,1.0
2011-08-18,1.0
2011-08-19,1.0
2011-08-22,1.0
2011-08-23,1.0
2011-08-24,1.0
2011-08-25,1.0
2011-08-26,1.0
2011-08-29,0.0
2011-08-30,0.0
2011-08-31,1.0
2011-09-01,1.0
2011-09-02,1.0
2011-09-06,1.0
2011-09-07,1.0
2011-09-08,1.0
2011-09-09,1.0
2011-09-12,1.0
2011-09-13,0.0
2011-09-14,0.0
2011-09-15,0.0
2011-09-16,0.0
2011-09-19,0.0
2011-09-20,0.0
2011-09-21,0.0
2011-09-22,0.0
2011-09-23,1.0
2011-09-26,0.0
2011-09-27,0.0
2011-09-28,0.011821298027918807
2011-09-29,0.0
2011-09-30,1.0
2011-10-03,1.0
2011-10-04,1.0
2011-10-05,1.0
2011-10-06,1.0
2011-10-07,1.0
2011-10-10,1.0
2011-10-11,0.0
2011-10-12,0.0
2011-10-13,0.0
2011-10-14,0.0
2011-10-17,0.0
2011-10-18,0.0
2011-10-19,0.0
2011-10-20,0.0
2011-10-21,0.0
2011-10-24,0.018158041162851916
2011-10-25,1.0
2011-10-26,1.0
2011-10-27,1.0
2011-10-28,1.0
2011-10-31,1.0
2011-11-01,1.0
2011-11-02,1.0
2011-11-03,1.0
2011-11-04,0.0
2011-11-07,0.0
2011-11-08,0.0
2011-11-09,1.0
2011-11-10,1.0
2011-11-11,0.0
2011-11-14,0.0
2011-11-15,0.0
2011-11-16,0.0
2011-11-17,1.0
2011-11-18,1.0
2011-11-21,1.0
2011-11-22,1.0
2011-11-23,1.0
2011-11-25,1.0
2011-11-28,1.0
2011-11-29,1.0
2011-11-30,1.0
2011-12-01,1.0
2011-12-02,1.0
2011-12-05,1.0
2011-12-06,0.0
2011-12-07,0.0
2011-12-08,0.0
2011-12-09,0.013441259638790438
2011-12-12,0.0
2011-12-13,0.0
2011-12-14,1.0
2011-12-15,1.0
2011-12-16,0.0
2011-12-19,0.0
2011-12-20,0.0
2011-12-21,0.0
2011-12-22,1.0
2011-12-23,1.0
2011-12-27,1.0
2011-12-28,1.0
2011-12-29,1.0
2011-12-30,1.0
2012-01-03,1.0
2012-01-04,1.0
2012-01-05,1.0
2012-01-06,1.0
2012-01-09,1.0
2012-01-10,0.999695306356983
2012-01-11,1.0
2012-01-12,0.999695306356983
2012-01-13,1.0
2012-01-17,1.0
2012-01-18,1.0
2012-01-19,1.0
2012-01-20,1.0
2012-01-23,1.0
2012-01-24,1.0
2012-01-25,0.0
2012-01-26,1.0
2012-01-27,0.0
2012-01-30,1.0
2012-01-31,1.0
2012-02-01,1.0
2012-02-02,1.0
2012-02-03,1.0
2012-02-06,1.0
2012-02-07,1.0
2012-02-08,1.0
2012-02-09,1.0
2012-02-10,1.0
2012-02-13,1.0
2012-02-14,1.0
2012-02-15,1.0
2012-02-16,1.0
2012-02-17,1.0
2012-02-21,1.0
2012-02-22,1.0
2012-02-23,1.0
2012-02-24,1.0
2012-02-27,1.0
2012-02-28,1.0
2012-02-29,1.0
2012-03-01,1.0
2012-03-02,1.0
2012-03-05,1.0
2012-03-06,1.0
2012-03-07,1.0
2012-03-08,1.0
2012-03-09,1.0
2012-03-12,1.0
2012-03-13,1.0
2012-03-14,1.0
2012-03-15,1.0
2012-03-16,1.0
2012-03-19,1.0
2012-03-20,1.0
2012-03-21,1.0
2012-03-22,1.0
2012-03-23,1.0
2012-03-26,1.0
2012-03-27,1.0
2012-03-28,1.0
2012-03-29,1.0
2012-03-30,1.0
2012-04-02,0.0
2012-04-03,0.0
2012-04-04,1.0
2012-04-05,1.0
2012-04-09,1.0
2012-04-10,1.0
2012-04-11,1.0
2012-04-12,1.0
2012-04-13,1.0
2012-04-16,1.0
2012-04-17,1.0
2012-04-18,1.0
2012-04-19,1.0
2012-04-20,1.0
2012-04-23,1.0
2012-04-24,1.0
2012-04-25,1.0
2012-04-26,1.0
2012-04-27,1.0
2012-04-30,1.0
2012-05-01,1.0
2012-05-02,1.0
2012-05-03,1.0
2012-05-04,1.0
2012-05-07,1.0
2012-05-08,1.0
2012-05-09,1.0
2012-05-10,1.0
2012-05-11,1.0
2012-05-14,1.0
2012-05-15,1.0
2012-05-16,1.0
2012-05-17,1.0
2012-05-18,1.0
2012-05-21,1.0
2012-05-22,1.0
2012-05-23,1.0
2012-05-24,1.0
2012-05-25,1.0
2012-05-29,1.0
2012-05-30,1.0
2012-05-31,1.0
2012-06-01,1.0
2012-06-04,1.0
2012-06-05,1.0
2012-06-06,1.0
2012-06-07,0.0
2012-06-08,0.0
2012-06-11,0.0
2012-06-12,0.0
2012-06-13,0.0
2012-06-14,0.0
2012-06-15,0.0
2012-06-18,0.0
2012-06-19,0.0
2012-06-20,0.0
2012-06-21,0.0
2012-06-22,0.0
2012-06-25,0.0
2012-06-26,0.0
2012-06-27,0.0
2012-06-28,1.0
2012-06-29,0.0
2012-07-02,0.0
2012-07-03,0.0
2012-07-05,0.0
2012-07-06,0.0
2012-07-09,0.0
2012-07-10,0.0
2012-07-11,0.0
2012-07-12,0.0
2012-07-13,0.0
2012-07-16,0.0
2012-07-17,0.0
2012-07-18,0.008885469336851587
2012-07-19,0.0036010312896753507
2012-07-20,0.0
2012-07-23,0.0
2012-07-24,0.0
2012-07-25,0.0
2012-07-26,0.0
2012-07-27,0.0
2012-07-30,0.0
2012-07-31,0.0
2012-08-01,0.0
2012-08-02,0.0
2012-08-03,0.0
2012-08-06,0.0
2012-08-07,0.0
2012-08-08,0.0
2012-08-09,0.0
2012-08-10,1.0
2012-08-13,1.0
2012-08-14,0.0
2012-08-15,0.0
2012-08-16,0.0
2012-08-17,0.0
2012-08-20,0.0
2012-08-21,0.0
2012-08-22,0.0
2012-08-23,0.0
2012-08-24,0.0
2012-08-27,0.0
2012-08-28,0.0
2012-08-29,0.0
2012-08-30,0.0
2012-08-31,0.0
2012-09-04,0.0
2012-09-05,0.0
2012-09-06,0.0
2012-09-07,0.0
2012-09-10,0.0
2012-09-11,0.0
2012-09-12,1.0
2012-09-13,1.0
2012-09-14,1.0
2012-09-17,1.0
2012-09-18,1.0
2012-09-19,1.0
2012-09-20,0.0
2012-09-21,1.0
2012-09-24,1.0
2012-09-25,0.0
2012-09-26,1.0
2012-09-27,0.0
2012-09-28,0.0
2012-10-01,0.0
2012-10-02,0.0
2012-10-03,0.0
2012-10-04,0.0
2012-10-05,0.0
2012-10-08,0.0
2012-10-09,0.0
2012-10-10,0.004492345155309599
2012-10-11,0.0
2012-10-12,0.0
2012-10-15,0.0
2012-10-16,0.0
2012-10-17,0.0076883860422670425
2012-10-18,0.0
2012-10-19,0.0
2012-10-22,0.0
2012-10-23,1.0
2012-10-24,0.04802027146628583
2012-10-25,0.0
2012-10-26,0.0
2012-10-31,1.0
2012-11-01,1.0
2012-11-02,1.0
2012-11-05,1.0
2012-11-06,1.0
2012-11-07,1.0
2012-11-08,1.0
2012-11-09,1.0
2012-11-12,1.0
2012-11-13,1.0
2012-11-14,1.0
2012-11-15,1.0
2012-11-16,1.0
2012-11-19,1.0
2012-11-20,1.0
2012-11-21,1.0
2012-11-23,1.0
2012-11-26,1.0
2012-11-27,1.0
2012-11-28,1.0
2012-11-29,1.0
2012-11-30,1.0
2012-12-03,1.0
2012-12-04,1.0
2012-12-05,1.0
2012-12-06,1.0
2012-12-07,0.0
2012-12-10,0.013766591879584173
2012-12-11,0.0
2012-12-12,0.0
2012-12-13,0.0
2012-12-14,0.0
2012-12-17,0.0020526213330804353
2012-12-18,0.017131730496311698
2012-12-19,0.0
2012-12-20,0.0
2012-12-21,0.0
2012-12-24,0.0
2012-12-26,0.0
2012-12-27,0.0
2012-12-28,0.004744450843552359
2012-12-31,0.0006392081773914887
2013-01-02,0.0
2013-01-03,0.0046094540426463914
2013-01-04,0.006427857601053243
2013-01-07,0.006004979284766159
2013-01-08,0.0
2013-01-09,0.0
2013-01-10,0.0
2013-01-11,0.025891984438179066
2013-01-14,0.005329995280236316
2013-01-15,0.0
2013-01-16,0.0
2013-01-17,0.0
2013-01-18,0.0007742049782974578
2013-01-22,0.0072655077259799585
2013-01-23,0.0
2013-01-24,1.0
2013-01-25,1.0
2013-01-28,1.0
2013-01-29,1.0
2013-01-30,1.0
2013-01-31,1.0
2013-02-01,1.0
2013-02-04,1.0
2013-02-05,1.0
2013-02-06,0.0
2013-02-07,1.0
2013-02-08,1.0
2013-02-11,1.0
2013-02-12,1.0
2013-02-13,1.0
2013-02-14,1.0
2013-02-15,0.0
2013-02-19,0.01056887609435247
2013-02-20,0.0
2013-02-21,0.0
2013-02-22,0.0
2013-02-25,0.0
2013-02-26,0.0
2013-02-27,0.009758895288916655
2013-02-28,0.0
2013-03-01,0.0
2013-03-04,0.0
2013-03-05,0.0
2013-03-06,0.0
2013-03-07,1.0
2013-03-08,1.0
2013-03-11,1.0
2013-03-12,1.0
2013-03-13,1.0
2013-03-14,1.0
2013-03-15,1.0
2013-03-18,1.0
2013-03-19,1.0
2013-03-20,1.0
2013-03-21,1.0
2013-03-22,1.0
2013-03-25,1.0
2013-03-26,1.0
2013-03-27,1.0
2013-03-28,0.999695306356983
2013-04-01,1.0
2013-04-02,1.0
2013-04-03,1.0
2013-04-04,1.0
2013-04-05,1.0
2013-04-08,1.0
2013-04-09,1.0
2013-04-10,1.0
2013-04-11,1.0
2013-04-12,0.0
2013-04-15,1.0
2013-04-16,0.0
2013-04-17,1.0
2013-04-18,1.0
2013-04-19,1.0
2013-04-22,1.0
2013-04-23,0.0
2013-04-24,0.0
2013-04-25,0.0
2013-04-26,0.0
2013-04-29,0.0
2013-04-30,0.0
2013-05-01,0.0
2013-05-02,1.0
2013-05-03,0.0
2013-05-06,0.0
2013-05-07,0.0
2013-05-08,0.0
2013-05-09,1.0
2013-05-10,1.0
2013-05-13,1.0
2013-05-14,1.0
2013-05-15,0.0
2013-05-16,1.0
2013-05-17,1.0
2013-05-20,1.0
2013-05-21,1.0
2013-05-22,1.0
2013-05-23,1.0
2013-05-24,1.0
2013-05-28,1.0
2013-05-29,1.0
2013-05-30,1.0
2013-05-31,1.0
2013-06-03,1.0
2013-06-04,0.0
2013-06-05,1.0
2013-06-06,0.0
2013-06-07,0.0
2013-06-10,0.0
2013-06-11,0.0
2013-06-12,0.0
2013-06-13,0.0
2013-06-14,0.0
2013-06-17,0.0
2013-06-18,0.0
2013-06-19,1.0
2013-06-20,1.0
2013-06-21,1.0
2013-06-24,1.0
2013-06-25,1.0
2013-06-26,1.0
2013-06-27,1.0
2013-06-28,1.0
2013-07-01,1.0
2013-07-02,1.0
2013-07-03,1.0
2013-07-05,1.0
2013-07-08,1.0
2013-07-09,1.0
2013-07-10,1.0
2013-07-11,1.0
2013-07-12,1.0
2013-07-15,1.0
2013-07-16,1.0
2013-07-17,0.0
2013-07-18,0.0
2013-07-19,0.0
2013-07-22,0.0030789319996206523
2013-07-23,0.0
2013-07-24,0.0010263106665402177
2013-07-25,0.00758916506849943
2013-07-26,0.0
2013-07-29,1.0
2013-07-30,1.0
2013-07-31,0.0
2013-08-01,0.0
2013-08-02,0.0
2013-08-05,0.0
2013-08-06,0.0
2013-08-07,0.0
2013-08-08,0.0
2013-08-09,0.0
2013-08-12,0.0
2013-08-13,0.0
2013-08-14,0.0
2013-08-15,0.0
2013-08-16,0.014557009873176555
2013-08-19,0.006310748713716453
2013-08-20,0.005869982483860191
2013-08-21,0.0
2013-08-22,0.0
2013-08-23,0.0
2013-08-26,0.0
2013-08-27,0.0
2013-08-28,0.0
2013-08-29,0.0328696106487779
2013-08-30,0.0
2013-09-03,1.0
2013-09-04,0.0
2013-09-05,0.010255000157754718
2013-09-06,0.0
2013-09-09,0.0019176245321744659
2013-09-10,0.00809337644498495
2013-09-11,0.002556832709565955
2013-09-12,0.0
2013-09-13,0.0066799632892960035
2013-09-16,0.0029439351987146836
2013-09-17,0.003348925601432591
2013-09-18,0.0
2013-09-19,0.0
2013-09-20,0.002556832709565955
2013-09-23,0.0028268263113778933
2013-09-24,0.0
2013-09-25,0.0
2013-09-26,1.0
2013-09-27,1.0
2013-09-30,1.0
2013-10-01,1.0
2013-10-02,1.0
2013-10-03,1.0
2013-10-04,1.0
2013-10-07,1.0
2013-10-08,1.0
2013-10-09,1.0
2013-10-10,1.0
2013-10-11,1.0
2013-10-14,1.0
2013-10-15,1.0
2013-10-16,1.0
2013-10-17,0.0
2013-10-18,0.0
2013-10-21,0.0
2013-10-22,0.0
2013-10-23,1.0
2013-10-24,0.0019355124457436446
2013-10-25,0.0
2013-10-28,0.018580919479139004
2013-10-29,0.0
2013-10-30,0.0
2013-10-31,0.0
2013-11-01,1.0
2013-11-04,1.0
2013-11-05,1.0
2013-11-06,0.0
2013-11-07,1.0
2013-11-08,1.0
2013-11-11,1.0
2013-11-12,1.0
2013-11-13,1.0
2013-11-14,1.0
2013-11-15,1.0
2013-11-18,1.0
2013-11-19,1.0
2013-11-20,1.0
2013-11-21,1.0
2013-11-22,1.0
2013-11-25,1.0
2013-11-26,1.0
2013-11-27,1.0
2013-11-29,1.0
2013-12-02,1.0
2013-12-03,1.0
2013-12-04,1.0
2013-12-05,1.0
2013-12-06,1.0
2013-12-09,1.0
2013-12-10,1.0
2013-12-11,1.0
2013-12-12,1.0
2013-12-13,1.0
2013-12-16,1.0
2013-12-17,1.0
2013-12-18,1.0
2013-12-19,1.0
2013-12-20,1.0
2013-12-23,1.0
2013-12-24,1.0
2013-12-26,1.0
2013-12-27,1.0
2013-12-30,1.0
2013-12-31,1.0
2014-01-02,1.0
2014-01-03,1.0
2014-01-06,1.0
2014-01-07,1.0
2014-01-08,0.0
2014-01-09,1.0
2014-01-10,0.0
2014-01-13,0.0
2014-01-14,0.0
2014-01-15,0.0
2014-01-16,0.0
2014-01-17,0.006310748713716453
2014-01-21,0.0
2014-01-22,0.0
2014-01-23,1.0
2014-01-24,1.0
2014-01-27,1.0
2014-01-28,1.0
2014-01-29,1.0
2014-01-30,1.0
2014-01-31,1.0
2014-02-03,1.0
2014-02-04,1.0
2014-02-05,1.0
2014-02-06,1.0
2014-02-07,1.0
2014-02-10,1.0
2014-02-11,0.0
2014-02-12,1.0
2014-02-13,1.0
2014-02-14,1.0
2014-02-18,1.0
2014-02-19,0.0
2014-02-20,0.0
2014-02-21,0.0
2014-02-24,0.0
2014-02-25,0.0014134131556889466
2014-02-26,0.003313149774294235
2014-02-27,0.010046776804297773
2014-02-28,0.0
2014-03-03,0.0
2014-03-04,0.02270405005886907
2014-03-05,0.0003871024891487289
2014-03-06,0.004258127380636018
2014-03-07,0.002709717424041102
2014-03-10,0.0003871024891487289
2014-03-11,0.0
2014-03-12,0.0
2014-03-13,0.0006392081773914887
2014-03-14,0.0
2014-03-17,0.002961823112283862
2014-03-18,0.0
2014-03-19,0.0
2014-03-20,0.0
2014-03-21,0.0
2014-03-24,0.0
2014-03-25,0.0
2014-03-26,0.0
2014-03-27,0.0
2014-03-28,0.0
2014-03-31,0.0
2014-04-01,0.0038531369779181107
2014-04-02,0.0
2014-04-03,0.0
2014-04-04,0.0
2014-04-07,0.0
2014-04-08,0.0
2014-04-09,0.0
2014-04-10,1.0
2014-04-11,1.0
2014-04-14,1.0
2014-04-15,1.0
2014-04-16,1.0
2014-04-17,0.0
2014-04-21,1.0
2014-04-22,0.0
2014-04-23,1.0
2014-04-24,1.0
2014-04-25,1.0
2014-04-28,1.0
2014-04-29,1.0
2014-04-30,1.0
2014-05-01,1.0
2014-05-02,1.0
2014-05-05,1.0
2014-05-06,1.0
2014-05-07,1.0
2014-05-08,1.0
2014-05-09,1.0
2014-05-12,0.0
2014-05-13,0.0034839224023385604
2014-05-14,0.006175751912810484
2014-05-15,0.0
2014-05-16,0.0037181401770121423
2014-05-19,0.0
2014-05-20,0.0
2014-05-21,0.003871024891487289
2014-05-22,0.0011613074674461867
2014-05-23,0.0
2014-05-27,1.0
2014-05-28,1.0
2014-05-29,1.0
2014-05-30,1.0
2014-06-02,1.0
2014-06-03,1.0
2014-06-04,1.0
2014-06-05,1.0
2014-06-06,1.0
2014-06-09,1.0
2014-06-10,1.0
2014-06-11,1.0
2014-06-12,0.0
2014-06-13,1.0
2014-06-16,0.0
2014-06-17,0.0
2014-06-18,0.0
2014-06-19,0.005905758310998546
2014-06-20,0.0
2014-06-23,0.0
2014-06-24,0.0
2014-06-25,0.0
2014-06-26,0.0
2014-06-27,0.0
2014-06-30,0.0
2014-07-01,0.0
2014-07-02,0.0
2014-07-03,0.0
2014-07-07,0.0
2014-07-08,0.0
2014-07-09,0.0
2014-07-10,0.0
2014-07-11,0.018132046741635276
2014-07-14,0.0
2014-07-15,0.0
2014-07-16,0.0
2014-07-17,1.0
2014-07-18,0.0
2014-07-21,1.0
2014-07-22,1.0
2014-07-23,1.0
2014-07-24,0.9981718381418979
2014-07-25,1.0
2014-07-28,1.0
2014-07-29,1.0
2014-07-30,1.0
2014-07-31,1.0
2014-08-01,1.0
2014-08-04,1.0
2014-08-05,1.0
2014-08-06,1.0
2014-08-07,1.0
2014-08-08,1.0
2014-08-11,1.0
2014-08-12,1.0
2014-08-13,1.0
2014-08-14,1.0
2014-08-15,0.0
2014-08-18,0.0
2014-08-19,0.0
2014-08-20,1.0
2014-08-21,1.0
2014-08-22,1.0
2014-08-25,1.0
2014-08-26,1.0
2014-08-27,1.0
2014-08-28,1.0
2014-08-29,1.0
2014-09-02,1.0
2014-09-03,0.0
2014-09-04,1.0
2014-09-05,1.0
2014-09-08,1.0
2014-09-09,1.0
2014-09-10,0.0
2014-09-11,0.0
2014-09-12,1.0
2014-09-15,1.0
2014-09-16,1.0
2014-09-17,1.0
2014-09-18,1.0
2014-09-19,1.0
2014-09-22,0.0
2014-09-23,1.0
2014-09-24,1.0
2014-09-25,1.0
2014-09-26,1.0
2014-09-29,1.0
2014-09-30,1.0
2014-10-01,1.0
2014-10-02,1.0
2014-10-03,1.0
2014-10-06,1.0
2014-10-07,1.0
2014-10-08,0.0
2014-10-09,1.0
2014-10-10,1.0
2014-10-13,1.0
2014-10-14,1.0
2014-10-15,1.0
2014-10-16,1.0
2014-10-17,1.0
2014-10-20,1.0
2014-10-21,1.0
2014-10-22,1.0
2014-10-23,1.0
2014-10-24,1.0
2014-10-27,1.0
2014-10-28,1.0
2014-10-29,1.0
2014-10-30,1.0
2014-10-31,1.0
2014-11-03,1.0
2014-11-04,1.0
2014-11-05,1.0
2014-11-06,1.0
2014-11-07,0.0
2014-11-10,1.0
2014-11-11,1.0
2014-11-12,1.0
2014-11-13,0.0
2014-11-14,0.0
2014-11-17,0.013000493408934171
2014-11-18,0.0
2014-11-19,0.0
2014-11-20,0.0
2014-11-21,0.0
2014-11-24,0.0
2014-11-25,0.0
2014-11-26,0.0
2014-11-28,0.0
2014-12-01,0.0
2014-12-02,0.0
2014-12-03,1.0
2014-12-04,1.0
2014-12-05,1.0
2014-12-08,1.0
2014-12-09,1.0
2014-12-10,1.0
2014-12-11,1.0
2014-12-12,1.0
2014-12-15,1.0
2014-12-16,1.0
2014-12-17,1.0
2014-12-18,1.0
2014-12-19,1.0
2014-12-22,1.0
2014-12-23,1.0
2014-12-24,1.0
2014-12-26,1.0
2014-12-29,1.0
2014-12-30,1.0
2014-12-31,1.0
2015-01-02,1.0
2015-01-05,1.0
2015-01-06,1.0
2015-01-07,1.0
2015-01-08,0.0
2015-01-09,0.0
2015-01-12,1.0
2015-01-13,1.0
2015-01-14,0.0
2015-01-15,1.0
2015-01-16,0.0
2015-01-20,1.0
2015-01-21,0.0
2015-01-22,0.0
2015-01-23,0.0
2015-01-26,0.0
2015-01-27,0.0
2015-01-28,0.0
2015-01-29,0.0
2015-01-30,1.0
2015-02-02,1.0
2015-02-03,1.0
2015-02-04,1.0
2015-02-05,1.0
2015-02-06,1.0
2015-02-09,1.0
2015-02-10,1.0
2015-02-11,1.0
2015-02-12,1.0
2015-02-13,1.0
2015-02-17,1.0
2015-02-18,1.0
2015-02-19,1.0
2015-02-20,1.0
2015-02-23,1.0
2015-02-24,1.0
2015-02-25,1.0
2015-02-26,1.0
2015-02-27,0.0
2015-03-02,0.0
2015-03-03,0.003061044086051475
2015-03-04,0.0003871024891487289
2015-03-05,0.0
2015-03-06,0.0
2015-03-09,0.0
2015-03-10,1.0
2015-03-11,1.0
2015-03-12,0.0
2015-03-13,1.0
2015-03-16,0.0
2015-03-17,1.0
2015-03-18,1.0
2015-03-19,0.0
2015-03-20,0.004375236267972808
2015-03-23,0.012234394938284175
2015-03-24,0.0
2015-03-25,1.0
2015-03-26,1.0
2015-03-27,0.0
2015-03-30,0.0
2015-03-31,0.0
2015-04-01,1.0
2015-04-02,1.0
2015-04-06,1.0
2015-04-07,1.0
2015-04-08,1.0
2015-04-09,1.0
2015-04-10,1.0
2015-04-13,1.0
2015-04-14,1.0
2015-04-15,0.0
2015-04-16,0.0
2015-04-17,1.0
2015-04-20,0.006292860800147276
2015-04-21,0.0
2015-04-22,0.0
2015-04-23,0.0
2015-04-24,0.0
2015-04-27,0.0003871024891487289
2015-04-28,0.0
2015-04-29,0.0003871024891487289
2015-04-30,0.0028089383978087148
2015-05-01,0.0003871024891487289
2015-05-04,0.0
2015-05-05,0.0011613074674461867
2015-05-06,0.0
2015-05-07,0.0
2015-05-08,0.0
2015-05-11,0.0
2015-05-12,0.0
2015-05-13,0.0
2015-05-14,0.003871024891487289
2015-05-15,0.0
2015-05-18,0.0018005156448376754
2015-05-19,0.0
2015-05-20,0.0
2015-05-21,0.0
2015-05-22,0.0
2015-05-26,1.0
2015-05-27,0.0
2015-05-28,0.0
2015-05-29,1.0
2015-06-01,1.0
2015-06-02,1.0
2015-06-03,1.0
2015-06-04,1.0
2015-06-05,1.0
2015-06-08,1.0
2015-06-09,1.0
2015-06-10,1.0
2015-06-11,1.0
2015-06-12,1.0
2015-06-15,1.0
2015-06-16,1.0
2015-06-17,1.0
2015-06-18,1.0
2015-06-19,1.0
2015-06-22,1.0
2015-06-23,1.0
2015-06-24,1.0
2015-06-25,1.0
2015-06-26,0.0
2015-06-29,1.0
2015-06-30,1.0
2015-07-01,1.0
2015-07-02,1.0
2015-07-06,1.0
2015-07-07,1.0
2015-07-08,1.0
2015-07-09,1.0
2015-07-10,1.0
2015-07-13,1.0
2015-07-14,1.0
2015-07-15,1.0
2015-07-16,1.0
2015-07-17,1.0
2015-07-20,1.0
2015-07-21,1.0
2015-07-22,1.0
2015-07-23,0.0
2015-07-24,0.0
2015-07-27,0.0
2015-07-28,0.0
2015-07-29,0.0
2015-07-30,0.0011613074674461867
2015-07-31,0.0
2015-08-03,0.0
2015-08-04,0.0
2015-08-05,0.0
2015-08-06,0.0
2015-08-07,0.0
2015-08-10,0.0
2015-08-11,0.014233352530657077
2015-08-12,0.0
2015-08-13,0.0
2015-08-14,0.0
2015-08-17,0.0011613074674461867
2015-08-18,0.0
2015-08-19,0.003078931999620653
2015-08-20,0.005671540536324964
2015-08-21,0.0
2015-08-24,0.0
2015-08-25,1.0
2015-08-26,0.0
2015-08-27,0.02241784344176221
2015-08-28,0.0
2015-08-31,0.0016655188439317064
2015-09-01,0.0008913138656342485
2015-09-02,0.0
2015-09-03,0.0
2015-09-04,0.0
2015-09-08,0.0
2015-09-09,1.0
2015-09-10,1.0
2015-09-11,1.0
2015-09-14,1.0
2015-09-15,1.0
2015-09-16,0.0
2015-09-17,0.0
2015-09-18,0.0
2015-09-21,0.0
2015-09-22,0.0
2015-09-23,0.0018005156448376754
2015-09-24,0.0024397238222291645
2015-09-25,0.0
2015-09-28,1.0
2015-09-29,1.0
2015-09-30,1.0
2015-10-01,1.0
2015-10-02,1.0
2015-10-05,1.0
2015-10-06,1.0
2015-10-07,1.0
2015-10-08,0.0
2015-10-09,0.0
2015-10-12,0.0
2015-10-13,1.0
2015-10-14,1.0
2015-10-15,1.0
2015-10-16,1.0
2015-10-19,1.0
2015-10-20,1.0
2015-10-21,1.0
2015-10-22,0.0
2015-10-23,1.0
2015-10-26,1.0
2015-10-27,1.0
2015-10-28,1.0
2015-10-29,1.0
2015-10-30,1.0
2015-11-02,1.0
2015-11-03,1.0
2015-11-04,1.0
2015-11-05,1.0
2015-11-06,1.0
2015-11-09,1.0
2015-11-10,0.0
2015-11-11,0.0
2015-11-12,1.0
2015-11-13,1.0
2015-11-16,1.0
2015-11-17,1.0
2015-11-18,1.0
2015-11-19,1.0
2015-11-20,1.0
2015-11-23,1.0
2015-11-24,0.0
2015-11-25,0.0
2015-11-27,0.0
2015-11-30,0.0
2015-12-01,0.0
2015-12-02,0.009371792799767926
2015-12-03,0.0
2015-12-04,0.0
2015-12-07,0.0
2015-12-08,0.0
2015-12-09,0.0
2015-12-10,0.0
2015-12-11,0.0
2015-12-14,0.0
2015-12-15,0.0
2015-12-16,0.0
2015-12-17,0.0
2015-12-18,0.003970245865254902
2015-12-21,0.0
2015-12-22,0.0
2015-12-23,0.0
2015-12-24,0.0
2015-12-28,0.0
2015-12-29,0.0
2015-12-30,0.0
2015-12-31,0.0
2016-01-04,0.0
2016-01-05,0.0
2016-01-06,0.0
2016-01-07,0.0
2016-01-08,0.0018005156448376754
2016-01-11,0.0
2016-01-12,0.0
2016-01-13,0.0
2016-01-14,0.0
2016-01-15,0.0
2016-01-19,0.0
2016-01-20,0.0
2016-01-21,0.005518655821849816
2016-01-22,0.0
2016-01-25,0.001899736618605288
2016-01-26,0.0020526213330804353
2016-01-27,0.0
2016-01-28,0.0
2016-01-29,0.0
2016-02-01,0.0
2016-02-02,0.0
2016-02-03,0.0
2016-02-04,0.0
2016-02-05,1.0
2016-02-08,1.0
2016-02-09,1.0
2016-02-10,1.0
2016-02-11,1.0
2016-02-12,1.0
2016-02-16,1.0
2016-02-17,1.0
2016-02-18,1.0
2016-02-19,1.0
2016-02-22,1.0
2016-02-23,1.0
2016-02-24,0.0
2016-02-25,0.0
2016-02-26,1.0
2016-02-29,1.0
2016-03-01,1.0
2016-03-02,1.0
2016-03-03,1.0
2016-03-04,1.0
2016-03-07,1.0
2016-03-08,1.0
2016-03-09,1.0
2016-03-10,1.0
2016-03-11,0.0
2016-03-14,1.0
2016-03-15,1.0
2016-03-16,0.0
2016-03-17,0.0
2016-03-18,0.0
2016-03-21,0.0
2016-03-22,0.0
2016-03-23,0.0
2016-03-24,0.0
2016-03-28,0.0
2016-03-29,0.0
2016-03-30,0.0
2016-03-31,0.0
2016-04-01,0.0
2016-04-04,0.0
2016-04-05,0.0015484099565949156
2016-04-06,0.0
2016-04-07,0.0
2016-04-08,0.0
2016-04-11,1.0
2016-04-12,1.0
2016-04-13,1.0
2016-04-14,1.0
2016-04-15,1.0
2016-04-18,1.0
2016-04-19,1.0
2016-04-20,1.0
2016-04-21,1.0
2016-04-22,1.0
2016-04-25,1.0
2016-04-26,1.0
2016-04-27,1.0
2016-04-28,1.0
2016-04-29,1.0
2016-05-02,1.0
2016-05-03,1.0
2016-05-04,1.0
2016-05-05,1.0
2016-05-06,1.0
2016-05-09,1.0
2016-05-10,0.0
2016-05-11,0.0
2016-05-12,0.0
2016-05-13,1.0
2016-05-16,0.0
2016-05-17,1.0
2016-05-18,1.0
2016-05-19,1.0
2016-05-20,1.0
2016-05-23,1.0
2016-05-24,1.0
2016-05-25,1.0
2016-05-26,1.0
2016-05-27,1.0
2016-05-31,1.0
2016-06-01,1.0
2016-06-02,1.0
2016-06-03,1.0
2016-06-06,1.0
2016-06-07,1.0
2016-06-08,1.0
2016-06-09,1.0
2016-06-10,1.0
2016-06-13,1.0
2016-06-14,1.0
2016-06-15,1.0
2016-06-16,1.0
2016-06-17,1.0
2016-06-20,1.0
2016-06-21,0.9972577572128468
2016-06-22,1.0
2016-06-23,1.0
2016-06-24,1.0
2016-06-27,1.0
2016-06-28,1.0
2016-06-29,1.0
2016-06-30,0.0
2016-07-01,0.0
2016-07-05,0.0
2016-07-06,0.0
2016-07-07,0.0
2016-07-08,0.0
2016-07-11,0.0
2016-07-12,0.0
2016-07-13,0.0
2016-07-14,0.0
2016-07-15,0.0
2016-07-18,1.0
2016-07-19,1.0
2016-07-20,1.0
2016-07-21,1.0
2016-07-22,0.038207712436661656
2016-07-25,0.023192048420059674
2016-07-26,0.9981718381418978
2016-07-27,1.0
2016-07-28,0.0
2016-07-29,0.0
2016-08-01,0.0
2016-08-02,0.0
2016-08-03,1.0
2016-08-04,0.0
2016-08-05,0.0
2016-08-08,0.0
2016-08-09,0.0
2016-08-10,0.0
2016-08-11,0.0
2016-08-12,0.0
2016-08-15,0.0
2016-08-16,0.0
2016-08-17,0.003466034488769382
2016-08-18,0.0
2016-08-19,0.0
2016-08-22,0.0
2016-08-23,0.010920202756362844
2016-08-24,0.0
2016-08-25,0.0014134131556889466
2016-08-26,0.0036010312896753507
2016-08-29,0.0
2016-08-30,0.0
2016-08-31,0.0
2016-09-01,0.0
2016-09-02,0.0
2016-09-06,0.0
2016-09-07,0.0
2016-09-08,0.0
2016-09-09,0.0
2016-09-12,0.0
2016-09-13,1.0
2016-09-14,1.0
2016-09-15,0.0
2016-09-16,0.0
2016-09-19,0.0
2016-09-20,0.0
2016-09-21,0.0
2016-09-22,0.0
2016-09-23,0.0
2016-09-26,0.0
2016-09-27,0.0
2016-09-28,0.0
2016-09-29,0.0
2016-09-30,0.0
2016-10-03,0.0
2016-10-04,0.0
2016-10-05,0.0
2016-10-06,0.003213928800526622
2016-10-07,0.0
2016-10-10,0.0
2016-10-11,1.0
2016-10-12,0.0
2016-10-13,0.0003871024891487289
2016-10-14,0.0003871024891487289
2016-10-17,0.0
2016-10-18,0.017483057158322067
2016-10-19,0.0
2016-10-20,0.0011613074674461867
2016-10-21,0.0
2016-10-24,0.0
2016-10-25,0.0
2016-10-26,0.0
2016-10-27,0.008885469336851585
2016-10-28,0.02083198275975467
2016-10-31,0.0
2016-11-01,0.019085130855624525
2016-11-02,0.0
2016-11-03,0.0
2016-11-04,0.0
2016-11-07,0.0
2016-11-08,0.0
2016-11-09,0.0
2016-11-10,1.0
2016-11-11,1.0
2016-11-14,1.0
2016-11-15,1.0
2016-11-16,1.0
2016-11-17,1.0
2016-11-18,1.0
2016-11-21,1.0
2016-11-22,0.0
2016-11-23,0.0
2016-11-25,0.0
2016-11-28,0.0
2016-11-29,0.0
2016-11-30,0.0
2016-12-01,1.0
2016-12-02,0.0
2016-12-05,0.0
2016-12-06,1.0
2016-12-07,1.0
2016-12-08,1.0
2016-12-09,1.0
2016-12-12,1.0
2016-12-13,0.0
2016-12-14,1.0
2016-12-15,1.0
2016-12-16,0.0
2016-12-19,1.0
2016-12-20,1.0
2016-12-21,0.0
2016-12-22,0.0
2016-12-23,0.0
2016-12-27,0.0
2016-12-28,0.0
2016-12-29,0.0
2016-12-30,0.0
2017-01-03,0.0
2017-01-04,0.0
2017-01-05,0.0
2017-01-06,0.005536543735418995
2017-01-09,0.0010263106665402177
2017-01-10,0.0
2017-01-11,0.0011613074674461867
2017-01-12,0.0
2017-01-13,0.0030968199131898313
2017-01-17,0.0037360280905813195
2017-01-18,0.0
2017-01-19,0.0
2017-01-20,0.0
2017-01-23,0.0
2017-01-24,0.0
2017-01-25,0.0
2017-01-26,1.0
2017-01-27,1.0
2017-01-30,1.0
2017-01-31,1.0
2017-02-01,1.0
2017-02-02,1.0
2017-02-03,1.0
2017-02-06,1.0
2017-02-07,1.0
2017-02-08,1.0
2017-02-09,1.0
2017-02-10,1.0
2017-02-13,1.0
2017-02-14,1.0
2017-02-15,1.0
2017-02-16,1.0
2017-02-17,1.0
2017-02-21,1.0
2017-02-22,1.0
2017-02-23,1.0
2017-02-24,1.0
2017-02-27,1.0
2017-02-28,1.0
2017-03-01,1.0
2017-03-02,0.0
2017-03-03,0.0
2017-03-06,0.009155462938663523
2017-03-07,0.0
2017-03-08,0.0
2017-03-09,0.0023226149348923733
2017-03-10,0.0010263106665402177
2017-03-13,0.016123307743340653
2017-03-14,0.012369391739190145
2017-03-15,0.0
2017-03-16,0.0
2017-03-17,0.0
2017-03-20,0.0010263106665402177
2017-03-21,0.0007742049782974578
2017-03-22,0.0
2017-03-23,0.002421835908659986
2017-03-24,0.0014134131556889464
2017-03-27,0.0019355124457436446
2017-03-28,0.0
2017-03-29,0.009012359630110099
2017-03-30,0.0015305220430257374
2017-03-31,0.0011434195538770084
2017-04-03,0.0007742049782974578
2017-04-04,0.014657905745218424
2017-04-05,0.0025747206231351333
2017-04-06,0.0
2017-04-07,0.0
2017-04-10,0.0
2017-04-11,1.0
2017-04-12,1.0
2017-04-13,1.0
2017-04-17,1.0
2017-04-18,1.0
2017-04-19,1.0
2017-04-20,1.0
2017-04-21,1.0
2017-04-24,1.0
2017-04-25,1.0
2017-04-26,1.0
2017-04-27,1.0
2017-04-28,1.0
2017-05-01,1.0
2017-05-02,1.0
2017-05-03,1.0
2017-05-04,1.0
2017-05-05,1.0
2017-05-08,1.0
2017-05-09,1.0
2017-05-10,1.0
2017-05-11,1.0
2017-05-12,1.0
2017-05-15,1.0
2017-05-16,1.0
2017-05-17,1.0
2017-05-18,1.0
2017-05-19,1.0
2017-05-22,1.0
2017-05-23,1.0
2017-05-24,1.0
2017-05-25,0.0
2017-05-26,0.0
2017-05-30,0.08204308307486245
2017-05-31,1.0
2017-06-01,0.0
2017-06-02,0.0
2017-06-05,0.0
2017-06-06,0.027224064533669583
2017-06-07,0.0
2017-06-08,0.0
2017-06-09,1.0
2017-06-12,0.0
2017-06-13,0.003547367548967818
2017-06-14,0.02202906605433922
2017-06-15,0.0
2017-06-16,1.0
2017-06-19,0.0
2017-06-20,0.0046094540426463914
2017-06-21,0.007724161869405399
2017-06-22,0.0
2017-06-23,0.0
2017-06-26,0.0
2017-06-27,1.0
2017-06-28,1.0
2017-06-29,1.0
2017-06-30,1.0
2017-07-03,1.0
2017-07-05,1.0
2017-07-06,1.0
2017-07-07,1.0
2017-07-10,1.0
2017-07-11,1.0
2017-07-12,1.0
2017-07-13,1.0
2017-07-14,1.0
2017-07-17,1.0
2017-07-18,1.0
2017-07-19,1.0
2017-07-20,1.0
2017-07-21,1.0
2017-07-24,1.0
2017-07-25,0.0
2017-07-26,0.0
2017-07-27,0.0
2017-07-28,0.0
2017-07-31,1.0
2017-08-01,1.0
2017-08-02,1.0
2017-08-03,1.0
2017-08-04,1.0
2017-08-07,1.0
2017-08-08,1.0
2017-08-09,1.0
2017-08-10,1.0
2017-08-11,1.0
2017-08-14,1.0
2017-08-15,1.0
2017-08-16,1.0
2017-08-17,1.0
2017-08-18,1.0
2017-08-21,1.0
2017-08-22,1.0
2017-08-23,1.0
2017-08-24,1.0
2017-08-25,1.0
2017-08-28,1.0
2017-08-29,1.0
2017-08-30,0.0
2017-08-31,0.0
2017-09-01,0.0
2017-09-05,0.0
2017-09-06,0.0
2017-09-07,0.0
2017-09-08,0.005536543735418995
2017-09-11,0.01758227813208968
2017-09-12,0.012585721600294548
2017-09-13,0.0
2017-09-14,0.0
2017-09-15,0.0
2017-09-18,0.0
2017-09-19,0.006832848003771151
2017-09-20,0.0
2017-09-21,0.0
2017-09-22,0.0
2017-09-25,1.0
2017-09-26,1.0
2017-09-27,1.0
2017-09-28,1.0
2017-09-29,1.0
2017-10-02,1.0
2017-10-03,1.0
2017-10-04,1.0
2017-10-05,1.0
2017-10-06,1.0
2017-10-09,1.0
2017-10-10,1.0
2017-10-11,1.0
2017-10-12,1.0
2017-10-13,1.0
2017-10-16,1.0
2017-10-17,1.0
2017-10-18,1.0
2017-10-19,1.0
2017-10-20,1.0
2017-10-23,1.0
2017-10-24,1.0
2017-10-25,1.0
2017-10-26,1.0
2017-10-27,1.0
2017-10-30,1.0
2017-10-31,1.0
2017-11-01,1.0
2017-11-02,1.0
2017-11-03,1.0
2017-11-06,1.0
2017-11-07,1.0
2017-11-08,1.0
2017-11-09,1.0
2017-11-10,1.0
2017-11-13,0.0
2017-11-14,0.0
2017-11-15,1.0
2017-11-16,1.0
2017-11-17,1.0
2017-11-20,1.0
2017-11-21,1.0
2017-11-22,1.0
2017-11-24,1.0
2017-11-27,1.0
2017-11-28,1.0
2017-11-29,1.0
2017-11-30,1.0
2017-12-01,1.0
2017-12-04,0.0
2017-12-05,1.0
2017-12-06,0.0
2017-12-07,1.0
2017-12-08,1.0
2017-12-11,1.0
2017-12-12,1.0
2017-12-13,0.0
2017-12-14,1.0
2017-12-15,0.0
2017-12-18,0.0
2017-12-19,0.0
2017-12-20,1.0
2017-12-21,1.0
2017-12-22,1.0
2017-12-26,1.0
2017-12-27,1.0
2017-12-28,1.0
2017-12-29,1.0
2018-01-02,1.0
2018-01-03,1.0
2018-01-04,1.0
2018-01-05,1.0
2018-01-08,1.0
2018-01-09,1.0
2018-01-10,1.0
2018-01-11,1.0
2018-01-12,1.0
2018-01-16,1.0
2018-01-17,0.0
2018-01-18,0.0002521056882427599
2018-01-19,0.0
2018-01-22,0.0003871024891487289
2018-01-23,0.0010263106665402177
2018-01-24,0.0
2018-01-25,0.0
2018-01-26,0.0
2018-01-29,0.0
2018-01-30,0.0
2018-01-31,0.0
2018-02-01,0.0
2018-02-02,0.0002521056882427599
2018-02-05,0.0
2018-02-06,0.0
2018-02-07,0.016861736894499758
2018-02-08,0.0018005156448376754
2018-02-09,0.007742049782974578
2018-02-12,0.0003871024891487289
2018-02-13,0.0
2018-02-14,0.0
2018-02-15,0.0
2018-02-16,0.0036010312896753507
2018-02-20,0.0
2018-02-21,0.030833202330992376
2018-02-22,0.0
2018-02-23,0.0007742049782974578
2018-02-26,0.0
2018-02-27,0.0
2018-02-28,0.0
2018-03-01,1.0
2018-03-02,1.0
2018-03-05,1.0
2018-03-06,1.0
2018-03-07,1.0
2018-03-08,1.0
2018-03-09,0.0
2018-03-12,0.022064841881477577
2018-03-13,0.0008913138656342485
2018-03-14,0.0
2018-03-15,0.0
2018-03-16,0.0007742049782974578
2018-03-19,0.009471013773535538
2018-03-20,0.0
2018-03-21,0.0
2018-03-22,0.0
2018-03-23,1.0
2018-03-26,0.0
2018-03-27,0.025288552087925933
2018-03-28,0.0
2018-03-29,0.020732761785987062
2018-04-02,1.0
2018-04-03,1.0
2018-04-04,0.0
2018-04-05,0.0
2018-04-06,0.0
2018-04-09,0.0
2018-04-10,0.0
2018-04-11,0.0
2018-04-12,0.0
2018-04-13,0.0
2018-04-16,0.0
2018-04-17,0.0
2018-04-18,0.0
2018-04-19,0.0
2018-04-20,0.0
2018-04-23,0.0
2018-04-24,0.0
2018-04-25,0.0
2018-04-26,0.0
2018-04-27,0.0
2018-04-30,0.0
2018-05-01,0.0
2018-05-02,0.0
2018-05-03,0.016240416630677445
2018-05-04,0.0019355124457436446
2018-05-07,0.0
2018-05-08,0.0
2018-05-09,1.0
2018-05-10,1.0
2018-05-11,1.0
2018-05-14,1.0
2018-05-15,1.0
2018-05-16,1.0
2018-05-17,1.0
2018-05-18,1.0
2018-05-21,1.0
2018-05-22,1.0
2018-05-23,1.0
2018-05-24,1.0
2018-05-25,1.0
2018-05-29,1.0
2018-05-30,1.0
2018-05-31,1.0
2018-06-01,1.0
2018-06-04,1.0
2018-06-05,1.0
2018-06-06,1.0
2018-06-07,1.0
2018-06-08,1.0
2018-06-11,1.0
2018-06-12,1.0
2018-06-13,1.0
2018-06-14,1.0
2018-06-15,1.0
2018-06-18,1.0
2018-06-19,1.0
2018-06-20,1.0
2018-06-21,1.0
2018-06-22,1.0
2018-06-25,1.0
2018-06-26,1.0
2018-06-27,1.0
2018-06-28,1.0
2018-06-29,1.0
2018-07-02,1.0
2018-07-03,1.0
2018-07-05,1.0
2018-07-06,1.0
2018-07-09,1.0
2018-07-10,1.0
2018-07-11,0.0
2018-07-12,0.0
2018-07-13,0.0
2018-07-16,0.0
2018-07-17,0.0
2018-07-18,0.0
2018-07-19,0.0
2018-07-20,0.0
2018-07-23,0.0006392081773914887
2018-07-24,0.002961823112283862
2018-07-25,0.0
2018-07-26,0.0
2018-07-27,0.0
2018-07-30,1.0
2018-07-31,1.0
2018-08-01,1.0
2018-08-02,1.0
2018-08-03,1.0
2018-08-06,1.0
2018-08-07,1.0
2018-08-08,1.0
2018-08-09,0.0
2018-08-10,1.0
2018-08-13,1.0
2018-08-14,0.0
2018-08-15,0.005131553332701088
2018-08-16,0.0
2018-08-17,0.00424023946706684
2018-08-20,0.0
2018-08-21,0.0
2018-08-22,0.0
2018-08-23,0.014322792098502972
2018-08-24,0.0
2018-08-27,0.0
2018-08-28,0.0
2018-08-29,0.0
2018-08-30,0.0
2018-08-31,0.0
2018-09-04,0.0
2018-09-05,0.0018005156448376754
2018-09-06,0.0
2018-09-07,0.0
2018-09-10,0.0
2018-09-11,0.0
2018-09-12,0.0
2018-09-13,0.0
2018-09-14,0.0
2018-09-17,0.0
2018-09-18,0.0
2018-09-19,0.0
2018-09-20,0.0
2018-09-21,0.0
2018-09-24,0.0
2018-09-25,0.0
2018-09-26,0.0
2018-09-27,0.0
2018-09-28,0.0
2018-10-01,0.0
2018-10-02,0.0030968199131898313
2018-10-03,0.0
2018-10-04,0.0
2018-10-05,0.0
2018-10-08,0.0
2018-10-09,0.0
2018-10-10,0.0
2018-10-11,0.0
2018-10-12,0.0
2018-10-15,1.0
2018-10-16,1.0
2018-10-17,1.0
2018-10-18,1.0
2018-10-19,1.0
2018-10-22,1.0
2018-10-23,1.0
2018-10-24,1.0
2018-10-25,1.0
2018-10-26,1.0
2018-10-29,1.0
2018-10-30,1.0
2018-10-31,1.0
2018-11-01,1.0
2018-11-02,1.0
2018-11-05,1.0
2018-11-06,1.0
2018-11-07,1.0
2018-11-08,1.0
2018-11-09,0.0
2018-11-12,1.0
2018-11-13,1.0
2018-11-14,1.0
2018-11-15,1.0
2018-11-16,1.0
2018-11-19,0.0
2018-11-20,0.0
2018-11-21,0.0
2018-11-23,0.0
2018-11-26,0.0
2018-11-27,0.0
2018-11-28,0.0
2018-11-29,0.0
2018-11-30,0.0
2018-12-03,0.0
2018-12-04,0.0
2018-12-06,0.0
2018-12-07,0.0
2018-12-10,0.0
2018-12-11,0.0
2018-12-12,0.0
2018-12-13,0.0
2018-12-14,0.0
2018-12-17,0.0
2018-12-18,0.0
2018-12-19,1.0
2018-12-20,1.0
2018-12-21,1.0
2018-12-24,1.0
2018-12-26,1.0
2018-12-27,1.0
2018-12-28,1.0
2018-12-31,1.0
2019-01-02,1.0
2019-01-03,1.0
2019-01-04,1.0
2019-01-07,1.0
2019-01-08,1.0
2019-01-09,1.0
2019-01-10,1.0
2019-01-11,1.0
2019-01-14,1.0
2019-01-15,1.0
2019-01-16,1.0
2019-01-17,1.0
2019-01-18,1.0
2019-01-22,1.0
2019-01-23,1.0
2019-01-24,1.0
2019-01-25,1.0
2019-01-28,1.0
2019-01-29,1.0
2019-01-30,1.0
2019-01-31,1.0
2019-02-01,1.0
2019-02-04,1.0
2019-02-05,1.0
2019-02-06,1.0
2019-02-07,1.0
2019-02-08,1.0
2019-02-11,1.0
2019-02-12,1.0
2019-02-13,1.0
2019-02-14,1.0
2019-02-15,1.0
2019-02-19,1.0
2019-02-20,1.0
2019-02-21,1.0
2019-02-22,1.0
2019-02-25,1.0
2019-02-26,1.0
2019-02-27,1.0
2019-02-28,0.0
2019-03-01,0.0
2019-03-04,0.0
2019-03-05,0.0
2019-03-06,0.0
2019-03-07,0.0
2019-03-08,0.0
2019-03-11,0.0
2019-03-12,0.0
2019-03-13,0.0
2019-03-14,0.0
2019-03-15,0.013999134755983494
2019-03-18,0.0
2019-03-19,0.0
2019-03-20,0.0
2019-03-21,0.0
2019-03-22,1.0
2019-03-25,0.0
2019-03-26,0.0
2019-03-27,0.0
2019-03-28,0.0
2019-03-29,0.0
2019-04-01,1.0
2019-04-02,1.0
2019-04-03,1.0
2019-04-04,1.0
2019-04-05,1.0
2019-04-08,1.0
2019-04-09,1.0
2019-04-10,1.0
2019-04-11,1.0
2019-04-12,1.0
2019-04-15,1.0
2019-04-16,1.0
2019-04-17,1.0
2019-04-18,1.0
2019-04-22,1.0
2019-04-23,1.0
2019-04-24,1.0
2019-04-25,1.0
2019-04-26,1.0
2019-04-29,1.0
2019-04-30,1.0
2019-05-01,1.0
2019-05-02,1.0
2019-05-03,0.0
2019-05-06,0.0
2019-05-07,1.0
2019-05-08,1.0
2019-05-09,1.0
2019-05-10,0.0
2019-05-13,1.0
2019-05-14,1.0
2019-05-15,0.0
2019-05-16,0.0
2019-05-17,0.0
2019-05-20,0.0
2019-05-21,0.0
2019-05-22,0.0
2019-05-23,0.0
2019-05-24,0.0
2019-05-28,1.0
2019-05-29,1.0
2019-05-30,1.0
2019-05-31,1.0
2019-06-03,1.0
2019-06-04,1.0
2019-06-05,0.0
2019-06-06,0.0
2019-06-07,0.0
2019-06-10,0.0
2019-06-11,0.0
2019-06-12,0.0
2019-06-13,1.0
2019-06-14,1.0
2019-06-17,1.0
2019-06-18,1.0
2019-06-19,1.0
2019-06-20,1.0
2019-06-21,1.0
2019-06-24,1.0
2019-06-25,1.0
2019-06-26,1.0
2019-06-27,1.0
2019-06-28,1.0
2019-07-01,0.0
2019-07-02,0.0
2019-07-03,0.0
2019-07-05,0.0
2019-07-08,0.0
2019-07-09,0.0
2019-07-10,0.0
2019-07-11,0.0
2019-07-12,0.0
2019-07-15,0.0019355124457436446
2019-07-16,0.0
2019-07-17,0.0
2019-07-18,0.015557326118500135
2019-07-19,0.018824918659734305
2019-07-22,0.0
2019-07-23,0.0
2019-07-24,0.01254994577315619
2019-07-25,0.0
2019-07-26,0.0
2019-07-29,0.0
2019-07-30,0.0
2019-07-31,0.0
2019-08-01,0.0
2019-08-02,0.016907294127559834
2019-08-05,0.0
2019-08-06,0.019051029926760433
2019-08-07,0.0
2019-08-08,0.0
2019-08-09,0.014251240444226255
2019-08-12,1.0
2019-08-13,0.0
2019-08-14,1.0
2019-08-15,1.0
2019-08-16,1.0
2019-08-19,0.0
2019-08-20,0.0
2019-08-21,0.0
2019-08-22,1.0
2019-08-23,1.0
2019-08-26,1.0
2019-08-27,1.0
2019-08-28,0.0
2019-08-29,1.0
2019-08-30,0.0
2019-09-03,1.0
2019-09-04,0.0
2019-09-05,0.0
2019-09-06,1.0
2019-09-09,1.0
2019-09-10,0.0
2019-09-11,1.0
2019-09-12,0.0
2019-09-13,0.0
2019-09-16,0.0
2019-09-17,0.0
2019-09-18,0.0
2019-09-19,0.0
2019-09-20,0.0
2019-09-23,0.0
2019-09-24,0.0
2019-09-25,0.0
2019-09-26,0.0
2019-09-27,0.0
2019-09-30,0.0
2019-10-01,0.0
2019-10-02,1.0
2019-10-03,1.0
2019-10-04,0.0
2019-10-07,1.0
2019-10-08,1.0
2019-10-09,0.0
2019-10-10,0.0037360280905813195
2019-10-11,0.0
2019-10-14,0.0
2019-10-15,0.0
2019-10-16,0.0
2019-10-17,0.0
2019-10-18,1.0
2019-10-21,1.0
2019-10-22,1.0
2019-10-23,1.0
2019-10-24,1.0
2019-10-25,1.0
2019-10-28,1.0
2019-10-29,1.0
2019-10-30,1.0
2019-10-31,1.0
2019-11-01,1.0
2019-11-04,1.0
2019-11-05,1.0
2019-11-06,1.0
2019-11-07,1.0
2019-11-08,1.0
2019-11-11,1.0
2019-11-12,1.0
2019-11-13,1.0
2019-11-14,1.0
2019-11-15,1.0
2019-11-18,1.0
2019-11-19,1.0
2019-11-20,1.0
2019-11-21,1.0
2019-11-22,1.0
2019-11-25,1.0
2019-11-26,1.0
2019-11-27,1.0
2019-11-29,1.0
2019-12-02,1.0
2019-12-03,1.0
2019-12-04,1.0
2019-12-05,1.0
2019-12-06,1.0
2019-12-09,1.0
2019-12-10,1.0
2019-12-11,1.0
2019-12-12,1.0
2019-12-13,1.0
2019-12-16,1.0
2019-12-17,1.0
2019-12-18,1.0
2019-12-19,1.0
2019-12-20,1.0
2019-12-23,1.0
2019-12-24,1.0
2019-12-26,1.0
2019-12-27,1.0
2019-12-30,1.0
2019-12-31,1.0
2020-01-02,1.0
2020-01-03,1.0
2020-01-06,1.0
2020-01-07,1.0
2020-01-08,1.0
2020-01-09,1.0
2020-01-10,1.0
2020-01-13,1.0
2020-01-14,1.0
2020-01-15,1.0
2020-01-16,1.0
2020-01-17,1.0
2020-01-21,1.0
2020-01-22,1.0
2020-01-23,1.0
2020-01-24,1.0
2020-01-27,1.0
2020-01-28,1.0
2020-01-29,1.0
2020-01-30,1.0
2020-01-31,1.0
2020-02-03,1.0
2020-02-04,0.0
2020-02-05,0.0
2020-02-06,0.0
2020-02-07,0.0
2020-02-10,0.0
2020-02-11,0.0
2020-02-12,0.011424414132848362
2020-02-13,0.00708495369201391
2020-02-14,0.0
2020-02-18,0.0
2020-02-19,0.0
2020-02-20,0.0
2020-02-21,0.0
2020-02-24,0.0
2020-02-25,0.0
2020-02-26,0.0
2020-02-27,0.0
2020-02-28,0.0
2020-03-02,0.0
2020-03-03,0.0
2020-03-04,0.0
2020-03-05,0.0
2020-03-06,0.0
2020-03-09,0.0
2020-03-10,0.0
2020-03-11,0.0
2020-03-12,0.0
2020-03-13,0.0
2020-03-16,0.0026918295104719236
2020-03-17,0.0
2020-03-18,1.0
2020-03-19,1.0
2020-03-20,1.0
2020-03-23,1.0
2020-03-24,1.0
2020-03-25,1.0
2020-03-26,1.0
2020-03-27,1.0
2020-03-30,1.0
2020-03-31,1.0
2020-04-01,1.0
2020-04-02,1.0
2020-04-03,1.0
2020-04-06,1.0
2020-04-07,1.0
2020-04-08,1.0
2020-04-09,1.0
2020-04-13,1.0
2020-04-14,0.0
2020-04-15,0.0
2020-04-16,0.0
2020-04-17,0.0
2020-04-20,1.0
2020-04-21,1.0
2020-04-22,1.0
2020-04-23,1.0
2020-04-24,1.0
2020-04-27,1.0
2020-04-28,1.0
2020-04-29,1.0
2020-04-30,1.0
2020-05-01,1.0
2020-05-04,1.0
2020-05-05,1.0
2020-05-06,1.0
2020-05-07,1.0
2020-05-08,1.0
2020-05-11,1.0
2020-05-12,1.0
2020-05-13,1.0
2020-05-14,1.0
2020-05-15,1.0
2020-05-18,1.0
2020-05-19,1.0
2020-05-20,1.0
2020-05-21,1.0
2020-05-22,1.0
2020-05-26,1.0
2020-05-27,0.0
2020-05-28,0.0
2020-05-29,0.0
2020-06-01,0.0
2020-06-02,0.0
2020-06-03,0.010128109864496205
2020-06-04,0.0016655188439317064
2020-06-05,0.0008913138656342485
2020-06-08,0.0010263106665402177
2020-06-09,0.0
2020-06-10,0.0
2020-06-11,1.0
2020-06-12,1.0
2020-06-15,1.0
2020-06-16,1.0
2020-06-17,1.0
2020-06-18,1.0
2020-06-19,1.0
2020-06-22,1.0
2020-06-23,1.0
2020-06-24,1.0
2020-06-25,1.0
2020-06-26,1.0
2020-06-29,1.0
2020-06-30,1.0
2020-07-01,1.0
2020-07-02,1.0
2020-07-06,1.0
2020-07-07,1.0
2020-07-08,1.0
2020-07-09,1.0
2020-07-10,1.0
2020-07-13,1.0
2020-07-14,1.0
2020-07-15,1.0
2020-07-16,1.0
2020-07-17,1.0
2020-07-20,1.0
2020-07-21,1.0
2020-07-22,1.0
2020-07-23,1.0
2020-07-24,1.0
2020-07-27,1.0
2020-07-28,1.0
2020-07-29,1.0
2020-07-30,1.0
2020-07-31,1.0
2020-08-03,1.0
2020-08-04,1.0
2020-08-05,0.0
2020-08-06,0.0
2020-08-07,0.0
2020-08-10,1.0
2020-08-11,1.0
2020-08-12,1.0
2020-08-13,0.0
2020-08-14,0.0
2020-08-17,0.0
2020-08-18,0.0
2020-08-19,0.0
2020-08-20,0.0
2020-08-21,0.0
2020-08-24,0.0
2020-08-25,0.0
2020-08-26,0.0
2020-08-27,0.0
2020-08-28,0.0
2020-08-31,0.0
2020-09-01,0.0
2020-09-02,0.0057528735965234
2020-09-03,0.003078931999620653
2020-09-04,0.0008913138656342485
2020-09-08,0.0024397238222291645
2020-09-09,0.0
2020-09-10,0.0
2020-09-11,0.0
2020-09-14,0.015799650400821177
2020-09-15,0.0
2020-09-16,0.0
2020-09-17,0.0
2020-09-18,1.0
2020-09-21,1.0
2020-09-22,1.0
2020-09-23,1.0
2020-09-24,1.0
2020-09-25,1.0
2020-09-28,0.0
2020-09-29,1.0
2020-09-30,0.0
2020-10-01,0.0
2020-10-02,0.0
2020-10-05,1.0
2020-10-06,1.0
2020-10-07,1.0
2020-10-08,1.0
2020-10-09,0.0
2020-10-12,0.0
2020-10-13,0.0
2020-10-14,0.0
2020-10-15,0.0
2020-10-16,0.0
2020-10-19,1.0
2020-10-20,1.0
2020-10-21,1.0
2020-10-22,1.0
2020-10-23,1.0
2020-10-26,1.0
2020-10-27,1.0
2020-10-28,1.0
2020-10-29,1.0
2020-10-30,1.0
2020-11-02,1.0
2020-11-03,1.0
2020-11-04,1.0
2020-11-05,1.0
2020-11-06,1.0
2020-11-09,1.0
2020-11-10,1.0
2020-11-11,1.0
2020-11-12,1.0
2020-11-13,1.0
2020-11-16,1.0
2020-11-17,1.0
2020-11-18,1.0
2020-11-19,1.0
2020-11-20,1.0
2020-11-23,1.0
2020-11-24,1.0
2020-11-25,1.0
2020-11-27,1.0
2020-11-30,1.0
2020-12-01,1.0
2020-12-02,1.0
2020-12-03,1.0
2020-12-04,1.0
2020-12-07,1.0
2020-12-08,1.0
2020-12-09,1.0
2020-12-10,1.0
2020-12-11,1.0
2020-12-14,1.0
2020-12-15,1.0
2020-12-16,1.0
2020-12-17,1.0
2020-12-18,1.0
2020-12-21,1.0
2020-12-22,1.0
2020-12-23,1.0
2020-12-24,1.0
2020-12-28,0.0
2020-12-29,0.0
2020-12-30,0.0
2020-12-31,0.0
2021-01-04,0.0
2021-01-05,0.0
2021-01-06,0.033741361702568695
2021-01-07,0.0
2021-01-08,0.0
2021-01-11,0.0
2021-01-12,0.0
2021-01-13,0.0
2021-01-14,0.0072833956395491365
2021-01-15,0.0
2021-01-19,0.0
2021-01-20,0.0
2021-01-21,1.0
2021-01-22,1.0
2021-01-25,1.0
2021-01-26,1.0
2021-01-27,1.0
2021-01-28,1.0
2021-01-29,1.0
2021-02-01,1.0
2021-02-02,0.0
2021-02-03,0.0014134131556889466
2021-02-04,0.0018005156448376754
2021-02-05,0.0
2021-02-08,0.0
2021-02-09,0.005887870397429368
2021-02-10,0.0003871024891487289
2021-02-11,0.0023226149348923733
2021-02-12,0.0019355124457436446
2021-02-16,0.0011613074674461867
2021-02-17,0.002187618133986404
2021-02-18,0.0
2021-02-19,0.0
2021-02-22,0.0
2021-02-23,0.0
2021-02-24,0.0
2021-02-25,1.0
2021-02-26,0.0
2021-03-01,1.0
2021-03-02,1.0
2021-03-03,1.0
2021-03-04,1.0
2021-03-05,1.0
2021-03-08,1.0
2021-03-09,1.0
2021-03-10,1.0
2021-03-11,1.0
2021-03-12,1.0
2021-03-15,1.0
2021-03-16,1.0
2021-03-17,1.0
2021-03-18,1.0
2021-03-19,1.0
2021-03-22,1.0
2021-03-23,1.0
2021-03-24,1.0
2021-03-25,1.0
2021-03-26,1.0
2021-03-29,1.0
2021-03-30,1.0
2021-03-31,1.0
2021-04-01,1.0
2021-04-05,1.0
2021-04-06,1.0
2021-04-07,1.0
2021-04-08,1.0
2021-04-09,1.0
2021-04-12,1.0
2021-04-13,0.0
2021-04-14,1.0
2021-04-15,0.0
2021-04-16,0.0
2021-04-19,0.0
2021-04-20,0.0
2021-04-21,0.0
2021-04-22,0.0
2021-04-23,0.0
2021-04-26,0.0
2021-04-27,0.0
2021-04-28,0.0
2021-04-29,0.0
2021-04-30,0.0
2021-05-03,0.0
2021-05-04,0.0
2021-05-05,0.0
2021-05-06,0.0
2021-05-07,1.0
2021-05-10,1.0
2021-05-11,1.0
2021-05-12,1.0
2021-05-13,1.0
2021-05-14,1.0
2021-05-17,1.0
2021-05-18,1.0
2021-05-19,1.0
2021-05-20,1.0
2021-05-21,1.0
2021-05-24,0.0
2021-05-25,0.0
2021-05-26,0.0
2021-05-27,0.0
2021-05-28,0.0
2021-06-01,0.0
2021-06-02,0.0
2021-06-03,0.0
2021-06-04,0.0
2021-06-07,0.0
2021-06-08,0.0
2021-06-09,0.0
2021-06-10,0.0
2021-06-11,0.0
2021-06-14,0.0
2021-06-15,0.0
2021-06-16,0.0
2021-06-17,0.0
2021-06-18,0.0
2021-06-21,0.0
2021-06-22,0.0
2021-06-23,1.0
2021-06-24,1.0
2021-06-25,0.0
2021-06-28,1.0
2021-06-29,1.0
2021-06-30,1.0
2021-07-01,1.0
2021-07-02,1.0
2021-07-06,1.0
2021-07-07,1.0
2021-07-08,1.0
2021-07-09,1.0
2021-07-12,1.0
2021-07-13,1.0
2021-07-14,1.0
2021-07-15,1.0
2021-07-16,1.0
2021-07-19,1.0
2021-07-20,1.0
2021-07-21,1.0
2021-07-22,1.0
2021-07-23,0.0
2021-07-26,0.0
2021-07-27,1.0
2021-07-28,1.0
2021-07-29,1.0
2021-07-30,1.0
2021-08-02,1.0
2021-08-03,1.0
2021-08-04,1.0
2021-08-05,1.0
2021-08-06,0.0
2021-08-09,0.009155462938663523
2021-08-10,0.0
2021-08-11,0.0
2021-08-12,0.014926224448756104
2021-08-13,0.0
2021-08-16,0.0
2021-08-17,0.0
2021-08-18,1.0
2021-08-19,0.03602820081032271
2021-08-20,0.0
2021-08-23,0.0
2021-08-24,0.0
2021-08-25,0.0
2021-08-26,0.0003871024891487289
2021-08-27,0.008129152272123307
2021-08-30,0.0010263106665402177
2021-08-31,0.0016655188439317064
2021-09-01,0.0
2021-09-02,0.009506789600673894
2021-09-03,0.0
2021-09-07,0.0
2021-09-08,0.0
2021-09-09,0.0
2021-09-10,0.0
2021-09-13,0.0
2021-09-14,0.0
2021-09-15,0.0
2021-09-16,0.03864847866651791
2021-09-17,0.0
2021-09-20,0.0
2021-09-21,0.0
2021-09-22,0.0
2021-09-23,0.014908336535186925
2021-09-24,0.007553389241361074
2021-09-27,0.0
2021-09-28,0.0
2021-09-29,0.0
2021-09-30,0.0
2021-10-01,0.0
2021-10-04,0.0
2021-10-05,0.0
2021-10-06,0.0
2021-10-07,0.0
2021-10-08,0.0
2021-10-11,0.015684216411758645
2021-10-12,0.09838915228868093
2021-10-13,1.0
2021-10-14,1.0
2021-10-15,1.0
2021-10-18,1.0
2021-10-19,1.0
2021-10-20,1.0
2021-10-21,1.0
2021-10-22,1.0
2021-10-25,1.0
2021-10-26,1.0
2021-10-27,1.0
2021-10-28,1.0
2021-10-29,1.0
2021-11-01,1.0
2021-11-02,1.0
2021-11-03,1.0
2021-11-04,1.0
2021-11-05,0.0
2021-11-08,0.0
2021-11-09,0.0
2021-11-10,0.0
2021-11-11,0.0
2021-11-12,0.0
2021-11-15,0.0
2021-11-16,0.0
2021-11-17,0.0024397238222291645
2021-11-18,0.0
2021-11-19,0.0036010312896753507
2021-11-22,0.0
2021-11-23,0.0
2021-11-24,0.0
2021-11-26,1.0
2021-11-29,1.0
2021-11-30,1.0
2021-12-01,1.0
2021-12-02,1.0
2021-12-03,1.0
2021-12-06,1.0
2021-12-07,1.0
2021-12-08,1.0
2021-12-09,1.0
2021-12-10,1.0
2021-12-13,1.0
2021-12-14,1.0
2021-12-15,1.0
2021-12-16,1.0
2021-12-17,1.0
2021-12-20,1.0
2021-12-21,1.0
2021-12-22,0.0
2021-12-23,0.0
2021-12-27,0.0
2021-12-28,0.023281487987905566
2021-12-29,0.0
2021-12-30,0.0
2021-12-31,0.0007742049782974578
2022-01-03,0.0016655188439317064
2022-01-04,0.0
2022-01-05,0.0014134131556889464
2022-01-06,0.0006392081773914887
2022-01-07,0.004897335558027507
2022-01-10,0.006697851202865183
2022-01-11,0.0
2022-01-12,0.0
2022-01-13,0.0012784163547829774
2022-01-14,0.0014134131556889464
2022-01-18,0.0022868391077540172
2022-01-19,0.010145997778065383
2022-01-20,0.0023226149348923733
2022-01-21,0.0
2022-01-24,0.0
2022-01-25,0.05059191027659642
2022-01-26,0.0
2022-01-27,1.0
2022-01-28,0.0
2022-01-31,0.009677562228718222
2022-02-01,0.004204463639928484
2022-02-02,0.003565255462536995
2022-02-03,0.005401546934513026
2022-02-04,0.0024397238222291645
2022-02-07,0.003348925601432591
2022-02-08,0.0
2022-02-09,0.0019355124457436446
2022-02-10,0.003061044086051475
2022-02-11,0.0
2022-02-14,0.0
2022-02-15,0.0
2022-02-16,0.0
2022-02-17,0.005401546934513026
2022-02-18,0.005518655821849817
2022-02-22,0.0023226149348923733
2022-02-23,0.0
2022-02-24,0.0
2022-02-25,0.0
2022-02-28,0.004627341956215569
2022-03-01,0.002961823112283862
2022-03-02,0.0
2022-03-03,0.0
2022-03-04,0.0
2022-03-07,1.0
2022-03-08,1.0
2022-03-09,1.0
2022-03-10,1.0
2022-03-11,1.0
2022-03-14,1.0
2022-03-15,1.0
2022-03-16,1.0
2022-03-17,1.0
2022-03-18,1.0
2022-03-21,1.0
2022-03-22,0.0
2022-03-23,1.0
2022-03-24,1.0
2022-03-25,1.0
2022-03-28,1.0
2022-03-29,1.0
2022-03-30,1.0
2022-03-31,1.0
2022-04-01,1.0
2022-04-04,1.0
2022-04-05,1.0
2022-04-06,1.0
2022-04-07,1.0
2022-04-08,1.0
2022-04-11,1.0
2022-04-12,1.0
2022-04-13,1.0
2022-04-14,1.0
2022-04-18,1.0
2022-04-19,1.0
2022-04-20,1.0
2022-04-21,0.0
2022-04-22,1.0
2022-04-25,0.0
2022-04-26,0.0
2022-04-27,0.0
2022-04-28,0.0
2022-04-29,1.0
2022-05-02,1.0
2022-05-03,1.0
2022-05-04,1.0
2022-05-05,1.0
2022-05-06,1.0
2022-05-09,1.0
2022-05-10,1.0
2022-05-11,1.0
2022-05-12,1.0
2022-05-13,0.0
2022-05-16,0.0
2022-05-17,0.0
2022-05-18,1.0
2022-05-19,1.0
2022-05-20,1.0
2022-05-23,1.0
2022-05-24,1.0
2022-05-25,1.0
2022-05-26,1.0
2022-05-27,0.0
2022-05-31,1.0
2022-06-01,1.0
2022-06-02,0.0
2022-06-03,1.0
2022-06-06,0.0
2022-06-07,0.0
2022-06-08,1.0
2022-06-09,1.0
2022-06-10,1.0
2022-06-13,1.0
2022-06-14,1.0
2022-06-15,1.0
2022-06-16,1.0
2022-06-17,1.0
2022-06-21,1.0
2022-06-22,1.0
2022-06-23,1.0
2022-06-24,1.0
2022-06-27,1.0
2022-06-28,1.0
2022-06-29,1.0
2022-06-30,1.0
2022-07-01,1.0
2022-07-05,1.0
2022-07-06,0.0
2022-07-07,0.0
2022-07-08,0.0
2022-07-11,0.005806537337230933
2022-07-12,0.0
2022-07-13,0.0
2022-07-14,0.0
2022-07-15,0.0
2022-07-18,0.0023226149348923733
2022-07-19,0.0
2022-07-20,0.0
2022-07-21,0.0
2022-07-22,0.0
2022-07-25,0.0
2022-07-26,0.0
2022-07-27,0.0
2022-07-28,0.005131553332701088
2022-07-29,0.0016655188439317064
2022-08-01,0.0003871024891487289
2022-08-02,0.009506789600673896
2022-08-03,0.0
2022-08-04,0.0
2022-08-05,0.0
2022-08-08,0.0
2022-08-09,1.0
2022-08-10,0.0
2022-08-11,1.0
2022-08-12,0.0
2022-08-15,0.0
2022-08-16,0.0
2022-08-17,0.0
2022-08-18,0.0
2022-08-19,0.0
2022-08-22,0.0
2022-08-23,0.0
2022-08-24,0.0
2022-08-25,0.0
2022-08-26,0.0
2022-08-29,0.01645674649178185
2022-08-30,0.0
2022-08-31,0.01142441413284836
2022-09-01,0.0
2022-09-02,0.008813917682574873
2022-09-06,0.0
2022-09-07,0.0
2022-09-08,0.0012784163547829774
2022-09-09,0.0
2022-09-12,0.0
2022-09-13,0.0
2022-09-14,0.0
2022-09-15,1.0
2022-09-16,1.0
2022-09-19,1.0
2022-09-20,1.0
2022-09-21,1.0
2022-09-22,1.0
2022-09-23,1.0
2022-09-26,1.0
2022-09-27,1.0
2022-09-28,0.0
2022-09-29,1.0
2022-09-30,1.0
2022-10-03,1.0
2022-10-04,0.0
2022-10-05,0.0
2022-10-06,0.0
2022-10-07,1.0
2022-10-10,0.0
2022-10-11,1.0
2022-10-12,1.0
2022-10-13,1.0
2022-10-14,1.0
2022-10-17,1.0
2022-10-18,1.0
2022-10-19,1.0
2022-10-20,1.0
2022-10-21,1.0
2022-10-24,1.0
2022-10-25,1.0
2022-10-26,1.0
2022-10-27,1.0
2022-10-28,1.0
2022-10-31,1.0
2022-11-01,1.0
2022-11-02,1.0
2022-11-03,1.0
2022-11-04,1.0
2022-11-07,1.0
2022-11-08,1.0
2022-11-09,1.0
2022-11-10,1.0
2022-11-11,1.0
2022-11-14,1.0
2022-11-15,1.0
2022-11-16,1.0
2022-11-17,1.0
2022-11-18,1.0
2022-11-21,0.0
2022-11-22,0.0
2022-11-23,0.014674118760513345
2022-11-25,0.0033131497742942342
2022-11-28,0.0
2022-11-29,1.0
2022-11-30,0.0
2022-12-01,0.0
2022-12-02,0.007049177864875555
2022-12-05,0.0
2022-12-06,0.0
2022-12-07,0.0
2022-12-08,0.0
2022-12-09,1.0
2022-12-12,0.0
2022-12-13,1.0
2022-12-14,0.0
2022-12-15,1.0
2022-12-16,0.0
2022-12-19,1.0
2022-12-20,0.0
2022-12-21,0.0
2022-12-22,0.009371792799767928
2022-12-23,0.0
2022-12-27,0.0
2022-12-28,0.0
2022-12-29,0.0
2022-12-30,0.0
2023-01-03,0.0
2023-01-04,0.0
2023-01-05,1.0
2023-01-06,0.0
2023-01-09,1.0
2023-01-10,1.0
2023-01-11,0.0
2023-01-12,1.0
2023-01-13,0.0
2023-01-17,0.0
2023-01-18,1.0
2023-01-19,1.0
2023-01-20,1.0
2023-01-23,1.0
2023-01-24,0.0
2023-01-25,0.008273930478950997
2023-01-26,0.010298882492540533
2023-01-27,0.0
2023-01-30,1.0
2023-01-31,0.0
2023-02-01,0.0
2023-02-02,0.0
2023-02-03,1.0
2023-02-06,0.0
2023-02-07,0.0
2023-02-08,1.0
2023-02-09,0.0
2023-02-10,0.0
2023-02-13,0.0
2023-02-14,0.0
2023-02-15,0.0
2023-02-16,0.0
2023-02-17,0.008426815193426144
2023-02-21,0.0
2023-02-22,0.0
2023-02-23,0.0
2023-02-24,1.0
2023-02-27,0.0
2023-02-28,1.0
2023-03-01,1.0
2023-03-02,1.0
2023-03-03,1.0
2023-03-06,0.0
2023-03-07,0.0
2023-03-08,0.0
2023-03-09,1.0
2023-03-10,1.0
2023-03-13,1.0
2023-03-14,1.0
2023-03-15,1.0
2023-03-16,1.0
2023-03-17,1.0
2023-03-20,0.0
2023-03-21,1.0
2023-03-22,1.0
2023-03-23,1.0
2023-03-24,1.0
2023-03-27,1.0
2023-03-28,1.0
2023-03-29,1.0
2023-03-30,1.0
2023-03-31,0.0
2023-04-03,0.0
2023-04-04,1.0
2023-04-05,1.0
2023-04-06,1.0
2023-04-10,1.0
2023-04-11,1.0
2023-04-12,1.0
2023-04-13,1.0
2023-04-14,1.0
2023-04-17,1.0
2023-04-18,1.0
2023-04-19,1.0
2023-04-20,1.0
2023-04-21,1.0
2023-04-24,1.0
2023-04-25,1.0
2023-04-26,1.0
2023-04-27,1.0
2023-04-28,1.0
2023-05-01,1.0
2023-05-02,1.0
2023-05-03,1.0
2023-05-04,1.0
2023-05-05,0.039430790152462813
2023-05-08,0.0
2023-05-09,0.0
2023-05-10,0.007067065778444732
2023-05-11,0.0
2023-05-12,0.0
2023-05-15,0.0
2023-05-16,0.0
2023-05-17,0.013161484631056783
2023-05-18,0.0
2023-05-19,0.0003871024891487289
2023-05-22,0.0215248546778537
2023-05-23,0.0
2023-05-24,1.0
2023-05-25,1.0
2023-05-26,1.0
2023-05-30,1.0
2023-05-31,0.0
2023-06-01,0.0
2023-06-02,0.0
2023-06-05,0.0
2023-06-06,0.0
2023-06-07,1.0
2023-06-08,0.0
2023-06-09,1.0
2023-06-12,0.0
2023-06-13,0.003970245865254902
2023-06-14,0.003871024891487289
2023-06-15,0.0
2023-06-16,0.0
2023-06-20,0.0
2023-06-21,0.0
2023-06-22,0.0
2023-06-23,0.0
2023-06-26,0.0
2023-06-27,0.0
2023-06-28,0.0
2023-06-29,0.0
2023-06-30,0.0
2023-07-03,0.0
2023-07-05,0.0
2023-07-06,1.0
2023-07-07,1.0
2023-07-10,1.0
2023-07-11,1.0
2023-07-12,1.0
2023-07-13,1.0
2023-07-14,0.0
2023-07-17,1.0
2023-07-18,1.0
2023-07-19,1.0
2023-07-20,0.0
2023-07-21,0.0
2023-07-24,0.0
2023-07-25,0.0
2023-07-26,0.0
2023-07-27,0.0
2023-07-28,0.0
2023-07-31,0.013738922560093278
2023-08-01,0.0020526213330804353
2023-08-02,0.007958379644078981
2023-08-03,0.0
2023-08-04,1.0
2023-08-07,0.0
2023-08-08,0.005536543735418995
2023-08-09,0.010028888890728593
2023-08-10,0.0
2023-08-11,0.006139976085672128
2023-08-14,0.0
2023-08-15,0.0007742049782974578
2023-08-16,0.0036010312896753507
2023-08-17,0.0
2023-08-18,0.0
2023-08-21,0.0
2023-08-22,0.009254683912431137
2023-08-23,0.0020526213330804353
2023-08-24,0.0
2023-08-25,0.0
2023-08-28,0.0
2023-08-29,0.0
2023-08-30,0.005383659020943848
2023-08-31,0.0
2023-09-01,0.0030968199131898313
2023-09-05,0.004123130579730049
2023-09-06,0.004492345155309599
2023-09-07,0.0
2023-09-08,0.010650209154550904
2023-09-11,0.0
2023-09-12,0.0015305220430257374
2023-09-13,0.0011434195538770084
2023-09-14,0.002961823112283862
2023-09-15,0.0
2023-09-18,0.00424023946706684
2023-09-19,0.0
2023-09-20,0.0026918295104719236
2023-09-21,0.00822837324589092
2023-09-22,0.0
2023-09-25,0.0
2023-09-26,0.002304727021323195
2023-09-27,0.005014444445364297
2023-09-28,0.0
2023-09-29,0.0
2023-10-02,0.0
2023-10-03,0.0
2023-10-04,0.0
2023-10-05,0.0
2023-10-06,1.0
2023-10-09,1.0
2023-10-10,1.0
2023-10-11,1.0
2023-10-12,1.0
2023-10-13,1.0
2023-10-16,1.0
2023-10-17,1.0
2023-10-18,1.0
2023-10-19,1.0
2023-10-20,1.0
2023-10-23,1.0
2023-10-24,1.0
2023-10-25,1.0
2023-10-26,1.0
2023-10-27,1.0
2023-10-30,1.0
2023-10-31,1.0
2023-11-01,1.0
2023-11-02,1.0
2023-11-03,0.0
2023-11-06,0.0
2023-11-07,0.0
2023-11-08,0.0
2023-11-09,0.0038531369779181107
2023-11-10,0.0
2023-11-13,0.0007563170647282797
2023-11-14,0.011136532617467247
2023-11-15,0.011613074674461866
2023-11-16,0.0019355124457436446
2023-11-17,0.024766452797871232
2023-11-20,0.036667408987714194
2023-11-21,0.014656230846944163
2023-11-22,0.0
2023-11-24,0.0
2023-11-27,1.0
2023-11-28,0.0
2023-11-29,1.0
2023-11-30,1.0
2023-12-01,1.0
2023-12-04,1.0
2023-12-05,1.0
2023-12-06,1.0
2023-12-07,1.0
2023-12-08,1.0
2023-12-11,1.0
2023-12-12,1.0
2023-12-13,1.0
2023-12-14,1.0
2023-12-15,1.0
2023-12-18,1.0
2023-12-19,1.0
2023-12-20,1.0
2023-12-21,1.0
2023-12-22,1.0
2023-12-26,1.0
2023-12-27,0.0
2023-12-28,0.0
2023-12-29,0.0
2024-01-02,0.0
2024-01-03,0.0
2024-01-04,0.0
2024-01-05,0.0
2024-01-08,0.0
2024-01-09,0.0
2024-01-10,0.0
2024-01-11,0.0
2024-01-12,0.0
2024-01-16,0.0
2024-01-17,0.0
2024-01-18,0.0
2024-01-19,0.0
2024-01-22,0.0
2024-01-23,0.0
2024-01-24,1.0
2024-01-25,1.0
2024-01-26,0.0
2024-01-29,0.0
2024-01-30,1.0
2024-01-31,1.0
2024-02-01,0.0
2024-02-02,1.0
2024-02-05,1.0
2024-02-06,0.0
2024-02-07,0.0
2024-02-08,0.0
2024-02-09,1.0
2024-02-12,1.0
2024-02-13,1.0
2024-02-14,1.0
2024-02-15,1.0
2024-02-16,1.0
2024-02-20,1.0
2024-02-21,1.0
2024-02-22,1.0
2024-02-23,1.0
2024-02-26,1.0
2024-02-27,1.0
2024-02-28,1.0
2024-02-29,1.0
2024-03-01,1.0
2024-03-04,1.0
2024-03-05,1.0
2024-03-06,1.0
2024-03-07,0.0
2024-03-08,0.012819939374968127
2024-03-11,0.0
2024-03-12,0.0
2024-03-13,0.0
2024-03-14,0.0
2024-03-15,0.012081510223809027
2024-03-18,0.0051315533327010885
2024-03-19,0.006292860800147275
2024-03-20,0.0
2024-03-21,0.0
2024-03-22,0.0
2024-03-25,0.0
2024-03-26,0.0
2024-03-27,0.0
2024-03-28,0.0
2024-04-01,0.0
2024-04-02,0.0
2024-04-03,0.0
2024-04-04,0.0
2024-04-05,0.0
2024-04-08,0.0
2024-04-09,0.0
2024-04-10,0.0
2024-04-11,0.0
2024-04-12,0.0
2024-04-15,0.0
2024-04-16,0.0
2024-04-17,0.0
2024-04-18,1.0
2024-04-19,1.0
2024-04-22,1.0
2024-04-23,1.0
2024-04-24,0.0
2024-04-25,1.0
2024-04-26,1.0
2024-04-29,0.0
2024-04-30,1.0
2024-05-01,0.0
2024-05-02,0.0
2024-05-03,0.0
2024-05-06,0.0
2024-05-07,0.0
2024-05-08,0.0
2024-05-09,0.0
2024-05-10,0.0
2024-05-13,0.0
2024-05-14,0.0
2024-05-15,0.0
2024-05-16,0.0
2024-05-17,0.0
2024-05-20,0.0
2024-05-21,0.0
2024-05-22,0.0
2024-05-23,0.0
2024-05-24,0.0
2024-05-28,0.0
2024-05-29,0.0
2024-05-30,0.0
2024-05-31,0.006310748713716453
2024-06-03,0.0
2024-06-04,0.0
2024-06-05,0.0
2024-06-06,0.0
2024-06-07,0.0
2024-06-10,0.0
2024-06-11,0.0
2024-06-12,0.014134131556889468
2024-06-13,1.0
2024-06-14,1.0
2024-06-17,1.0
2024-06-18,1.0
2024-06-20,1.0
2024-06-21,1.0
2024-06-24,1.0
2024-06-25,0.0
2024-06-26,0.0
2024-06-27,0.0
2024-06-28,0.0
2024-07-01,1.0
2024-07-02,1.0
2024-07-03,1.0
2024-07-05,1.0
2024-07-08,1.0
2024-07-09,1.0
2024-07-10,1.0
2024-07-11,0.0
2024-07-12,0.0
2024-07-15,0.0
2024-07-16,0.0
2024-07-17,0.0
2024-07-18,0.010533100267214112
2024-07-19,0.0
2024-07-22,0.0
2024-07-23,0.0
2024-07-24,0.0003871024891487289
2024-07-25,0.0011613074674461867
2024-07-26,0.0
2024-07-29,0.002187618133986404
2024-07-30,0.0007742049782974578
2024-07-31,0.0
2024-08-01,0.0
2024-08-02,0.02177696036609646
2024-08-05,0.01958934223211005
2024-08-06,0.03428134890619257
2024-08-07,0.0
2024-08-08,1.0
2024-08-09,1.0
2024-08-12,1.0
2024-08-13,1.0
2024-08-14,1.0
2024-08-15,1.0
2024-08-16,1.0
2024-08-19,1.0
2024-08-20,1.0
2024-08-21,1.0
2024-08-22,1.0
2024-08-23,1.0
2024-08-26,1.0
2024-08-27,1.0
2024-08-28,1.0
2024-08-29,1.0
2024-08-30,1.0
2024-09-03,1.0
2024-09-04,1.0
2024-09-05,1.0
2024-09-06,1.0
2024-09-09,1.0
2024-09-10,1.0
2024-09-11,1.0
2024-09-12,1.0
2024-09-13,1.0
2024-09-16,1.0
2024-09-17,0.0
2024-09-18,0.0
2024-09-19,0.0
2024-09-20,1.0
2024-09-23,0.0
2024-09-24,0.0
2024-09-25,0.0
2024-09-26,0.0
2024-09-27,0.0
2024-09-30,0.0
2024-10-01,1.0
2024-10-02,1.0
2024-10-03,1.0
2024-10-04,1.0
2024-10-07,1.0
2024-10-08,1.0
2024-10-09,1.0
2024-10-10,1.0
2024-10-11,1.0
2024-10-14,1.0
2024-10-15,1.0
2024-10-16,0.0
2024-10-17,1.0
2024-10-18,0.0
2024-10-21,0.0
2024-10-22,0.0
2024-10-23,1.0
2024-10-24,1.0
2024-10-25,1.0
2024-10-28,1.0
2024-10-29,1.0
2024-10-30,1.0
2024-10-31,1.0
2024-11-01,1.0
2024-11-04,1.0
2024-11-05,1.0
2024-11-06,0.0
2024-11-07,0.0
2024-11-08,0.0
2024-11-11,0.0
2024-11-12,0.0
2024-11-13,0.0
2024-11-14,0.0
2024-11-15,1.0
2024-11-18,1.0
2024-11-19,0.0
2024-11-20,0.0
2024-11-21,0.0
2024-11-22,0.0
2024-11-25,0.0
2024-11-26,0.0
2024-11-27,0.0
2024-11-29,0.0
2024-12-02,0.0
2024-12-03,0.0
2024-12-04,0.0
2024-12-05,0.0
2024-12-06,0.0
2024-12-09,0.0
2024-12-10,0.0
2024-12-11,0.0
2024-12-12,0.004879447644458329
2024-12-13,0.0
2024-12-16,0.0
2024-12-17,0.0
2024-12-18,0.0
2024-12-19,0.0
2024-12-20,0.0
2024-12-23,0.0
2024-12-24,0.0
2024-12-26,0.0
2024-12-27,0.0
2024-12-30,0.0
2024-12-31,0.0
2025-01-02,0.0
2025-01-03,0.0
2025-01-06,0.0
2025-01-07,0.0
2025-01-08,0.0
2025-01-10,0.0
2025-01-13,0.0
2025-01-14,0.006022867198335337
2025-01-15,0.0
2025-01-16,0.0
2025-01-17,0.020311558367974235
2025-01-21,0.014252915342500515
2025-01-22,0.0
2025-01-23,1.0
2025-01-24,1.0
2025-01-27,0.0
2025-01-28,1.0
2025-01-29,1.0
2025-01-30,1.0
2025-01-31,1.0
2025-02-03,1.0
2025-02-04,0.999695306356983
2025-02-05,1.0
2025-02-06,1.0
2025-02-07,1.0
2025-02-10,1.0
2025-02-11,1.0
2025-02-12,1.0
2025-02-13,1.0
2025-02-14,1.0
2025-02-18,1.0
2025-02-19,1.0
2025-02-20,1.0
2025-02-21,1.0
2025-02-24,1.0
2025-02-25,1.0
2025-02-26,1.0
2025-02-27,1.0
2025-02-28,1.0
2025-03-03,1.0
2025-03-04,1.0
2025-03-05,1.0
2025-03-06,1.0
2025-03-07,1.0
2025-03-10,1.0
2025-03-11,1.0
2025-03-12,1.0
2025-03-13,1.0
2025-03-14,1.0
2025-03-17,1.0
2025-03-18,1.0
2025-03-19,1.0
2025-03-20,1.0
2025-03-21,1.0
2025-03-24,0.0
2025-03-25,1.0
2025-03-26,1.0
2025-03-27,0.0
2025-03-28,1.0
2025-03-31,0.0
2025-04-01,0.0
2025-04-02,0.0
2025-04-03,0.0
2025-04-04,1.0
2025-04-07,1.0
2025-04-08,1.0
2025-04-09,1.0
2025-04-10,1.0
2025-04-11,1.0
2025-04-14,1.0
2025-04-15,1.0
2025-04-16,1.0
2025-04-17,1.0
2025-04-21,1.0
2025-04-22,1.0
2025-04-23,1.0
2025-04-24,1.0
2025-04-25,1.0
2025-04-28,1.0
2025-04-29,1.0
2025-04-30,1.0
2025-05-01,1.0
2025-05-02,1.0
2025-05-05,1.0
2025-05-06,1.0
2025-05-07,1.0
2025-05-08,1.0
2025-05-09,1.0
2025-05-12,1.0
2025-05-13,1.0
2025-05-14,1.0
2025-05-15,1.0
2025-05-16,1.0
2025-05-19,1.0
2025-05-20,1.0
2025-05-21,0.0
2025-05-22,1.0
2025-05-23,0.0
2025-05-27,0.0
2025-05-28,0.0
2025-05-29,0.017717274932995655
2025-05-30,0.0
2025-06-02,0.0
2025-06-03,0.0
2025-06-04,0.0
2025-06-05,0.0
2025-06-06,0.0
2025-06-09,0.0
2025-06-10,0.0
2025-06-11,0.0
2025-06-12,0.0
2025-06-13,0.0
2025-06-16,0.0
2025-06-17,0.0
2025-06-18,0.0
2025-06-20,0.0
2025-06-23,0.009254683912431136
2025-06-24,0.0
2025-06-25,0.0
2025-06-26,0.0
2025-06-27,0.0
2025-06-30,0.010650209154550904
2025-07-01,0.0
2025-07-02,0.0
2025-07-03,0.0
2025-07-07,0.0
2025-07-08,0.0
2025-07-09,0.0
2025-07-10,1.0
2025-07-11,1.0
2025-07-14,1.0
2025-07-15,1.0
2025-07-16,1.0
2025-07-17,1.0
2025-07-18,1.0
2025-07-21,1.0
2025-07-22,1.0
2025-07-23,1.0
2025-07-24,1.0
2025-07-25,1.0
2025-07-28,1.0
2025-07-29,1.0
2025-07-30,1.0
2025-07-31,1.0
2025-08-01,1.0
2025-08-04,1.0
2025-08-05,1.0
2025-08-06,1.0
2025-08-07,1.0
2025-08-08,0.0
2025-08-11,0.0
2025-08-12,0.0
2025-08-13,0.0
2025-08-14,0.0
2025-08-15,0.0
2025-08-18,0.0
2025-08-19,0.009975225150021059
2025-08-20,0.0
2025-08-21,0.0
2025-08-22,1.0
2025-08-25,1.0
2025-08-26,1.0
2025-08-27,1.0
2025-08-28,1.0
2025-08-29,1.0
2025-09-02,0.999695306356983
2025-09-03,0.999695306356983
2025-09-04,1.0
2025-09-05,1.0
2025-09-08,1.0
2025-09-09,0.999695306356983
2025-09-10,1.0
2025-09-11,0.999695306356983
2025-09-12,1.0
2025-09-15,1.0
2025-09-16,1.0
2025-09-17,0.0
2025-09-18,1.0
2025-09-19,1.0
2025-09-22,1.0
2025-09-23,0.9990859190709489
2025-09-24,1.0
2025-09-25,1.0
2025-09-26,1.0
2025-09-29,1.0
2025-09-30,1.0
2025-10-01,1.0
2025-10-02,1.0
2025-10-03,1.0
2025-10-06,1.0
2025-10-07,1.0
2025-10-08,0.0
2025-10-09,0.0
2025-10-10,0.0
2025-10-13,1.0
2025-10-14,0.0
2025-10-15,0.004204463639928484
2025-10-16,0.0003871024891487289
2025-10-17,0.0007742049782974578
2025-10-20,0.0019355124457436446
2025-10-21,0.0005042113764855198
2025-10-22,0.0
2025-10-23,0.0
2025-10-24,0.0
2025-10-27,0.0
2025-10-28,1.0
2025-10-29,1.0
2025-10-30,1.0
2025-10-31,1.0
2025-11-03,1.0
2025-11-04,1.0
2025-11-05,1.0
2025-11-06,1.0
2025-11-07,1.0
2025-11-10,1.0
2025-11-11,1.0
2025-11-12,1.0
2025-11-13,1.0
2025-11-14,1.0
2025-11-17,1.0
2025-11-18,1.0
2025-11-19,1.0
2025-11-20,1.0
2025-11-21,1.0
2025-11-24,1.0
2025-11-25,0.0
2025-11-26,0.0
2025-11-28,0.0
2025-12-01,0.0
2025-12-02,1.0
2025-12-03,1.0
2025-12-04,1.0
2025-12-05,1.0
2025-12-08,1.0
2025-12-09,1.0
2025-12-10,1.0
2025-12-11,1.0
2025-12-12,0.999695306356983
2025-12-15,1.0
2025-12-16,1.0
2025-12-17,1.0
2025-12-18,1.0
2025-12-19,1.0
2025-12-22,0.0
2025-12-23,0.0
2025-12-24,1.0
2025-12-26,1.0
2025-12-29,1.0
2025-12-30,1.0
2025-12-31,1.0
2026-01-02,0.9334257975034674
2026-01-05,0.8411078717201166
2026-01-06,0.848
2026-01-07,0.5026595744680851
2026-01-08,0.48562300319488816
2026-01-09,0.4868421052631579
2026-01-12,0.40789473684210525
2026-01-13,0.18421052631578946
2026-01-14,0.28554502369668244
2026-01-15,0.22393364928909953
2026-01-16,0.24951456310679612
2026-01-20,0.25601750547045954
2026-01-21,0.25728155339805825
2026-01-22,0.22037914691943128
2026-01-23,0.24898785425101214
2026-01-26,0.28791469194312796
2026-01-27,0.33226837060702874
2026-01-28,0.4878048780487805
2026-01-29,0.2978723404255319
2026-01-30,0.4627659574468085
2026-02-02,0.2579787234042553
2026-02-03,0.34935897435897434
2026-02-04,0.3234597156398104
2026-02-05,0.3009478672985782
2026-02-06,0.31398104265402843
2026-02-09,0.28811973807296537
2026-02-10,0.28811973807296537
2026-02-11,0.328125
2026-02-12,0.2800875273522976
2026-02-13,0.24310776942355888
2026-02-17,0.5
2026-02-18,0.4796747967479675
2026-02-19,0.26
2026-02-20,0.26666666666666666
2026-02-23,0.3769968051118211
2026-02-24,0.48846153846153845
2026-02-25,0.36153846153846153
2026-02-26,0.3623481781376518
2026-02-27,0.10457516339869281
2026-03-02,0.20159453302961275
2026-03-03,0.29533678756476683
2026-03-04,0.28429423459244535
2026-03-05,0.1874447391688771
2026-03-06,0.20364238410596028
2026-03-09,0.2179930795847751
2026-03-10,0.1598240469208211
2026-03-11,0.3448275862068966
2026-03-12,0.42857142857142855
2026-03-13,0.3887423043095866
2026-03-16,0.09965034965034965
2026-03-17,0.3865546218487395
2026-03-18,0.11101398601398602
2026-03-19,0.06327985739750445
2026-03-20,0.07692307692307693
2026-03-23,0.402321083172147
2026-03-24,0.09270216962524655
2026-03-25,0.5762538382804504
2026-03-26,0.5547045951859956
2026-03-27,0.5554335894621295
2026-03-30,0.5643564356435643
2026-03-31,0.26423200859291085
2026-04-01,0.03544575725026853
2026-04-02,0.6342794759825328
2026-04-06,0.33976833976833976
2026-04-07,0.6308510638297873
2026-04-08,0.3786692759295499
2026-04-09,0.49748237663645517
2026-04-10,0.5835095137420718
2026-04-13,0.4971042471042471
2026-04-14,0.4601167315175097
2026-04-15,0.3806262230919765
2026-04-16,0.033268101761252444
2026-04-17,0.03696303696303696
2026-04-20,0.39002932551319647
2026-04-21,0.036203522504892366
2026-04-22,0.28776185226019846
2026-04-23,0.5761741122565864
2026-04-24,0.5798319327731093
2026-04-27,0.6178960096735188
2026-04-28,0.5294117647058824
2026-04-29,0.9201430274135876
2026-04-30,0.967020023557126
2026-05-01,0.926060606060606
2026-05-04,0.8201892744479495
2026-05-05,0.8083067092651757
2026-05-06,0.9728915662650602
2026-05-07,0.9427710843373494
2026-05-08,0.6061705989110708
2026-05-11,0.7575250836120402
2026-05-12,0.8438061041292639
2026-05-13,0.8571428571428571
2026-05-14,0.8153846153846154
2026-05-15,0.9507299270072993
2026-05-18,0.9195046439628483
2026-05-19,0.9246987951807228
2026-05-20,0.9325153374233128
2026-05-21,0.6594202898550725
2026-05-22,0.607981220657277
2026-05-26,0.481981981981982
2026-05-27,0.4797297297297297
2026-05-28,0.545045045045045
2026-05-29,0.90920245398773
2026-06-01,0.9722772277227723
2026-06-02,0.9696048632218845
2026-06-03,0.9514851485148514
2026-06-04,0.9458077709611452
2026-06-05,0.9247202441505595
2026-06-08,0.8841893252769386
2026-06-09,0.8288016112789527
2026-06-10,0.8621700879765396
2026-06-11,0.8796019900497513
2026-06-12,0.7701863354037267
2026-06-15,0.8611955420466059
2026-06-16,0.8240866035182679
2026-06-17,0.9071782178217822
2026-06-18,0.9083011583011583
2026-06-22,0.8817307692307692
2026-06-23,0.9659413434247871
2026-06-24,0.976063829787234
2026-06-25,0.9841269841269841
2026-06-26,0.9760914760914761
2026-06-29,0.9772423025435074
2026-06-30,0.6827309236947792
2026-07-01,0.6496551724137931
2026-07-02,0.6841379310344827
2026-07-06,0.6801075268817204
2026-07-07,0.660436137071651
2026-07-08,0.6883720930232559
2026-07-09,0.7273622047244095
2026-07-10,0.7250247279920871
2026-07-13,0.9064748201438849
2026-07-14,0.8738170347003155
2026-07-15,0.8785488958990536
2026-07-16,0.8541973490427098
2026-07-17,0.6873126873126874
2026-07-20,0.7284263959390863
2026-07-21,0.7966339410939691
2026-07-22,0.8567164179104477
2026-07-23,0.9009546539379475
2026-07-24,0.975024975024975
2026-07-27,0.9570469798657718
