date,DTE,DRL Ensemble,Dynamic Stock Recommendation,MACE,^DJI
2024-01-02,0.000000,0.000000,0.000000,0.000000,0.000000
2024-01-03,0.035008,-0.139647,-0.069565,-0.164988,-0.755263
2024-01-04,-0.103106,-0.152635,-0.757973,-0.183214,-0.728355
2024-01-05,-0.055718,-0.154542,-0.564153,-0.163414,-0.660028
2024-01-08,0.770747,0.383659,0.276135,0.625810,-0.084919
2024-01-09,0.988653,0.131145,-0.424284,0.355078,-0.503457
2024-01-10,1.709576,0.643814,0.544469,1.306045,-0.051196
2024-01-11,1.936912,0.747214,0.928412,1.736358,-0.010658
2024-01-12,2.096713,0.659317,1.351416,1.769572,-0.323634
2024-01-16,2.083169,0.292737,0.666368,1.354710,-0.938400
2024-01-17,1.858814,0.039596,0.234664,1.019078,-1.188829
2024-01-18,2.323792,0.462122,0.688575,1.743897,-0.653399
2024-01-19,2.962698,1.424099,1.518494,3.583047,0.394436
2024-01-22,2.843040,1.665129,1.240860,3.622779,0.760359
2024-01-23,3.273611,1.477063,0.947052,2.176964,0.504865
2024-01-24,3.452274,1.170286,0.927379,1.684691,0.242215
2024-01-25,4.037712,1.952168,2.033216,3.194581,0.885827
2024-01-26,4.195239,2.076596,2.378751,3.210124,1.045712
2024-01-29,4.882352,2.557402,2.862220,3.864182,1.639691
2024-01-30,4.946841,2.986624,2.919410,4.161860,1.994614
2024-01-31,4.363843,1.960011,0.881831,2.733014,1.154080
2024-02-01,5.154916,2.739210,1.544067,4.210062,2.133899
2024-02-02,6.812486,3.266229,1.976815,4.860579,2.490738
2024-02-05,6.354427,2.603325,1.155057,4.830726,1.763440
2024-02-06,6.281884,2.909536,1.949504,5.014459,2.137928
2024-02-07,6.953743,3.445148,2.726632,5.266638,2.551556
2024-02-08,7.084209,3.503026,2.850374,5.147394,2.681395
2024-02-09,7.741760,3.381804,3.029132,4.651481,2.536528
2024-02-12,7.344693,3.798199,3.332697,5.292560,2.869783
2024-02-13,6.210488,2.336650,1.810382,3.431515,1.478749
2024-02-14,6.809121,2.750325,2.365454,4.116133,1.880498
2024-02-15,6.862514,3.804370,2.729576,5.471246,2.805464
2024-02-16,6.652678,3.525193,2.164007,4.963905,2.420650
2024-02-20,6.342303,3.371475,2.120916,4.316989,2.250460
2024-02-21,6.449644,3.750307,2.698005,4.649748,2.378890
2024-02-22,7.998172,5.001729,3.764752,6.152201,3.590266
2024-02-23,8.027004,5.158879,3.963080,6.350427,3.755775
2024-02-26,7.842241,4.924573,3.368548,6.362856,3.590587
2024-02-27,7.754964,4.819052,3.344333,6.699160,3.333872
2024-02-28,7.813555,4.793487,3.369278,6.722212,3.271853
2024-02-29,8.601850,5.065548,3.826496,7.470383,3.397455
2024-03-01,9.005955,5.341391,4.106735,8.154685,3.638707
2024-03-04,8.993396,5.062448,3.162099,7.801211,3.380055
2024-03-05,7.850110,4.165373,2.304942,6.826598,2.307176
2024-03-06,7.898176,4.443343,2.109592,7.269043,2.508314
2024-03-07,8.691687,4.948952,2.486201,7.702132,2.853802
2024-03-08,8.309654,4.707575,2.626132,7.621143,2.671752
2024-03-11,7.961893,4.860742,3.348048,7.337495,2.796288
2024-03-12,9.176826,5.610824,4.101641,8.457541,3.421577
2024-03-13,9.305442,5.932431,4.448888,9.790545,3.521888
2024-03-14,9.818445,5.459139,4.581133,9.213236,3.156887
2024-03-15,8.903661,5.271706,3.509134,9.673153,2.650748
2024-03-18,9.066933,5.379140,3.323022,10.278541,2.851358
2024-03-19,9.608397,6.334695,4.035725,11.179174,3.700706
2024-03-20,10.247287,7.356404,4.350517,12.379877,4.764916
2024-03-21,10.713088,8.391400,5.258769,13.703875,5.478801
2024-03-22,10.537368,7.567763,4.130572,12.539184,4.668852
2024-03-25,10.250581,6.984936,3.662544,11.998866,4.238632
2024-03-26,10.047661,6.968963,3.202050,11.611497,4.155608
2024-03-27,10.560872,8.545754,4.088196,13.708516,5.422344
2024-03-28,10.627518,8.697519,4.161368,13.940555,5.547739
2024-04-01,10.822788,7.870585,3.566777,13.530586,4.910011
2024-04-02,10.590369,6.776695,1.872220,12.695435,3.858406
2024-04-03,10.686623,7.641951,1.431154,13.665497,3.744134
2024-04-04,10.438922,5.954674,0.718279,11.954132,2.338434
2024-04-05,11.014830,7.220112,0.878446,13.345005,3.152589
2024-04-08,10.983726,6.854244,0.988864,12.928992,3.122791
2024-04-09,10.997751,6.677641,1.531745,12.752865,3.098586
2024-04-10,10.930920,5.771837,0.017784,11.804380,1.979244
2024-04-11,11.126375,5.944753,0.420312,12.068499,1.972791
2024-04-12,10.750450,4.579829,-0.234909,10.684791,0.711120
2024-04-15,10.559508,3.956032,-0.607895,9.959168,0.053216
2024-04-16,10.487157,3.296388,-0.703985,9.179670,0.222536
2024-04-17,10.394219,2.394422,-0.299793,8.331440,0.101470
2024-04-18,10.275746,2.408864,0.526545,8.286204,0.159989
2024-04-19,10.066926,2.953251,1.129654,8.727441,0.719499
2024-04-22,10.430984,3.700045,1.201801,9.558741,1.391862
2024-04-23,10.707096,4.590832,1.390675,10.463984,2.091082
2024-04-24,10.513467,4.347854,1.407811,10.248349,1.977680
2024-04-25,10.340379,0.865771,1.588550,6.551832,0.983061
2024-04-26,10.868849,1.728249,1.741826,7.450108,1.391013
2024-04-29,10.965965,3.235987,2.128980,9.098425,1.779266
2024-04-30,10.340612,1.395189,0.374052,7.111356,0.267487
2024-05-01,10.711827,1.598204,0.549138,7.258796,0.499138
2024-05-02,11.299313,2.164349,1.677565,7.946305,1.353893
2024-05-03,11.395499,6.318984,2.859443,12.309254,2.547102
2024-05-06,11.552002,5.690426,3.058967,11.689589,3.015324
2024-05-07,11.428990,6.099002,3.421657,12.108163,3.100150
2024-05-08,11.638272,6.930133,3.442362,12.913915,3.556543
2024-05-09,12.332112,8.800160,4.595904,14.904140,4.435161
2024-05-10,12.252836,9.014367,4.358945,15.133209,4.766801
2024-05-13,12.461297,8.894818,4.641905,15.078810,4.551162
2024-05-14,12.926705,9.449883,4.738558,15.646012,4.886831
2024-05-15,13.745978,10.801088,5.428775,17.105643,5.814553
2024-05-16,13.585012,9.793655,5.481494,16.005875,5.712151
2024-05-17,13.685870,10.214375,5.968553,16.530844,6.068006
2024-05-20,13.759814,11.040011,5.003747,17.364405,5.546144
2024-05-21,14.313920,10.396065,5.298056,16.671125,5.721721
2024-05-22,14.180603,9.040453,4.767238,15.221547,5.186260
2024-05-23,13.171017,7.687596,3.320246,13.753068,3.580064
2024-05-24,13.723215,7.469709,3.019434,13.540800,3.591540
2024-05-28,13.735732,6.270635,2.878616,12.432924,3.016888
2024-05-29,13.469384,4.515479,1.768080,10.608358,1.926287
2024-05-30,12.441061,5.561099,2.518148,11.652058,1.051149
2024-05-31,12.555209,6.514433,4.271963,12.613126,2.575316
2024-06-03,12.955654,5.582544,3.731115,11.562473,2.269631
2024-06-04,13.336359,5.085385,3.977119,11.008225,2.641519
2024-06-05,14.325149,5.384876,3.709403,11.397755,2.896163
2024-06-06,14.484176,4.884988,3.924177,10.883989,3.105214
2024-06-07,14.643458,4.903786,3.762632,10.967289,2.874050
2024-06-10,14.694903,4.992859,3.816649,11.091642,3.057136
2024-06-11,16.670668,4.296673,5.321188,10.717988,2.737324
2024-06-12,17.926255,4.550889,5.449984,11.214744,2.643964
2024-06-13,17.921985,4.008339,5.812406,10.753501,2.471328
2024-06-14,17.797571,3.261518,5.453199,9.920785,2.317699
2024-06-17,18.713741,4.115480,6.119821,10.828018,2.818670
2024-06-18,18.333945,4.824595,5.722533,11.535536,2.969161
2024-06-20,17.995499,6.017520,6.140649,12.644032,3.764341
2024-06-21,18.156889,5.684894,6.138682,12.338749,3.805615
2024-06-24,17.872546,7.341265,6.778200,13.824255,4.497336
2024-06-25,18.312245,6.806341,5.401936,13.102845,3.704414
2024-06-26,19.464034,5.822960,5.528343,12.270819,3.745884
2024-06-27,19.913461,6.222407,5.623138,12.706339,3.842020
2024-06-28,18.777974,6.639469,3.759753,13.161681,3.722176
2024-07-01,20.476515,5.704995,3.582652,12.102740,3.856500
2024-07-02,21.265566,5.578225,3.537301,12.032963,4.286917
2024-07-03,21.356190,5.884261,3.708975,12.265641,4.223676
2024-07-05,21.973910,6.125763,3.986839,12.098113,4.403633
2024-07-08,22.123676,6.107016,3.585369,12.466228,4.321221
2024-07-09,22.314262,6.222224,3.297126,12.349345,4.181169
2024-07-10,23.226576,7.730553,4.557336,14.006112,5.319682
2024-07-11,22.209093,7.019459,6.003707,15.314733,5.405565
2024-07-12,22.674657,7.174991,6.803576,16.956769,6.060870
2024-07-15,23.213949,7.802722,6.461521,18.065993,6.619852
2024-07-16,23.812150,8.719154,8.405803,20.846094,8.589256
2024-07-17,22.907996,8.527315,9.864157,21.049691,9.235146
2024-07-18,21.669841,7.130731,8.905925,19.999243,7.821762
2024-07-19,21.439337,5.669847,8.020345,18.614520,6.820866
2024-07-22,21.334323,6.225139,8.558825,19.552311,7.160015
2024-07-23,21.450905,6.451545,8.634117,19.109192,7.007949
2024-07-24,20.507807,4.903083,6.790745,17.669573,5.671032
2024-07-25,20.711756,4.296781,7.917095,18.839415,5.886329
2024-07-26,21.222403,5.440283,9.393840,22.863943,7.621100
2024-07-29,21.150973,5.582241,10.393351,21.677133,7.490091
2024-07-30,21.389470,6.029006,11.414405,21.698842,8.029394
2024-07-31,21.317694,6.307478,11.297361,22.337936,8.293111
2024-08-01,21.124189,5.330249,11.314503,20.374820,6.981114
2024-08-02,20.984622,3.704841,12.078065,18.503652,5.361847
2024-08-05,20.212840,0.579817,9.211470,16.344473,2.620256
2024-08-06,20.432202,1.378033,9.787189,18.276631,3.400821
2024-08-07,20.310898,1.419458,8.715501,15.500465,2.779820
2024-08-08,20.726636,3.024009,9.962980,18.898148,4.590872
2024-08-09,20.757716,3.413070,10.019299,18.860829,4.726231
2024-08-12,20.639320,3.271490,9.777302,18.021172,4.353628
2024-08-13,20.873335,4.477049,10.648941,19.291729,5.437093
2024-08-14,21.115383,5.223276,11.291532,19.361905,6.080735
2024-08-15,21.511108,6.308008,13.022895,21.090461,7.551416
2024-08-16,21.715685,6.859997,13.482436,20.596047,7.807821
2024-08-19,21.978732,7.869479,14.268593,21.676982,8.435606
2024-08-20,22.019726,7.558487,14.541898,21.690641,8.272376
2024-08-21,22.126352,7.907495,15.408877,22.055820,8.419584
2024-08-22,22.045937,7.312972,15.135270,21.210114,7.948400
2024-08-23,22.387880,8.576052,16.036399,23.032954,9.174163
2024-08-26,22.132602,8.394751,16.163599,23.404733,9.347678
2024-08-27,22.014280,8.613237,16.389965,23.314704,9.374141
2024-08-28,21.567482,8.113381,16.020366,23.327731,8.952351
2024-08-29,21.850837,8.585086,16.329313,24.038588,9.598324
2024-08-30,22.969497,9.507845,17.387048,25.482715,10.202930
2024-09-03,21.813637,7.409968,16.912004,22.299824,8.542721
2024-09-04,21.484992,7.409217,17.180876,21.972510,8.643580
2024-09-05,21.656240,7.379922,16.367849,20.521856,8.062330
2024-09-06,20.067608,6.171282,16.381798,19.130556,6.974329
2024-09-09,21.132523,7.768776,17.675380,20.655944,8.258114
2024-09-10,21.882530,7.130197,18.376305,21.572037,8.012512
2024-09-11,23.327316,7.805685,17.831806,21.786530,8.343281
2024-09-12,24.015701,8.511661,18.432121,22.771370,8.966530
2024-09-13,24.445942,9.206517,19.475749,24.134321,9.754046
2024-09-16,23.892488,9.697654,20.354079,25.187055,10.359366
2024-09-17,24.221353,9.701245,20.326441,25.481591,10.317212
2024-09-18,24.194218,9.186729,19.736431,25.588501,10.043904
2024-09-19,26.449006,10.774273,20.050426,28.626044,11.428206
2024-09-20,26.384167,10.651933,20.642133,28.311779,11.529407
2024-09-23,26.348554,10.658943,21.262151,28.650776,11.691913
2024-09-24,26.477850,10.728767,20.631477,30.288621,11.913496
2024-09-25,26.305567,10.437708,19.926869,26.779085,11.135375
2024-09-26,26.402200,10.716342,20.738195,29.600706,11.825708
2024-09-27,26.018871,10.544172,21.104784,29.881317,12.191320
2024-09-30,26.741862,10.574374,21.372915,29.850884,12.236788
2024-10-01,25.083935,9.452524,21.560315,29.888064,11.777609
2024-10-02,25.312952,9.425481,19.984172,29.815449,11.882476
2024-10-03,25.165631,8.970365,19.357735,28.923798,11.392142
2024-10-04,25.683522,9.166810,19.387383,29.918967,12.296715
2024-10-07,24.948850,8.431395,18.216322,29.588501,11.240076
2024-10-08,25.559331,8.524310,18.274310,28.577701,11.574513
2024-10-09,26.235038,10.019081,19.630604,30.503295,12.718961
2024-10-10,26.173878,9.778853,19.482515,30.014077,12.565497
2024-10-11,26.326754,10.500785,19.964051,31.938235,13.651902
2024-10-14,26.957979,11.032276,20.278506,30.793036,14.185799
2024-10-15,27.113134,9.430644,19.963103,30.182679,13.324613
2024-10-16,27.082007,10.437169,21.453081,30.637009,14.218891
2024-10-17,27.218661,10.276699,21.837118,30.668571,14.646708
2024-10-18,27.270463,10.131475,21.682683,30.536851,14.744439
2024-10-21,27.181804,9.105596,20.655052,29.225049,13.831518
2024-10-22,27.158246,8.148777,21.015848,28.286723,13.813724
2024-10-23,26.901951,7.956185,20.317520,26.851114,12.726780
2024-10-24,26.807101,7.017021,19.890777,26.953288,12.354012
2024-10-25,26.626589,6.442390,19.516049,26.602216,11.664735
2024-10-28,26.844465,6.992238,19.489832,28.083910,12.389040
2024-10-29,26.984255,6.051825,19.238236,27.171959,11.979337
2024-10-30,27.048096,5.589965,19.669259,25.804856,11.736697
2024-10-31,26.256074,5.475843,17.728974,26.050443,10.734238
2024-11-01,27.504310,5.944536,18.948740,26.219101,11.499795
2024-11-04,27.178579,5.999775,19.016229,25.895156,10.816806
2024-11-05,27.818936,7.162521,19.404902,27.358756,11.949715
2024-11-06,30.042474,9.500239,21.459582,32.744617,15.948255
2024-11-07,30.120116,9.937900,21.740368,31.876345,15.946691
2024-11-08,30.119099,10.553057,22.111847,30.824399,16.635139
2024-11-11,30.386420,11.261380,21.912432,30.770589,17.441556
2024-11-12,30.522951,10.357434,21.559654,26.780545,16.428304
2024-11-13,30.996514,10.459189,22.263219,26.784919,16.553482
2024-11-14,31.026162,9.763889,22.115835,26.186624,16.003749
2024-11-15,29.892837,9.379509,21.148524,23.747060,15.192744
2024-11-18,30.112874,9.358921,21.207284,23.448002,15.045888
2024-11-19,30.326427,8.737557,20.839245,22.942949,14.725962
2024-11-20,30.472245,9.515839,20.886138,23.634346,15.095914
2024-11-21,30.515290,11.145342,21.850973,25.462072,16.320578
2024-11-22,30.900517,12.352446,22.777341,27.565111,17.450526
2024-11-25,31.763638,14.161528,23.620435,29.274963,18.617325
2024-11-26,33.309554,14.488068,24.400754,27.974771,18.945412
2024-11-27,32.647841,14.374884,24.631182,27.337361,18.578847
2024-11-29,33.272111,14.796191,24.406481,28.283195,19.078886
2024-12-02,34.177760,14.336724,24.952735,27.019622,18.737780
2024-12-03,34.696645,14.036529,24.874366,26.455786,18.535026
2024-12-04,35.838968,14.041549,24.291317,26.236846,19.353023
2024-12-05,36.428726,12.567465,25.266262,25.251458,18.694590
2024-12-06,37.057049,11.659258,24.773616,25.047395,18.367953
2024-12-09,37.223838,11.216328,24.577619,25.713788,17.730038
2024-12-10,37.134551,10.933050,23.926165,23.604617,17.321443
2024-12-11,37.808915,9.637585,24.293404,23.331468,17.058234
2024-12-12,37.896277,8.230148,24.365636,22.066754,16.436632
2024-12-13,37.561578,8.435619,24.108710,21.580327,16.208440
2024-12-16,38.640437,7.316215,23.421907,20.671054,15.915246
2024-12-17,38.946047,6.519755,23.768736,19.894347,15.205763
2024-12-18,35.899841,4.403849,20.754269,16.328606,12.228098
2024-12-19,36.383053,3.532643,20.997162,15.981035,12.268844
2024-12-20,37.207213,4.525610,21.404056,17.508544,13.589334
2024-12-23,37.171874,4.566512,21.705183,17.446005,13.766153
2024-12-24,38.306073,5.286029,22.616575,18.093331,14.800441
2024-12-26,38.131193,5.567833,22.749357,17.932663,14.876723
2024-12-27,37.441278,4.960773,21.934543,17.329421,13.992222
2024-12-30,36.897149,3.926629,20.514435,16.285024,12.882637
2024-12-31,36.654161,4.033515,21.072689,16.472296,12.804387
2025-01-02,35.755704,4.027900,20.496451,15.786142,12.401500
2025-01-03,35.814696,4.986659,21.049478,16.693995,13.302624
2025-01-06,35.988465,5.204458,21.316376,16.432050,13.234825
2025-01-07,35.688172,4.314233,21.234484,16.840153,12.762337
2025-01-08,35.919598,4.211702,21.925666,17.272561,13.045619
2025-01-10,35.053002,1.984942,19.978170,15.229252,11.198212
2025-01-13,35.098917,2.268512,20.907014,18.262189,12.149217
2025-01-14,35.204405,2.557402,20.489052,19.496344,12.735615
2025-01-15,35.533413,4.903622,21.762888,20.679661,14.600308
2025-01-16,35.361404,4.884115,20.193831,21.931438,14.418890
2025-01-17,35.615979,5.822811,20.761406,23.161835,15.306332
2025-01-21,36.039468,6.347282,21.257525,26.266637,16.732767
2025-01-22,35.836807,7.425504,22.554536,25.935176,17.079901
2025-01-23,36.222760,7.796886,23.226905,27.852604,18.162599
2025-01-24,36.186460,7.323083,22.675421,27.573588,17.789219
2025-01-27,36.721404,7.641207,24.448074,27.763067,18.556362
2025-01-28,36.504638,8.477966,25.706658,26.674166,18.919011
2025-01-29,36.435046,8.178429,25.148916,26.990623,18.556206
2025-01-30,37.027829,7.566310,24.591224,25.675175,19.003268
2025-01-31,36.707242,6.940671,23.799966,24.839257,18.108482
2025-02-03,36.871082,6.177313,23.200282,23.826788,17.783015
2025-02-04,37.004465,6.429141,23.624040,24.186378,18.138653
2025-02-05,37.220623,6.987461,25.703257,26.857632,18.979808
2025-02-06,37.198961,7.752169,25.218457,26.211530,18.646646
2025-02-07,37.044538,6.680531,23.393822,24.839594,17.468786
2025-02-10,37.157720,7.260011,23.532343,25.046375,17.911611
2025-02-11,38.044009,7.599604,24.090563,25.382779,18.238373
2025-02-12,38.511392,7.279335,24.492676,23.397424,17.641555
2025-02-13,39.365538,8.006415,25.382663,24.156352,18.550665
2025-02-14,39.465435,8.004792,24.515444,23.503261,18.112242
2025-02-18,39.436743,8.525789,23.975010,23.620378,18.139450
2025-02-19,39.691148,8.981598,25.209789,23.677778,18.328367
2025-02-20,39.681820,7.920184,24.735581,23.565516,17.132713
2025-02-21,39.765210,6.842035,22.937563,22.354862,15.147752
2025-02-24,40.009720,6.977056,24.194214,23.187210,15.235757
2025-02-25,40.111332,6.690279,24.812584,25.083318,15.659857
2025-02-26,38.956566,6.197210,22.469594,24.009214,15.161278
2025-02-27,38.657354,5.596129,22.519019,23.866930,14.647899
2025-02-28,39.373189,7.189312,23.959133,25.567788,16.242516
2025-03-03,39.006593,5.665401,22.801347,24.005080,14.519935
2025-03-04,38.650689,3.973011,21.348247,22.459620,12.742793
2025-03-05,38.746763,5.266289,23.031613,25.002890,14.030347
2025-03-06,38.748382,3.866343,22.599528,25.272527,12.896816
2025-03-07,39.555510,4.318264,23.179221,27.384938,13.487139
2025-03-10,38.926621,1.786365,20.578447,27.083353,11.127317
2025-03-11,38.579518,0.614700,19.999792,24.848860,9.859307
2025-03-12,38.346000,0.269397,19.426263,23.850273,9.640427
2025-03-13,38.341652,-0.494991,18.935073,22.267286,8.215638
2025-03-14,38.492101,1.497861,20.815452,23.789260,10.004371
2025-03-17,38.750267,2.222138,21.856891,25.068184,10.941497
2025-03-18,38.691168,1.599739,21.329294,24.024302,10.251267
2025-03-19,38.864173,2.365787,22.809972,24.190646,11.267627
2025-03-20,38.842595,2.483872,22.754695,23.664634,11.237642
2025-03-21,38.888487,2.677476,23.975530,23.505331,11.322572
2025-03-24,38.932266,4.016310,24.685665,24.820725,12.908064
2025-03-25,38.924081,4.369518,24.560519,23.786103,12.919146
2025-03-26,39.040275,3.892369,23.956085,23.499269,12.567268
2025-03-27,39.032756,3.463360,24.214084,22.838844,12.156053
2025-03-28,38.997575,1.493321,22.449543,21.153723,10.258134
2025-03-31,39.147674,2.114376,23.205892,22.564934,11.366083
2025-04-01,39.164025,2.156647,22.902283,22.118586,11.334794
2025-04-02,39.146165,2.840253,22.604276,22.623288,11.958840
2025-04-03,39.293533,-1.095565,16.291395,18.019840,7.505999
2025-04-04,38.699351,-6.728420,8.748590,11.694054,1.590401
2025-04-07,38.767744,-8.387081,7.815039,9.662988,0.664357
2025-04-08,38.763547,-10.627610,6.707889,6.938068,-0.184142
2025-04-09,39.855055,-4.611834,16.112215,14.289286,7.671768
2025-04-10,39.546717,-7.769754,11.333087,10.497559,4.981093
2025-04-11,39.874657,-6.227444,12.759755,12.261690,6.622483
2025-04-14,39.981579,-4.576693,12.830492,14.180801,7.449946
2025-04-15,39.811865,-5.056699,12.040932,13.532165,7.036774
2025-04-16,39.611494,-7.656120,10.648547,10.390791,5.181889
2025-04-17,39.911976,-7.760950,8.012121,10.357528,3.784144
2025-04-21,39.697039,-9.829226,5.615434,7.805511,1.207399
2025-04-22,40.184140,-7.193734,7.807826,10.973160,3.902797
2025-04-23,40.514752,-6.949328,9.323556,11.423530,5.015324
2025-04-24,41.361944,-5.264271,11.116207,13.553583,6.306130
2025-04-25,42.042838,-5.474356,11.982756,13.321151,6.359428
2025-04-28,41.968245,-4.993187,12.837345,13.815437,6.661933
2025-04-29,42.529772,-3.511334,13.036816,15.260759,7.457455
2025-04-30,42.698429,-2.874183,12.970105,16.049227,7.833269
2025-05-01,45.760205,-3.471147,12.078248,15.427131,8.054935
2025-05-02,45.961519,-2.207931,12.306685,17.056117,9.551603
2025-05-05,44.733882,-2.558301,11.441642,16.584676,9.290164
2025-05-06,44.137113,-4.501230,9.958739,14.316005,8.256550
2025-05-07,44.687220,-3.775845,11.739168,15.140034,9.012134
2025-05-08,45.907868,-3.589202,12.667278,15.473829,9.686879
2025-05-09,46.131006,-4.193379,12.806313,14.828898,9.371168
2025-05-12,51.403866,-0.567802,16.794423,19.533395,12.448781
2025-05-13,52.426134,-0.284629,14.309487,20.051794,11.733756
2025-05-14,52.732348,-2.032777,13.615530,18.009027,11.496792
2025-05-15,52.579287,-0.225941,12.813370,19.956609,12.217171
2025-05-16,52.834597,1.055410,13.957236,21.513764,13.097426
2025-05-19,52.704150,1.453314,14.434325,21.922466,13.461556
2025-05-20,52.079009,0.941252,14.687158,21.278002,13.157084
2025-05-21,49.976139,-0.864445,12.263759,19.032149,10.991378
2025-05-22,50.317787,-0.589797,12.342734,19.340372,10.987794
2025-05-23,48.631933,-0.935253,11.510693,18.851391,10.308968
2025-05-27,51.305598,1.309101,12.507722,21.577980,12.272583
2025-05-28,50.705703,0.680062,11.844469,20.865883,11.623109
2025-05-29,51.094750,1.697218,12.924559,22.068200,11.933413
2025-05-30,51.144965,1.991619,13.204860,22.245357,12.077493
2025-06-02,51.490813,1.434799,13.773666,21.555636,12.171382
2025-06-03,51.706547,2.272996,14.611304,22.680267,12.739219
2025-06-04,51.866872,1.943165,14.374315,22.245870,12.495544
2025-06-05,52.026551,1.685636,13.284056,21.986972,12.209186
2025-06-06,53.381615,2.467772,15.142678,22.879464,13.384136
2025-06-09,54.032921,2.699692,16.162927,23.216287,13.381194
2025-06-10,54.263552,3.402984,17.692359,24.059255,13.659888
2025-06-11,54.051980,3.595032,17.522711,24.343634,13.656967
2025-06-12,54.742987,3.877645,17.064059,24.651731,13.927023
2025-06-13,53.827070,2.196190,16.282845,22.767618,11.885842
2025-06-16,54.987116,2.917956,16.810830,23.734205,12.727153
2025-06-17,54.574229,1.314619,15.850200,21.795270,11.933600
2025-06-18,54.694790,1.466425,15.741627,21.986279,11.816562
2025-06-20,54.178256,1.724847,16.113646,22.332940,11.909788
2025-06-23,54.985547,0.772383,16.309095,21.362869,12.903983
2025-06-24,56.180040,2.278975,16.206038,23.269101,14.248906
2025-06-25,56.324043,2.215941,15.908006,23.233872,13.966287
2025-06-26,57.700046,3.173405,16.621456,24.598929,15.038565
2025-06-27,58.815876,3.451977,18.229724,25.014728,16.185136
2025-06-30,58.765057,4.015649,18.444326,25.645631,16.915614
2025-07-01,58.834919,6.488604,20.060093,28.398923,17.976655
2025-07-02,58.748591,7.882824,19.475296,30.141626,17.948763
2025-07-03,60.071980,8.036695,20.314249,30.216886,18.861156
2025-07-07,59.626071,6.254137,18.800238,28.192544,17.741783
2025-07-08,58.966985,5.307548,18.463424,29.388520,17.302707
2025-07-09,60.063349,5.746085,18.099616,30.745881,17.879503
2025-07-10,60.186183,6.519544,18.945595,32.244887,18.389485
2025-07-11,60.394790,6.381710,17.869603,30.771768,17.649386
2025-07-14,60.446301,6.766709,17.859509,31.174636,17.883077
2025-07-15,60.201501,6.184399,16.420438,29.772154,16.726086
2025-07-16,60.342581,6.702811,18.895112,31.797651,17.339879
2025-07-17,61.047528,7.486424,19.314904,32.493128,17.948939
2025-07-18,61.124221,7.596885,19.541266,30.806269,17.571644
2025-07-21,61.621910,7.526132,20.880812,30.832294,17.520945
2025-07-22,61.526855,7.608718,22.671900,33.048429,17.996541
2025-07-23,62.364093,8.460644,22.916379,34.970933,19.343080
2025-07-24,63.023990,8.218153,22.813969,34.721372,18.504213
2025-07-25,63.303179,8.719827,22.615208,35.162705,19.055748
2025-07-28,63.406545,8.262087,21.206780,34.277917,18.885091
2025-07-29,63.039933,8.637316,22.198416,34.286094,18.342681
2025-07-30,62.815854,8.652171,21.453497,33.521455,17.887406
2025-07-31,63.738133,8.763659,20.768001,33.174203,17.011626
2025-08-01,62.065717,6.983960,21.029156,32.363366,15.573467
2025-08-04,63.587175,8.621488,22.574956,34.395777,17.124738
2025-08-05,62.906940,8.028263,22.360452,34.687512,16.960606
2025-08-06,64.169074,9.004369,22.585257,31.683084,17.176390
2025-08-07,64.687929,8.815025,23.117902,30.548423,16.581188
2025-08-08,66.149347,9.236892,23.933026,31.320376,17.129958
2025-08-11,65.816640,9.014654,23.921871,30.233592,16.598288
2025-08-12,66.459394,10.075858,24.053518,31.287614,17.880322
2025-08-13,67.259035,10.519580,25.760535,32.951836,19.109699
2025-08-14,67.185307,10.997198,25.516827,32.853258,19.080512
2025-08-15,66.933716,10.244410,26.280563,32.186020,19.172941
2025-08-18,66.963871,10.148421,26.330439,31.915037,19.081993
2025-08-19,67.074288,9.691813,27.447926,33.476796,19.109699
2025-08-20,66.456582,9.704226,28.224251,34.047807,19.152226
2025-08-21,66.316024,9.497737,28.231018,33.426933,18.747060
2025-08-22,68.139239,11.152807,28.550966,36.643840,20.990829
2025-08-25,67.673849,10.524910,27.757658,34.921377,20.064754
2025-08-26,68.109101,10.935026,27.379294,35.005737,20.424296
2025-08-27,68.479310,11.147831,27.860947,34.982570,20.814486
2025-08-28,69.098389,11.277928,27.235146,34.935858,21.004511
2025-08-29,68.946502,11.025959,28.077244,33.219475,20.760524
2025-09-02,68.046659,10.419978,27.769686,32.434410,20.100124
2025-09-03,69.324079,10.718955,28.024753,31.641889,20.034956
2025-09-04,70.807190,12.071871,29.147736,32.296011,20.963123
2025-09-05,70.254310,10.485686,28.562484,33.459184,20.378662
2025-09-08,70.559027,10.555355,27.479119,32.849467,20.681167
2025-09-09,70.842981,11.358764,27.161833,31.622960,21.201889
2025-09-10,68.777499,11.023079,26.675720,31.838859,20.617459
2025-09-11,69.816290,12.414597,28.803157,34.761560,22.253619
2025-09-12,70.043580,12.334578,28.342170,33.280334,21.527698
2025-09-15,70.792846,12.648820,27.968098,33.212847,21.658231
2025-09-16,71.091070,12.235404,27.217190,33.370164,21.325338
2025-09-17,71.245875,12.722259,28.324166,34.357340,22.015836
2025-09-18,70.892182,12.974439,27.537714,36.259757,22.344887
2025-09-19,72.834277,13.633473,27.800121,37.652588,22.803186
2025-09-22,73.912206,13.736515,27.240026,37.886036,22.978897
2025-09-23,72.502421,13.283914,27.921362,38.157415,22.743559
2025-09-24,72.152764,12.807226,27.794495,36.568226,22.288833
2025-09-25,72.441162,12.624843,27.844504,34.368981,21.827582
2025-09-26,72.768719,13.490604,28.893147,34.951504,22.622938
2025-09-29,73.004199,13.718982,28.940039,35.811346,22.805309
2025-09-30,73.495971,14.185068,30.420289,37.885771,23.022253
2025-10-01,73.779108,13.834665,30.512337,40.500511,23.136825
2025-10-02,73.785133,13.642561,31.437275,41.753159,23.345275
2025-10-03,74.337814,14.290519,31.319060,42.654092,23.977815
2025-10-06,74.943920,14.357850,30.688873,40.990265,23.809944
2025-10-07,74.525793,14.071627,29.700554,40.182292,23.566041
2025-10-08,74.774507,13.683918,30.163005,41.688723,23.562861
2025-10-09,74.120708,13.293262,29.499773,40.839353,22.917603
2025-10-10,71.362585,11.170444,26.125787,38.433325,20.587444
2025-10-13,72.357224,12.676641,28.432096,40.572486,22.146441
2025-10-14,72.358608,12.250914,27.656600,43.692611,22.684378
2025-10-15,72.780688,11.817555,27.032668,44.786760,22.638899
2025-10-16,72.121159,10.904971,26.693810,44.934096,21.840622
2025-10-17,73.266204,11.082499,27.117383,44.269297,22.472654
2025-10-20,74.876780,12.406843,28.432935,45.851378,23.840726
2025-10-21,74.912930,12.586065,29.768784,46.759027,24.419169
2025-10-22,74.188038,11.846940,28.935336,44.735332,23.532711
2025-10-23,74.563815,12.398675,29.008167,45.803086,23.915050
2025-10-24,75.809016,13.829366,29.662552,45.386303,25.167897
2025-10-27,77.297893,15.013330,30.379138,45.695385,26.062682
2025-10-28,77.736259,15.450924,31.179471,46.005047,26.491639
2025-10-29,78.211950,15.181826,30.331480,50.905859,26.294447
2025-10-30,77.782376,14.826274,30.150127,51.000672,26.003107
2025-10-31,79.932256,15.013227,29.996164,51.472328,26.111154
2025-11-03,80.643425,14.754002,29.759025,49.781719,25.511416
2025-11-04,79.919091,15.043087,28.796171,47.454750,24.844729
2025-11-05,80.307327,15.113732,27.646433,53.111417,25.443328
2025-11-06,79.433904,13.990855,24.898964,52.230189,24.386192
2025-11-07,79.473974,14.192299,25.309601,52.664931,24.584523
2025-11-10,80.628489,15.615167,27.068390,54.436330,25.596128
2025-11-11,81.794532,17.046139,27.895065,56.969950,27.079176
2025-11-12,81.397771,18.032049,28.568112,57.351942,27.945831
2025-11-13,79.945591,16.111296,27.339119,55.139103,25.831021
2025-11-14,79.432721,15.720011,26.877736,54.724750,25.009762
2025-11-17,78.173969,14.543689,24.864868,54.604488,23.532255
2025-11-18,77.451985,13.735438,22.360655,53.799802,22.210501
2025-11-19,77.811484,13.975780,22.252391,54.326307,22.335203
2025-11-20,77.272555,12.859030,21.053060,52.212440,21.310392
2025-11-21,78.388685,13.414121,22.499732,54.276037,22.617956
2025-11-24,79.271650,14.291346,22.379356,54.614024,23.155830
2025-11-25,79.962591,15.536325,24.236334,57.136210,24.916878
2025-11-26,80.342565,16.550237,24.715839,58.327193,25.751218
2025-11-28,80.812921,17.270147,24.466867,58.969524,26.518288
2025-12-01,81.014359,16.159758,24.986674,56.660295,25.385865
2025-12-02,81.454840,16.465974,24.872060,58.155455,25.876738
2025-12-03,81.949689,16.775488,25.429562,60.460593,26.959695
2025-12-04,81.466387,16.776311,26.110102,59.586622,26.874962
2025-12-05,81.363394,17.197219,27.084094,58.042824,27.150838
2025-12-08,80.973754,17.683165,26.246889,55.325271,26.579003
2025-12-09,80.409361,17.317410,25.865589,53.704513,26.104308
2025-12-10,81.581699,17.952501,27.192273,56.353783,27.423307
2025-12-11,82.332412,19.206356,28.280904,58.293724,29.136845
2025-12-12,82.427455,18.626157,27.899694,55.860787,28.484689
2025-12-15,81.858482,18.949183,27.849331,56.007244,28.374674
2025-12-16,81.395168,18.198164,27.313612,55.735733,27.573146
2025-12-17,80.813521,17.993142,26.585033,53.196117,26.967835
2025-12-18,80.843750,18.626041,27.053012,53.023814,27.142521
2025-12-19,81.063297,19.371593,25.572142,54.148411,27.627842
2025-12-22,81.077445,19.731847,25.842158,55.122910,28.231817
2025-12-23,81.244167,20.060602,26.535950,55.123326,28.443219
2025-12-24,81.540332,20.844640,27.711150,55.822911,29.208829
2025-12-26,81.551200,20.575555,28.421773,55.879260,29.155292
2025-12-29,81.278867,19.807818,27.926595,54.850844,28.494974
2025-12-30,81.239868,19.502651,27.871735,54.515250,28.243427
2025-12-31,81.028139,18.789652,27.887146,53.573119,27.437994
2026-01-02,81.543398,19.240474,26.950179,56.422311,28.284079
2026-01-05,81.968768,20.626976,27.734667,57.580223,29.861140
2026-01-06,82.402138,23.065700,28.689910,60.521364,31.146830
2026-01-07,81.864052,22.768559,28.208897,58.932244,29.911249
2026-01-08,82.220869,22.212141,28.641338,59.304368,30.627226
2026-01-09,82.493852,22.664440,29.400119,60.391601,31.258171
2026-01-12,82.332288,23.665092,29.053574,61.973594,31.486538
2026-01-13,81.452562,23.800962,26.959687,62.676686,30.430697
2026-01-14,80.841559,24.787304,26.197483,63.716710,30.318383
2026-01-15,81.408219,25.540829,26.154628,64.964427,31.094764
2026-01-16,81.197848,25.422389,25.059598,64.776501,30.874392
2026-01-20,79.806305,23.377299,23.016855,61.194550,28.565663
2026-01-21,80.606004,26.897840,25.579739,65.376819,30.126421
2026-01-22,81.076748,27.660106,26.927372,66.602875,30.939840
2026-01-23,81.337323,26.008032,27.364375,64.410049,30.183376
2026-01-26,81.283188,27.215848,27.732266,65.700200,31.015106
2026-01-27,80.475186,27.448385,24.874906,65.846688,29.930689
2026-01-28,80.172020,26.293770,25.119804,64.501088,29.963014
2026-01-29,80.121227,28.037023,24.121089,67.163712,30.111382
2026-01-30,79.955858,27.850448,23.591693,66.200512,29.636532
2026-02-02,81.971644,30.366230,23.080786,69.882248,31.002543
2026-02-03,80.265588,30.571995,21.165595,70.689478,30.560619
2026-02-04,81.141187,35.489328,22.295541,75.812307,31.250827
2026-02-05,78.796623,34.612532,20.718327,74.498308,29.679618
2026-02-06,79.088372,40.499768,23.634817,82.665512,32.879809
2026-02-09,78.295976,39.937610,22.940832,82.428497,32.933366
2026-02-10,78.118340,38.512190,23.912847,81.480544,33.071957
2026-02-11,78.478429,41.053173,23.496096,84.952198,32.894993
2026-02-12,76.274753,40.411675,22.726685,83.757416,31.120056
2026-02-13,75.690511,41.932241,23.063149,85.720324,31.249843
2026-02-17,76.797646,41.792890,23.233843,84.826293,31.335384
2026-02-18,76.985947,41.746731,24.086056,84.095799,31.678666
2026-02-19,76.389604,41.248975,23.758860,83.897265,30.969399
2026-02-20,77.128598,41.397155,24.705683,84.250794,31.581380
2026-02-23,77.383956,42.190518,23.194621,84.716823,29.402116
2026-02-24,78.506510,43.510211,24.500061,86.540382,30.384327
2026-02-25,78.923775,43.142768,24.913776,85.939080,31.200046
2026-02-26,78.215557,41.666822,24.404634,84.046753,31.245255
2026-02-27,77.215886,42.778674,23.232081,84.808256,29.863108
2026-03-02,77.105569,42.446799,23.236368,84.475598,29.669178
2026-03-03,77.458529,38.804162,22.316245,79.495325,28.599282
2026-03-04,78.260377,39.829275,22.610890,81.084351,29.230703
2026-03-05,78.297654,35.539988,22.077928,75.435696,27.150175
2026-03-06,76.920262,33.950396,20.734034,72.693831,25.948566
2026-03-09,77.502549,36.598433,20.437834,75.954009,26.582928
2026-03-10,77.368704,37.061516,20.460377,77.214973,26.492012
2026-03-11,77.110982,36.549984,19.848218,76.303825,25.725097
2026-03-12,75.374319,33.984094,18.838848,72.857292,23.764558
2026-03-13,73.699417,33.615329,18.046374,72.390431,23.448019
2026-03-16,75.254233,34.014240,19.713215,72.967295,24.476631
2026-03-17,75.304099,33.102353,19.522649,72.043349,24.600857
2026-03-18,73.654020,30.259016,17.276452,68.558081,22.564233
2026-03-19,73.169880,29.513482,16.523922,67.428786,22.024081
2026-03-20,71.780924,28.337823,14.776188,65.655059,20.846935
2026-03-23,72.635451,30.794435,15.628013,69.308957,22.520008
2026-03-24,71.289216,31.494174,14.572106,70.485896,22.296197
2026-03-25,71.664300,32.964230,14.639999,72.186661,23.106033
2026-03-26,70.415011,31.647506,13.362881,69.967784,21.861492
2026-03-27,68.134844,30.177801,10.793068,68.080736,19.757640
2026-03-30,68.622388,28.571910,11.779277,65.525091,19.888887
