date,DTE,DRL Ensemble,Dynamic Stock Recommendation,MACE,^NDX
2024-01-02,0.000000,0.000000,0.000000,0.000000,0.000000
2024-01-03,0.022133,-0.812364,-1.350121,-0.073997,-1.060504
2024-01-04,-0.083263,-1.017701,-1.282093,-0.134221,-1.583236
2024-01-05,-0.019072,-1.011075,-0.604481,-0.138847,-1.438345
2024-01-08,0.670837,0.339100,1.948245,0.336114,0.640293
2024-01-09,0.864152,0.350971,1.527397,0.320906,0.814557
2024-01-10,1.320357,0.862561,1.829850,0.478520,1.505756
2024-01-11,1.500154,0.960896,2.068351,0.572220,1.674093
2024-01-12,1.634428,1.067680,1.976823,0.610484,1.746745
2024-01-16,1.803149,1.208997,2.040847,1.059755,1.733393
2024-01-17,1.597750,0.775768,1.479438,0.854438,1.162600
2024-01-18,2.316599,2.098614,2.966734,2.087152,2.649608
2024-01-19,3.292739,3.747275,5.221059,3.932344,4.654638
2024-01-22,3.167569,4.445443,6.126836,4.852483,4.753653
2024-01-23,3.500102,4.880050,6.774111,5.272959,5.199919
2024-01-24,4.107341,5.368169,6.796729,6.537276,5.774691
2024-01-25,4.806054,5.655652,7.202604,7.127966,5.881615
2024-01-26,4.792294,5.146022,6.196504,5.449232,5.301460
2024-01-29,5.502662,6.392018,7.820713,6.574948,6.360819
2024-01-30,5.082065,5.932258,5.967518,5.968369,5.638146
2024-01-31,3.248713,4.316320,4.069109,4.489631,3.586212
2024-02-01,3.898177,5.608977,4.310446,5.633758,4.840271
2024-02-02,5.222534,6.198717,5.916422,6.543971,6.641653
2024-02-05,5.114023,6.263907,5.114423,6.664584,6.462183
2024-02-06,4.952750,5.864055,6.899219,5.926958,6.218537
2024-02-07,5.713033,6.983453,8.852764,7.316104,7.320692
2024-02-08,5.844254,8.033431,8.705923,8.193055,7.490540
2024-02-09,6.980194,9.098540,8.896265,10.111954,8.573960
2024-02-12,6.351456,8.251090,10.366091,9.250700,8.091910
2024-02-13,5.090597,6.313140,7.085752,7.148146,6.385906
2024-02-14,5.729673,7.969582,9.094828,9.158641,7.638395
2024-02-15,5.627871,8.481222,11.989659,9.370629,7.868629
2024-02-16,5.442856,7.641358,10.379621,8.836935,6.903078
2024-02-20,5.077235,6.895091,8.905884,7.653058,6.057567
2024-02-21,5.122148,6.473154,7.966776,6.983436,5.651439
2024-02-22,6.546397,9.354836,10.830165,10.866483,8.829576
2024-02-23,6.434972,8.611343,10.316363,10.205757,8.424051
2024-02-26,6.430644,8.999423,11.015858,11.098231,8.398185
2024-02-27,6.384480,8.916462,12.399384,11.124490,8.626188
2024-02-28,6.260014,8.659190,11.269471,10.263403,8.042586
2024-02-29,7.004546,9.331759,13.302404,11.634183,9.066221
2024-03-01,7.626104,11.441224,15.919460,14.773135,10.632115
2024-03-04,7.790232,11.118304,16.009580,14.617311,10.170135
2024-03-05,6.809049,8.618365,14.048512,11.683485,8.183841
2024-03-06,7.104617,9.880006,16.587670,13.385271,8.907376
2024-03-07,7.925061,11.403599,18.379821,14.958472,10.602377
2024-03-08,7.209001,9.747013,16.646474,12.830414,8.912688
2024-03-11,6.739579,9.412584,15.379658,12.215614,8.509158
2024-03-12,7.710016,10.757324,16.082632,14.052407,10.125581
2024-03-13,7.502594,9.749858,15.277974,12.460983,9.215044
2024-03-14,7.808192,9.017696,14.005801,11.666169,8.890694
2024-03-15,7.142330,7.767218,13.205622,10.420463,7.642137
2024-03-18,7.126150,8.101479,14.391355,10.780163,8.710563
2024-03-19,7.228224,8.446488,13.720315,10.560733,8.995800
2024-03-20,7.896759,9.614515,15.635119,12.244453,10.252515
2024-03-21,8.178934,10.763882,17.727195,14.169081,10.737717
2024-03-22,8.524336,10.309429,17.320258,13.565664,10.852917
2024-03-25,8.189512,10.002517,17.660434,12.982773,10.475867
2024-03-26,8.106209,9.939657,17.951778,12.546085,10.073777
2024-03-27,8.366038,10.397894,18.784626,13.209135,10.498711
2024-03-28,8.391242,10.230522,18.511004,13.269927,10.340645
2024-04-01,9.155668,10.331463,19.070517,13.931385,10.573417
2024-04-02,8.785444,8.464018,17.984507,11.258077,9.537268
2024-04-03,8.885332,8.805667,18.831959,11.474302,9.769439
2024-04-04,8.202677,7.323656,17.199753,9.110563,8.068452
2024-04-05,8.837805,8.225342,17.154027,10.502534,9.456765
2024-04-08,9.159872,8.467283,17.015098,11.051178,9.406768
2024-04-09,9.468181,8.885698,17.375902,11.757035,9.828136
2024-04-10,9.309811,7.886882,16.484737,9.569495,8.871652
2024-04-11,9.962612,9.041140,17.691549,10.754065,10.662763
2024-04-12,9.470774,7.347353,14.863854,8.357230,8.822269
2024-04-15,8.932650,5.769649,12.629996,6.865430,7.029103
2024-04-16,8.855301,5.907020,12.256886,7.510100,7.070388
2024-04-17,8.826180,3.876193,10.821727,3.681155,5.740348
2024-04-18,8.750105,3.300110,9.906284,2.238986,5.140076
2024-04-19,8.213515,2.313735,7.521183,1.170685,2.984240
2024-04-22,8.690899,3.515351,9.059138,2.114885,4.031393
2024-04-23,9.121527,4.598624,10.806346,4.040565,5.606471
2024-04-24,9.143340,4.744260,11.733059,3.969292,5.940915
2024-04-25,8.603559,4.795632,12.334934,4.463555,5.358824
2024-04-26,10.961843,5.096186,13.195983,6.403445,7.098438
2024-04-29,10.360390,5.291958,14.100077,6.624092,7.487825
2024-04-30,9.526794,3.089898,11.589720,4.346843,5.420414
2024-05-01,9.814923,2.641096,10.888340,2.418727,4.682146
2024-05-02,10.661562,3.324165,12.958737,3.626751,6.030000
2024-05-03,10.935171,5.451718,13.929138,6.051032,8.141116
2024-05-06,11.215119,6.205607,15.577006,7.700188,9.366759
2024-05-07,11.507187,6.573783,14.241643,7.599432,9.353938
2024-05-08,11.278676,6.444937,14.319382,7.273304,9.315014
2024-05-09,11.721545,7.145296,14.508410,7.543288,9.486988
2024-05-10,11.589496,7.580302,14.236006,8.250892,9.775424
2024-05-13,11.808201,7.391073,15.199115,7.838490,10.001668
2024-05-14,12.312626,7.548472,17.014099,8.730724,10.752155
2024-05-15,13.472033,9.630566,19.374010,11.355679,12.407631
2024-05-16,13.447793,9.403518,19.836829,10.915886,12.173772
2024-05-17,13.719799,9.970549,20.010879,11.337530,12.102867
2024-05-20,14.305318,10.777943,21.929782,12.814031,12.876316
2024-05-21,14.646802,10.488314,22.045677,12.184985,13.115748
2024-05-22,14.512737,10.690158,21.362987,12.423831,13.063755
2024-05-23,13.480213,10.021153,19.907935,11.365055,12.569262
2024-05-24,14.235569,11.416087,22.080462,11.257004,13.687249
2024-05-28,14.672405,11.404002,22.120265,11.562253,14.056507
2024-05-29,14.203811,9.991146,20.733834,9.917457,13.254464
2024-05-30,13.028023,9.641509,19.382028,8.107434,12.057108
2024-05-31,13.107129,10.135705,18.573070,8.414531,12.044960
2024-06-03,13.431456,10.707146,18.660428,9.196781,12.433745
2024-06-04,13.684802,11.137822,18.142797,9.081606,12.759358
2024-06-05,15.120515,14.164560,21.537511,12.680445,15.057546
2024-06-06,15.353307,14.359844,20.928291,12.404338,14.973761
2024-06-07,15.090800,13.815045,20.610516,11.853031,14.851419
2024-06-10,15.354560,13.961447,22.341431,12.778950,15.297024
2024-06-11,16.896511,14.072655,22.294512,12.165720,16.116115
2024-06-12,18.188478,15.487547,23.927975,15.789621,17.657464
2024-06-13,17.801792,14.753917,23.650927,15.685811,18.332879
2024-06-14,17.869410,14.942364,23.215473,15.545790,18.833854
2024-06-17,18.850503,16.616764,24.884143,18.672829,20.302362
2024-06-18,18.409163,16.968193,25.034615,19.839524,20.339291
2024-06-20,18.171211,16.261795,22.986567,18.704477,19.392971
2024-06-21,18.661488,15.997751,22.894432,18.363476,19.079435
2024-06-24,18.162579,14.950202,21.565495,16.661123,17.714521
2024-06-25,19.262785,16.238907,22.850989,18.448513,19.083674
2024-06-26,19.975538,16.046235,22.702615,18.304673,19.385415
2024-06-27,20.503355,16.769645,23.147173,18.430348,19.614977
2024-06-28,19.345898,16.112475,22.654031,19.234808,18.973290
2024-07-01,20.561706,16.239500,22.995356,19.015791,19.755157
2024-07-02,21.490464,17.433792,24.770308,20.218162,20.962064
2024-07-03,21.702881,17.666851,25.307963,20.891757,22.018283
2024-07-05,22.871363,19.197936,26.599383,21.670840,23.259462
2024-07-08,22.850482,19.709809,26.506551,22.286185,23.546989
2024-07-09,22.902908,19.735140,26.711785,21.551508,23.628472
2024-07-10,23.800463,20.705154,27.183914,23.421063,24.972537
2024-07-11,22.121382,19.527802,27.200215,21.500919,22.167755
2024-07-12,22.462692,21.348085,29.083841,23.203959,22.893887
2024-07-15,22.871331,21.415453,29.182325,22.998144,23.228696
2024-07-16,23.061242,22.145757,31.040437,23.684623,23.299648
2024-07-17,21.834598,18.244753,31.297026,17.573190,19.676095
2024-07-18,21.111888,16.957852,29.831840,15.867746,19.107604
2024-07-19,20.978898,16.540530,28.600878,14.154487,18.004658
2024-07-22,21.148598,19.088067,29.695541,17.222994,19.819522
2024-07-23,21.142514,18.325622,28.646363,16.488149,19.405296
2024-07-24,20.335653,15.130249,26.636314,12.291724,15.041467
2024-07-25,20.295568,14.244341,26.116088,12.291480,13.821621
2024-07-26,20.485350,16.448090,27.416404,13.780784,14.988695
2024-07-29,20.536692,16.348918,28.115346,13.460092,15.205271
2024-07-30,20.514479,15.272654,28.484784,12.493097,13.614231
2024-07-31,20.700125,18.542140,29.978127,16.916831,17.036391
2024-08-01,20.665678,15.670913,27.228910,12.361152,14.183147
2024-08-02,20.606908,15.265940,24.645581,7.391488,11.465892
2024-08-05,20.168160,13.105312,20.910177,5.952255,8.167466
2024-08-06,20.264850,14.530470,21.590326,7.789217,9.272160
2024-08-07,20.147063,14.518392,21.094165,6.597839,7.999483
2024-08-08,20.465769,18.360883,22.989637,11.244483,11.302513
2024-08-09,20.485506,18.555918,22.917536,11.211743,11.902607
2024-08-12,20.445342,18.350769,21.929009,11.317073,12.077473
2024-08-13,20.777649,20.743906,24.753799,14.525125,14.884546
2024-08-14,20.765997,20.419482,24.243532,14.677075,14.982769
2024-08-15,21.167620,23.881551,27.666473,18.418740,17.808400
2024-08-16,21.207447,23.718453,28.319293,17.787275,17.919433
2024-08-19,21.383804,25.312682,30.300999,19.232498,19.478739
2024-08-20,21.386128,24.772449,30.874989,18.883862,19.196642
2024-08-21,21.518139,25.831001,31.249095,20.057470,19.831434
2024-08-22,21.353050,24.050690,29.880318,17.790277,17.818612
2024-08-23,21.454570,24.627109,32.407880,18.472292,19.202982
2024-08-26,21.184118,23.810652,32.118881,17.240504,17.967305
2024-08-27,21.251395,25.042353,31.879710,18.130340,18.360682
2024-08-28,20.750781,23.847134,30.464554,16.930402,16.965970
2024-08-29,20.931296,24.187636,30.833827,17.023849,16.812862
2024-08-30,21.815838,25.599542,32.464886,18.485822,18.319102
2024-09-03,20.612809,21.216207,30.332353,13.790093,14.596286
2024-09-04,20.476538,21.185467,31.364147,13.468320,14.370585
2024-09-05,20.647960,20.641237,31.736184,11.801107,14.424561
2024-09-06,19.448598,17.818816,29.329173,9.358034,11.347788
2024-09-09,20.249701,19.552581,30.746156,10.946322,12.795259
2024-09-10,20.925362,19.761605,30.942942,11.585083,13.812920
2024-09-11,22.173071,21.991201,31.238488,14.337385,16.280048
2024-09-12,22.644426,23.908482,32.662884,14.164837,17.402934
2024-09-13,22.937596,24.379215,34.342881,15.888813,17.956125
2024-09-16,22.439402,23.903422,35.118610,15.310375,17.402875
2024-09-17,22.722145,23.031186,35.137299,15.287024,17.459330
2024-09-18,22.641244,22.439850,34.779975,13.902099,16.927956
2024-09-19,24.304544,24.857415,36.980022,17.639368,19.922042
2024-09-20,24.102195,23.704544,36.297432,16.095358,19.629852
2024-09-23,24.108236,23.486529,37.107148,15.981528,19.996808
2024-09-24,24.057035,23.330827,37.608080,16.195454,20.556775
2024-09-25,23.999066,23.207794,37.232403,16.130839,20.724628
2024-09-26,24.220062,24.163871,38.823297,19.005354,21.588568
2024-09-27,23.998607,23.372550,38.641395,17.494800,20.942289
2024-09-30,24.711718,23.307684,38.512262,17.569215,21.257029
2024-10-01,23.597599,22.275034,37.315191,14.984309,19.519905
2024-10-02,23.551234,21.673417,37.055458,16.075188,19.696943
2024-10-03,23.469014,20.763006,35.518961,15.654913,19.641032
2024-10-04,23.995374,21.472750,37.886193,16.892349,21.101867
2024-10-07,22.845511,20.346813,37.323941,15.579718,19.685763
2024-10-08,23.660372,22.060659,39.084767,17.320444,21.541664
2024-10-09,23.782452,23.677881,40.607744,18.720012,22.515314
2024-10-10,23.630553,22.986651,39.963400,18.117137,22.351510
2024-10-11,23.918697,24.075493,41.809978,19.278018,22.534120
2024-10-14,24.649055,24.800183,42.229512,21.018123,23.544038
2024-10-15,24.585051,21.673292,39.287355,15.119820,21.856285
2024-10-16,24.449685,21.192713,39.706039,14.100630,21.942243
2024-10-17,24.127859,21.597407,39.393271,14.079657,22.041186
2024-10-18,24.377717,22.474681,40.878867,14.983387,22.848848
2024-10-21,24.435824,21.640417,40.163158,14.140493,23.075104
2024-10-22,24.547286,21.374935,40.514638,13.635370,23.250336
2024-10-23,24.000845,20.360354,38.798906,12.540295,21.294937
2024-10-24,24.032020,21.230868,41.997477,12.607686,22.297771
2024-10-25,24.425031,21.520712,42.269932,13.227280,23.017976
2024-10-28,24.631623,21.266061,43.292733,13.369095,23.012239
2024-10-29,25.332002,22.015504,43.905162,15.135141,24.218603
2024-10-30,26.039275,21.273139,42.375172,13.454999,23.233643
2024-10-31,24.901525,17.690395,40.511569,10.309451,20.227833
2024-11-01,25.819897,18.683986,40.943647,11.109071,21.090510
2024-11-04,25.409386,18.741440,40.192276,10.776024,20.670168
2024-11-05,25.942687,19.868511,41.150658,11.788397,22.265081
2024-11-06,28.071126,22.365639,46.134840,14.483606,25.612948
2024-11-07,29.102807,20.196601,48.767799,16.588321,27.548643
2024-11-08,28.838230,23.108892,50.257796,16.729119,27.642994
2024-11-11,29.093007,23.121333,55.263314,17.239939,27.578984
2024-11-12,29.415659,22.287307,55.967213,16.440083,27.362586
2024-11-13,29.326526,21.419763,55.037510,15.773327,27.153271
2024-11-14,28.806905,19.720059,53.552791,14.832277,26.310121
2024-11-15,27.148075,17.591109,51.477555,11.478894,23.272519
2024-11-18,27.831806,18.705901,54.589006,12.269423,24.149327
2024-11-19,28.445140,18.275166,55.985409,11.617282,25.028201
2024-11-20,28.154701,18.427960,58.561150,11.922094,24.922481
2024-11-21,27.041571,20.170750,56.536209,14.270380,25.367839
2024-11-22,26.759602,20.634507,58.969615,14.165805,25.582123
2024-11-25,27.644140,21.880069,60.586022,14.549811,25.755360
2024-11-26,28.870400,21.867007,57.937429,13.807539,26.468671
2024-11-27,28.425801,20.726861,58.851836,10.282932,25.390269
2024-11-29,28.882370,21.195204,59.825431,11.333060,26.513816
2024-12-02,29.931214,21.422420,60.194394,12.951562,27.929624
2024-12-03,30.375514,21.251517,59.296861,13.158280,28.320829
2024-12-04,31.649382,22.811431,61.995625,14.557586,29.910771
2024-12-05,31.664864,21.667036,60.382153,13.554223,29.504951
2024-12-06,32.459300,21.939180,61.806405,13.935491,30.695897
2024-12-09,32.795926,19.851723,59.973378,13.852959,29.599243
2024-12-10,34.065194,20.046694,60.399430,12.649304,29.160166
2024-12-11,36.065010,21.552182,63.932119,14.346108,31.552588
2024-12-12,35.727797,20.465915,63.309307,13.989220,30.653703
2024-12-13,35.561540,20.042098,62.808404,13.019243,31.650929
2024-12-16,36.868205,20.800369,62.981132,13.790029,33.563473
2024-12-17,36.853201,20.797437,62.724566,13.818797,32.985739
2024-12-18,33.710522,16.326549,54.661646,10.130416,28.199939
2024-12-19,33.925585,14.547881,52.214684,8.854584,27.602678
2024-12-20,34.911992,15.453039,55.615446,9.861806,28.682473
2024-12-23,35.407668,16.448623,54.972368,10.888642,29.976116
2024-12-24,36.414596,17.722300,58.040611,11.812320,31.756106
2024-12-26,36.212193,17.506218,57.026618,11.593815,31.578761
2024-12-27,35.268326,16.415793,54.895599,10.709921,29.793872
2024-12-30,34.644677,14.857314,51.525399,9.467217,28.126012
2024-12-31,34.169067,14.201488,50.224982,8.936409,27.008262
2025-01-02,33.644685,13.645230,50.001029,8.971501,26.787330
2025-01-03,34.103402,15.608777,53.653095,10.590484,28.906179
2025-01-06,35.162506,17.176421,56.370908,12.557726,30.316604
2025-01-07,34.665783,15.417131,53.775034,11.849853,27.980637
2025-01-08,34.230938,15.669023,52.905132,12.238798,28.028580
2025-01-10,33.586755,14.289617,49.152221,9.810278,26.013397
2025-01-13,33.415103,14.272062,49.422413,9.694766,25.633443
2025-01-14,33.438238,14.676875,50.645342,10.385818,25.468364
2025-01-15,33.580341,16.748271,52.800425,11.883419,28.372385
2025-01-16,33.654439,17.039833,53.821236,12.200386,27.486262
2025-01-17,33.859843,18.996754,57.118084,13.041788,29.601297
2025-01-21,34.084205,19.676146,58.317067,14.640979,30.358974
2025-01-22,34.207283,19.930699,59.830759,15.561479,32.090667
2025-01-23,34.253428,19.826849,60.264639,14.787698,32.380379
2025-01-24,34.000751,18.422989,57.814334,13.514587,31.613210
2025-01-27,33.630415,17.404529,52.429702,10.674298,27.704041
2025-01-28,33.484881,17.487682,51.838989,11.586324,29.733545
2025-01-29,33.683654,18.091312,52.683744,11.426964,29.421780
2025-01-30,34.126809,19.907336,55.197651,13.944047,30.006032
2025-01-31,34.071970,19.846999,54.096598,13.613830,29.824283
2025-02-03,34.143131,20.003639,53.673825,12.524199,28.733426
2025-02-04,34.251009,20.539418,53.515634,13.326230,30.361453
2025-02-05,34.680123,21.504002,55.642010,14.333711,30.912956
2025-02-06,34.661660,21.332381,55.889912,13.971925,31.613576
2025-02-07,34.495687,20.132141,55.943901,11.893020,29.904432
2025-02-10,34.818256,21.637925,56.190910,13.125218,31.508765
2025-02-11,35.196744,21.125145,55.374249,12.461157,31.126686
2025-02-12,35.672211,21.020516,54.656884,11.697584,31.282273
2025-02-13,36.471736,22.876553,56.372608,13.736280,33.164843
2025-02-14,36.628065,22.851910,55.474305,13.302219,33.672452
2025-02-18,36.985306,22.784028,57.665186,12.961443,33.974193
2025-02-19,37.053546,22.718646,58.980166,14.251930,34.040624
2025-02-20,37.187745,22.450915,59.081047,13.315436,33.390603
2025-02-21,36.931482,20.792648,55.657807,10.919675,30.646513
2025-02-24,37.035374,20.420538,54.908572,10.242695,29.062852
2025-02-25,37.015218,19.596803,52.622389,9.207583,27.462084
2025-02-26,36.348209,19.068008,52.960479,11.581824,27.738136
2025-02-27,35.705292,16.421718,48.059389,7.944491,24.220409
2025-02-28,36.470521,18.498091,50.184425,8.087680,26.236017
2025-03-03,35.993965,17.506457,47.282779,6.266646,23.462614
2025-03-04,35.735291,17.202466,47.930853,5.955748,23.021058
2025-03-05,35.991161,19.258076,51.235113,7.662536,24.688929
2025-03-06,35.604548,17.004163,47.202141,5.024332,21.208319
2025-03-07,36.039499,16.415474,49.518561,6.130632,22.107369
2025-03-10,35.268169,11.811373,44.323201,2.043942,17.450558
2025-03-11,35.117582,11.298696,43.503393,1.690141,17.124225
2025-03-12,35.166720,11.722933,42.796689,2.635593,18.448327
2025-03-13,35.263127,10.027453,40.764673,1.349842,16.208600
2025-03-14,35.417127,12.461264,44.460026,4.273362,19.104888
2025-03-17,35.575714,13.806918,47.324247,5.953700,19.755275
2025-03-18,35.504538,12.725022,45.129231,5.146749,17.767352
2025-03-19,35.542545,14.003388,46.942635,6.911292,19.298431
2025-03-20,35.518733,13.539602,45.434054,6.605024,18.941498
2025-03-21,35.484985,13.524594,44.627392,5.723426,19.403065
2025-03-24,35.582134,16.061072,48.541072,7.666381,21.980918
2025-03-25,35.554961,16.713657,48.140284,7.713226,22.629983
2025-03-26,35.540869,15.424874,46.103650,6.302736,20.388438
2025-03-27,35.567828,15.305677,44.562662,5.438841,19.672942
2025-03-28,35.410501,12.555890,40.761343,2.564390,16.546609
2025-03-31,35.513282,12.778035,40.705351,2.984530,16.528770
2025-04-01,35.552739,13.664765,40.976963,3.405861,17.483626
2025-04-02,35.662160,14.452714,41.762501,4.276856,18.362252
2025-04-03,35.352984,10.455021,33.616904,-1.862837,11.953207
2025-04-04,34.663095,3.819541,26.126728,-7.608274,5.160559
2025-04-07,34.626918,3.427843,25.093595,-6.899688,5.359910
2025-04-08,34.461813,1.992064,20.988092,-9.013641,3.303088
2025-04-09,35.872155,12.027074,34.493500,2.357166,15.722501
2025-04-10,35.480432,7.575669,28.111054,-2.230007,10.877886
2025-04-11,35.621828,10.075456,29.983104,-0.924828,12.972190
2025-04-14,35.739875,11.536460,32.051810,0.002774,13.612720
2025-04-15,35.733383,12.724840,31.712828,0.778302,13.819508
2025-04-16,35.564372,9.925727,29.125605,-2.431219,10.358483
2025-04-17,35.707908,10.691540,30.724219,-2.505503,10.361198
2025-04-21,35.227197,8.092790,29.143198,-4.541170,7.642444
2025-04-22,36.199982,10.903679,32.102103,-2.067186,10.471936
2025-04-23,36.894587,12.502136,34.302717,-0.059925,12.991587
2025-04-24,38.367903,15.498611,38.233268,3.325574,16.141627
2025-04-25,39.410425,16.601307,37.529178,3.720749,17.460298
2025-04-28,39.047017,16.559399,38.147086,3.686165,17.428434
2025-04-29,39.395218,17.725832,38.166287,3.331255,18.139632
2025-04-30,39.256727,18.932712,39.441733,4.435513,18.297214
2025-05-01,41.627645,18.317503,38.873563,3.435908,19.600963
2025-05-02,42.494881,19.896412,41.029298,6.033602,21.510414
2025-05-05,41.648917,19.367257,40.167860,5.781486,20.696401
2025-05-06,41.087678,17.582605,38.909697,4.406891,19.629002
2025-05-07,39.253476,18.606585,39.853548,6.261040,20.092139
2025-05-08,40.634073,21.074072,41.140386,7.743082,21.274383
2025-05-09,40.616484,21.242095,42.250222,7.339349,21.261621
2025-05-12,45.667763,25.439062,47.997898,12.066563,26.137734
2025-05-13,46.585968,26.609887,48.917174,13.997525,28.129695
2025-05-14,47.717005,26.998191,47.574338,14.344364,28.864174
2025-05-15,47.325013,27.815872,48.687863,14.526285,28.964570
2025-05-16,47.898680,28.408837,49.234993,14.853469,29.521385
2025-05-19,48.055213,28.445693,49.904259,14.467683,29.636903
2025-05-20,47.138074,28.756316,50.011720,14.617981,29.155267
2025-05-21,46.501867,27.248316,46.616234,13.132249,27.420434
2025-05-22,46.962151,26.888262,45.448535,12.932277,27.614531
2025-05-23,45.347837,25.934054,43.946336,13.492547,26.424908
2025-05-27,48.281750,28.908917,46.920241,16.855410,29.443113
2025-05-28,47.714269,27.917222,46.147622,16.084332,28.857882
2025-05-29,47.726637,27.755075,46.196425,16.053840,29.134595
2025-05-30,47.610814,26.744606,45.636482,13.875976,28.995819
2025-06-02,47.448325,27.643615,46.561822,14.674915,29.907088
2025-06-03,47.356529,28.217954,49.103052,15.918845,30.939672
2025-06-04,47.977291,28.274496,49.988348,16.069444,31.298352
2025-06-05,48.182425,27.794597,49.296565,16.279007,30.243644
2025-06-06,50.034527,27.599403,50.921369,17.245192,31.539342
2025-06-09,51.262450,27.561625,52.517572,18.552765,31.757428
2025-06-10,52.023257,28.169327,54.062074,19.898210,32.628144
2025-06-11,51.433916,27.881200,52.833301,20.035285,32.137819
2025-06-12,51.523197,27.687328,52.941780,20.345529,32.455274
2025-06-13,50.548226,26.185240,50.555379,18.439432,30.749022
2025-06-16,52.023499,28.014460,52.704387,21.163776,32.601853
2025-06-17,51.438177,26.010811,51.245825,20.374724,31.281187
2025-06-18,51.214485,26.177002,51.741333,19.498161,31.284870
2025-06-20,50.244082,26.082185,51.894167,19.231143,30.720925
2025-06-23,50.674285,27.763733,53.161859,20.419140,32.110796
2025-06-24,52.051469,30.121365,55.514387,22.947164,34.130807
2025-06-25,52.558444,29.903160,55.482010,23.070817,34.416233
2025-06-26,53.623536,30.804271,56.178250,23.860686,35.682853
2025-06-27,54.539108,31.211569,56.705117,23.742455,36.208182
2025-06-30,54.225033,32.663642,58.062305,24.768119,37.083491
2025-07-01,53.977116,31.263432,58.905524,24.649252,35.869277
2025-07-02,54.371839,31.673633,59.058045,25.588742,36.859124
2025-07-03,55.226184,32.864903,59.859694,26.647872,38.219623
2025-07-07,54.548807,31.599342,58.874159,25.632160,37.123146
2025-07-08,54.381664,32.294500,58.345491,26.251616,37.223967
2025-07-09,55.235656,31.343078,58.957144,25.295174,38.207168
2025-07-10,55.549761,28.960966,58.314916,22.813237,37.991679
2025-07-11,56.196968,28.472930,57.695938,22.274916,37.697552
2025-07-14,56.488992,29.986915,58.439760,23.915686,38.151079
2025-07-15,56.792900,29.976264,56.997172,23.863236,38.326122
2025-07-16,56.678063,29.114880,56.862048,23.069984,38.467448
2025-07-17,57.349203,29.492787,57.700462,23.481698,39.513632
2025-07-18,57.688059,29.520611,57.859884,23.526339,39.419458
2025-07-21,58.988095,29.549184,58.585614,23.539616,40.112097
2025-07-22,59.092402,28.458153,58.612896,22.568970,39.408030
2025-07-23,59.139732,28.923724,59.999179,23.000522,40.005409
2025-07-24,59.970545,29.478010,59.904477,23.506198,40.352721
2025-07-25,60.351853,29.729418,60.797706,23.782112,40.669337
2025-07-28,60.398874,31.380300,60.081103,25.399822,41.177194
2025-07-29,60.963967,31.690569,60.599451,25.694273,40.887247
2025-07-30,61.135277,32.304237,60.458175,26.262085,41.111555
2025-07-31,60.864857,28.720062,59.016944,22.858040,40.342143
2025-08-01,59.159826,27.453025,56.749879,21.643676,37.593048
2025-08-04,61.422676,30.066673,61.668825,24.146227,40.163771
2025-08-05,60.861224,28.208967,57.858676,22.320119,39.135909
2025-08-06,61.744435,28.687935,58.674101,22.940992,40.927976
2025-08-07,62.502563,28.460414,59.855576,22.541417,41.378233
2025-08-08,64.491029,28.676448,61.397587,22.615962,42.718544
2025-08-11,64.162894,26.728449,61.189804,20.631177,42.206945
2025-08-12,65.144251,28.485935,64.264376,22.261204,44.096267
2025-08-13,65.619275,29.765045,64.073917,23.571730,44.155744
2025-08-14,65.758455,29.450130,62.958919,23.245623,44.055408
2025-08-15,65.809740,27.200513,62.610713,21.183130,43.327835
2025-08-18,65.629394,27.888812,63.050820,21.844318,43.338047
2025-08-19,65.424742,26.648146,61.368740,20.657296,41.349463
2025-08-20,64.466819,26.863498,60.609775,20.884754,40.532250
2025-08-21,64.373585,25.971890,60.897017,20.048395,39.885546
2025-08-22,66.502784,26.419218,63.727863,20.475683,42.034606
2025-08-25,66.720226,25.568544,63.646754,19.635379,41.596320
2025-08-26,66.804365,25.996756,64.386184,20.022391,42.198834
2025-08-27,67.135176,26.649584,64.451967,20.671264,42.444003
2025-08-28,68.270787,27.282621,66.272594,21.243884,43.275725
2025-08-29,68.070746,28.837177,65.686250,23.006036,41.534729
2025-09-02,67.169600,27.995772,64.345708,22.262510,40.420662
2025-09-03,71.585473,28.034298,66.760132,22.282812,41.531223
2025-09-04,72.970235,29.669394,70.610067,23.773833,42.849953
2025-09-05,73.363356,31.798011,71.331757,25.760322,42.967396
2025-09-08,73.508310,32.065832,74.199545,25.995684,43.631454
2025-09-09,74.436518,32.666572,74.919340,26.489688,44.099903
2025-09-10,72.923427,32.740173,76.305825,26.518567,44.157137
2025-09-11,73.757990,34.459825,79.200107,28.024831,45.023261
2025-09-12,74.062810,34.000635,79.454729,27.454190,45.625469
2025-09-15,76.787265,36.149824,81.969242,29.520458,46.843981
2025-09-16,77.156766,36.027787,82.657135,29.365923,46.725936
2025-09-17,76.840368,36.407034,82.907921,29.708703,46.420322
2025-09-18,77.842824,40.202080,84.561779,33.276060,47.817820
2025-09-19,79.214099,40.059849,86.308012,33.199641,48.853603
2025-09-22,79.932386,42.104956,87.079259,35.152461,49.668526
2025-09-23,78.912499,41.953092,87.029871,34.983465,48.575072
2025-09-24,78.336228,41.258367,84.626102,34.355612,48.112065
2025-09-25,78.556629,40.048659,82.102855,33.237821,47.469777
2025-09-26,78.822576,40.796200,84.515215,33.971764,48.113753
2025-09-29,78.597112,41.215073,90.682204,34.255552,48.763538
2025-09-30,78.776890,41.261986,91.117530,34.195727,49.178437
2025-10-01,79.954929,43.973048,94.055178,36.568808,49.909031
2025-10-02,80.561576,45.698619,94.988097,38.274875,50.464524
2025-10-03,80.492913,44.289907,95.229012,36.863145,49.816309
2025-10-06,82.788938,47.429497,94.749561,39.875679,50.983148
2025-10-07,81.589016,43.714317,93.014999,36.311934,50.147010
2025-10-08,82.295824,44.020605,93.332258,36.463017,51.938534
2025-10-09,81.160210,42.846359,92.849060,35.377237,51.706187
2025-10-10,77.547212,37.428258,89.352662,30.283303,46.408540
2025-10-13,79.977965,41.084034,91.993461,33.679274,49.603122
2025-10-14,80.084529,40.944244,93.427291,33.585171,48.569936
2025-10-15,82.182729,43.994412,93.332723,36.414123,49.573561
2025-10-16,81.952416,44.065946,92.485794,36.289090,49.040924
2025-10-17,83.011057,45.413283,94.227990,37.597497,50.012331
2025-10-20,84.897740,48.142015,96.630962,40.200608,51.965133
2025-10-21,83.687830,47.995749,97.921897,40.127307,51.881182
2025-10-22,83.051043,45.694627,95.658917,37.946556,50.381412
2025-10-23,84.040495,48.399640,94.861922,40.451086,51.701535
2025-10-24,86.431878,50.819894,94.729401,42.637856,53.277641
2025-10-27,89.630686,52.793277,97.397616,44.522455,56.078610
2025-10-28,89.670452,52.794767,96.416961,44.478699,57.230691
2025-10-29,91.413831,52.208370,92.497940,43.722569,57.881680
2025-10-30,91.933407,51.581064,90.992635,43.198976,55.554308
2025-10-31,93.374599,51.657656,91.458111,43.250551,56.299719
2025-11-03,94.794060,53.141076,90.319634,44.580168,56.993681
2025-11-04,92.370118,49.557279,87.609061,41.328226,53.746327
2025-11-05,94.382411,52.189713,88.785734,43.569538,54.860512
2025-11-06,93.079734,49.766464,85.363076,41.174905,51.898761
2025-11-07,91.952115,49.254169,84.462576,40.675126,51.474264
2025-11-10,95.248232,52.119651,84.076988,43.216152,54.810408
2025-11-11,95.730615,50.893300,86.311201,42.201073,54.337426
2025-11-12,95.010718,52.634682,86.713432,43.828670,54.239745
2025-11-13,92.479812,49.455999,85.407239,40.891280,51.073213
2025-11-14,91.833924,49.315105,84.236033,40.686525,51.162547
2025-11-17,92.619863,47.747704,82.051611,39.163554,49.903353
2025-11-18,91.869064,46.338392,83.087139,38.003480,48.109220
2025-11-19,93.738144,47.512306,80.885117,39.153744,48.939856
2025-11-20,92.194718,42.233570,78.852108,34.397012,45.396935
2025-11-21,94.844289,43.652548,83.649950,35.706977,46.516314
2025-11-24,99.138827,46.477904,83.953734,38.180408,50.350221
2025-11-25,100.540073,47.569833,85.960949,39.218570,51.223712
2025-11-26,100.329601,49.622810,86.246966,41.156628,52.544922
2025-11-28,100.732413,51.283438,87.337130,42.664719,53.741439
2025-12-01,100.157810,51.297116,86.814441,42.638769,53.185096
2025-12-02,100.865111,53.186712,88.590848,44.509407,54.472636
2025-12-03,101.910398,54.126699,91.214832,45.464954,54.778970
2025-12-04,100.973526,53.362087,91.092333,44.813120,54.628825
2025-12-05,101.665236,54.405842,91.947338,45.680267,55.295846
2025-12-08,100.220284,54.181971,90.554973,45.311807,54.908384
2025-12-09,100.732242,54.146097,90.218678,45.205538,55.154639
2025-12-10,102.010433,55.793151,93.500510,46.604870,55.805934
2025-12-11,100.609988,56.423884,94.616070,47.276077,55.263440
2025-12-12,100.220839,52.306710,93.115907,43.526288,52.301878
2025-12-15,99.782024,52.355359,93.168448,43.568578,51.519350
2025-12-16,99.707070,52.182369,93.055315,43.452683,51.916293
2025-12-17,98.886040,48.374291,92.174523,39.909061,48.982710
2025-12-18,99.402123,52.410297,92.874750,43.538401,51.229816
2025-12-19,99.967978,55.226761,93.396361,46.012734,53.205225
2025-12-22,99.827521,56.619036,94.792649,47.249017,53.903484
2025-12-23,99.839314,56.558640,93.778207,47.161390,54.665883
2025-12-24,99.912881,57.438671,94.508998,47.882173,55.078846
2025-12-26,99.946756,57.926135,94.824779,48.384930,55.007764
2025-12-29,100.010921,57.619777,94.533843,47.989997,54.289494
2025-12-30,99.949508,56.705270,94.239336,47.131551,53.908690
2025-12-31,99.637320,54.666911,92.560007,45.259157,52.622957
2026-01-02,100.573768,57.948730,91.665037,47.928256,52.358935
2026-01-05,101.096817,61.183773,93.963959,51.073809,53.538523
2026-01-06,102.027877,65.479253,96.849341,54.792034,54.979478
2026-01-07,102.501153,64.145033,97.276551,53.633798,55.065246
2026-01-08,102.075526,59.945153,98.525129,49.609872,54.177907
2026-01-09,103.286519,64.001341,98.913658,53.215875,55.744403
2026-01-12,103.825523,64.895834,98.112375,54.045491,55.873758
2026-01-13,103.991891,63.869931,97.374595,53.045544,55.597458
2026-01-14,103.347637,61.516285,96.720687,50.754731,53.929114
2026-01-15,103.305310,65.750888,96.531901,54.730192,54.419510
2026-01-16,103.147581,68.259213,95.103718,56.852706,54.311854
2026-01-20,100.655900,63.394172,93.112691,52.051653,51.037607
2026-01-21,103.051152,67.779383,95.957134,55.934824,53.086755
2026-01-22,103.996708,70.401061,96.410965,58.456736,54.245908
2026-01-23,104.037160,71.263314,96.067857,59.284167,54.772512
2026-01-26,104.886803,72.152022,96.475500,60.260073,55.423749
2026-01-27,105.878835,75.226002,96.169391,62.852071,56.793008
2026-01-28,106.309576,76.686466,95.258821,63.873650,57.294997
2026-01-29,106.848246,76.685550,93.890720,63.730006,56.457903
2026-01-30,105.845331,66.497260,92.868062,54.300748,54.451669
2026-02-02,108.829473,68.472794,94.779413,55.871511,55.577270
2026-02-03,106.578385,62.472158,91.793361,50.128639,53.159525
2026-02-04,104.507023,57.404689,94.141584,45.810019,50.455339
2026-02-05,102.669693,56.968413,90.023676,45.313076,48.384788
2026-02-06,101.879981,63.431672,91.257084,51.270019,51.570728
2026-02-09,101.817576,63.456360,90.079833,51.439227,52.733517
2026-02-10,100.350350,61.612526,89.974636,49.876007,51.884264
2026-02-11,100.590875,63.826583,90.657658,51.390782,52.329255
2026-02-12,98.816759,61.343567,86.482983,48.843709,49.224491
2026-02-13,98.143633,62.858150,89.494577,50.389044,49.497225
2026-02-17,98.428127,61.256431,88.803102,48.863851,49.309055
2026-02-18,99.096556,64.000305,90.206507,51.242805,50.501452
2026-02-19,98.477564,62.871464,89.081936,50.234372,49.887757
2026-02-20,100.351754,64.208563,90.529089,51.350549,51.189015
2026-02-23,99.945854,62.367257,88.064408,49.575364,49.353420
2026-02-24,100.725367,63.605176,90.490644,50.834223,50.973951
2026-02-25,101.631415,66.913243,91.448937,53.846400,53.101618
2026-02-26,100.163785,65.253242,93.126883,52.528094,51.320483
2026-02-27,99.844498,66.819131,93.481487,54.154702,50.871194
2026-03-02,99.218201,66.979397,93.140871,54.381943,51.068007
2026-03-03,98.871179,61.759322,91.688481,49.950349,49.420760
2026-03-04,99.902039,65.801701,95.161847,53.583375,51.678986
2026-03-05,99.756778,64.311245,93.835626,52.327978,51.236108
2026-03-06,98.149692,58.607341,91.052023,47.233221,48.954967
2026-03-09,99.218597,63.739381,91.516974,51.837868,50.914781
2026-03-10,99.356678,64.204379,89.076056,52.035944,50.849625
2026-03-11,99.311720,64.815829,87.429110,52.419291,50.901240
2026-03-12,97.566796,60.587141,82.720559,48.544909,48.293459
2026-03-13,96.341372,61.830621,82.378521,49.485485,47.369558
2026-03-16,97.774380,64.269473,84.630674,51.578547,49.029437
2026-03-17,98.197178,67.426162,85.900637,54.307477,49.785485
2026-03-18,96.871317,65.632835,82.839158,52.648220,47.637689
2026-03-19,96.757162,66.053815,82.174707,53.224578,47.215718
2026-03-20,95.307230,63.192261,81.331224,50.860253,44.452598
2026-03-23,95.955418,63.822820,82.967145,51.646767,46.208162
2026-03-24,95.080393,64.178890,81.685020,51.983586,45.083033
2026-03-25,95.640915,63.133289,83.163099,51.104678,46.053366
2026-03-26,93.879963,57.784561,82.452111,46.428091,42.571788
2026-03-27,92.435236,55.164144,78.575841,43.817788,39.826246
2026-03-30,92.056334,51.595399,79.453454,40.959616,38.741930
