date,DTE,DRL Ensemble,Dynamic Stock Recommendation,MACE,^OEX
2024-01-02,0.000000,0.000000,0.000000,0.000000,0.000000
2024-01-03,0.053178,-0.454879,-1.861766,-1.073730,-0.559989
2024-01-04,-0.009179,-0.491825,-2.309676,-1.056547,-0.983130
2024-01-05,0.059584,-0.398848,-1.826917,-0.923323,-0.760757
2024-01-08,0.600733,0.499112,1.256843,0.413360,0.770219
2024-01-09,0.749308,0.401654,1.459704,0.276269,0.749514
2024-01-10,1.161983,0.743698,0.646736,0.893854,1.432394
2024-01-11,1.289100,0.727992,0.681119,0.803922,1.372971
2024-01-12,1.413372,0.769578,0.269652,0.996954,1.482355
2024-01-16,1.460415,0.419870,1.972372,0.763166,1.165005
2024-01-17,1.248888,0.029936,0.708292,0.185070,0.663978
2024-01-18,1.727891,0.509612,3.184596,0.834378,1.639909
2024-01-19,2.523756,1.667557,7.703523,2.252661,3.089415
2024-01-22,2.431707,1.681523,7.237547,2.138393,3.143432
2024-01-23,2.766941,1.732075,8.092225,1.772583,3.588630
2024-01-24,3.113530,1.710047,9.750759,1.499791,3.931653
2024-01-25,3.780156,1.968185,10.491072,1.828924,4.330934
2024-01-26,3.900305,2.121368,3.289902,1.887877,4.270170
2024-01-29,4.459086,2.962512,3.283944,2.691545,5.076843
2024-01-30,4.289834,3.128481,0.730657,2.855254,4.916585
2024-01-31,2.816292,1.936458,0.968552,1.556090,3.016485
2024-02-01,3.539678,3.143374,-0.239962,2.871616,4.291776
2024-02-02,4.557250,3.560405,0.050787,3.190151,5.887121
2024-02-05,4.544987,3.385327,0.369814,3.052278,5.712466
2024-02-06,4.471671,3.424135,-0.317502,3.284882,5.874515
2024-02-07,5.116618,4.195983,0.552689,4.108340,6.859008
2024-02-08,5.253973,4.449639,0.641609,4.068305,6.812641
2024-02-09,5.982247,4.840402,2.546394,4.492315,7.533789
2024-02-12,5.651497,4.718811,3.716316,4.446892,7.305107
2024-02-13,4.616429,3.333340,2.039475,2.987224,5.924487
2024-02-14,5.234540,4.393089,4.940127,3.765385,6.847754
2024-02-15,5.407795,4.923453,5.062806,4.444653,7.217780
2024-02-16,5.363740,4.400217,3.341377,3.943388,6.675792
2024-02-20,4.963303,3.540741,3.139583,3.354232,5.928982
2024-02-21,5.045300,3.648019,1.925957,3.687991,6.060435
2024-02-22,6.249036,5.456930,4.329673,5.422314,8.706443
2024-02-23,6.269332,5.591503,3.706935,5.697678,8.646569
2024-02-26,6.191213,5.630179,4.169545,5.655400,8.135640
2024-02-27,6.198794,5.504814,4.475831,5.684831,8.240079
2024-02-28,6.189655,5.448199,3.140008,5.968572,7.992944
2024-02-29,6.733453,5.639912,6.698020,6.216084,8.634414
2024-03-01,7.258636,6.798708,10.064851,7.349664,9.540119
2024-03-04,7.444505,6.843219,13.063691,7.724268,9.233573
2024-03-05,6.682771,5.525409,9.308953,6.766251,8.020848
2024-03-06,6.896199,6.059339,12.959826,7.263574,8.493510
2024-03-07,7.469039,6.905534,16.649629,8.022544,9.734589
2024-03-08,7.020890,5.946407,12.711307,7.045297,8.826181
2024-03-11,6.705030,5.608366,12.575069,6.566550,8.655570
2024-03-12,7.683773,6.769068,13.994885,7.791336,10.208603
2024-03-13,7.662955,6.419064,10.025011,7.417427,9.947061
2024-03-14,7.831974,5.885543,8.371829,6.743315,9.867382
2024-03-15,7.337627,4.450415,8.453371,5.677625,8.938719
2024-03-18,7.460765,5.116179,8.401786,6.182926,9.816070
2024-03-19,7.701318,5.728630,5.875196,6.706612,10.427834
2024-03-20,8.329240,6.549079,6.704023,7.630222,11.485246
2024-03-21,8.646171,7.147983,7.586026,8.650204,11.541515
2024-03-22,8.800074,6.385597,7.670823,7.938202,11.612181
2024-03-25,8.537463,6.158259,6.158124,7.556173,11.254311
2024-03-26,8.482632,6.245947,6.109968,7.594008,10.848721
2024-03-27,8.961980,7.253747,8.620696,8.725179,11.585179
2024-03-28,9.043764,7.386830,9.176402,8.767746,11.586531
2024-04-01,9.538692,6.700949,10.379204,8.025510,11.509545
2024-04-02,9.230142,5.658483,10.235378,7.117987,10.774901
2024-04-03,9.296613,5.838293,10.959702,7.300614,10.839270
2024-04-04,8.703147,4.362775,8.332213,5.804865,9.405524
2024-04-05,9.317594,5.267975,8.665171,6.722613,10.706476
2024-04-08,9.542617,5.358794,7.923812,6.814673,10.585838
2024-04-09,9.698280,5.468920,8.049510,6.925720,10.685321
2024-04-10,9.529467,4.218138,7.509681,5.658386,9.909255
2024-04-11,9.929909,4.635374,9.926472,6.081956,11.087305
2024-04-12,9.452156,3.238292,6.259258,4.665915,9.514919
2024-04-15,9.054619,2.497987,5.266326,3.914794,8.096482
2024-04-16,8.948562,2.153020,5.858303,3.564973,7.939829
2024-04-17,9.031169,1.815539,2.951374,3.222652,7.296106
2024-04-18,9.026044,1.362171,0.710126,2.762440,7.075524
2024-04-19,8.811531,0.977681,-1.576369,2.372159,5.726863
2024-04-22,9.304262,1.863581,-0.771420,3.270645,6.714060
2024-04-23,9.770569,3.193722,1.515476,4.619399,8.110879
2024-04-24,9.750671,3.313062,1.295995,4.740389,8.064973
2024-04-25,9.344918,2.790429,0.699051,4.210617,7.333912
2024-04-26,11.090020,3.694242,2.176016,5.127472,8.861294
2024-04-29,10.639741,4.119990,1.670388,5.559015,9.114275
2024-04-30,9.898506,3.244949,0.597998,4.672165,7.403238
2024-05-01,10.148904,2.724295,-1.168936,4.144152,7.090383
2024-05-02,10.841520,3.106492,0.976990,4.532143,8.186513
2024-05-03,11.056651,3.751807,2.520431,5.186730,9.786363
2024-05-06,11.367756,4.968992,6.244371,6.421425,10.987372
2024-05-07,11.687046,5.482729,0.954593,6.942884,11.017079
2024-05-08,11.628652,5.265913,1.026993,6.722297,11.093603
2024-05-09,12.138450,5.949276,0.492899,7.415874,11.479388
2024-05-10,12.061510,6.428958,2.060990,7.902492,11.629293
2024-05-13,12.185922,6.159246,2.885428,7.628462,11.731479
2024-05-14,12.691579,6.688024,3.504327,8.164362,12.336484
2024-05-15,13.697522,8.185786,3.746137,9.682778,13.681089
2024-05-16,13.723437,7.807535,4.046434,9.300316,13.452869
2024-05-17,13.979649,8.059611,2.801747,9.555859,13.557297
2024-05-20,14.221725,8.109437,4.348820,9.606972,13.695948
2024-05-21,14.735266,8.485723,3.709468,9.988778,14.146553
2024-05-22,14.512626,8.089816,3.154554,9.587517,13.791837
2024-05-23,13.462690,6.997374,2.113108,8.480500,13.223286
2024-05-24,13.989447,7.462619,4.072599,8.952999,14.029959
2024-05-28,14.104572,7.037109,5.829209,8.522163,14.486422
2024-05-29,13.689787,6.103258,4.644116,7.575234,13.868361
2024-05-30,12.818832,6.016485,2.579199,7.487224,12.776736
2024-05-31,13.140250,6.819365,2.958760,8.300523,13.513183
2024-06-03,13.425017,6.836886,3.911181,8.318705,13.998901
2024-06-04,13.674074,7.211704,3.455790,8.698781,14.355431
2024-06-05,14.568570,8.193719,5.893015,9.695444,15.829236
2024-06-06,14.768115,8.295948,4.096846,9.799166,15.932763
2024-06-07,14.726662,8.293299,4.640675,9.796881,15.907562
2024-06-10,14.888564,8.411812,6.946675,9.917323,16.122737
2024-06-11,15.926222,8.139610,6.239705,9.641535,16.672825
2024-06-12,16.922615,8.907794,8.812929,10.420587,17.712224
2024-06-13,16.742177,9.260210,9.596679,10.777965,18.219099
2024-06-14,16.773222,9.776699,8.727915,11.301831,18.496401
2024-06-17,17.467727,10.709624,12.375056,12.248508,19.358893
2024-06-18,17.216823,11.229131,14.942747,12.775439,19.557407
2024-06-20,17.085624,10.829714,10.846912,12.369321,19.222495
2024-06-21,17.453932,10.779951,8.904050,12.317667,18.952402
2024-06-24,17.269627,10.831009,8.533675,12.369279,18.285270
2024-06-25,17.999865,10.722082,9.597642,12.259296,19.142366
2024-06-26,18.491833,10.659500,10.157326,12.196298,19.694255
2024-06-27,18.854894,10.309781,5.508867,11.840643,19.794639
2024-06-28,18.057180,10.455676,3.922613,11.988441,19.075293
2024-07-01,19.005486,10.273198,3.265495,11.803284,19.912134
2024-07-02,19.674071,11.009370,5.489337,12.550291,20.719709
2024-07-03,19.772480,11.147554,7.396010,13.018434,21.531789
2024-07-05,20.659076,12.197955,8.433619,13.775342,22.482059
2024-07-08,20.624991,12.087501,9.110575,13.811966,22.606302
2024-07-09,20.776225,11.964724,9.515097,13.965848,22.839940
2024-07-10,21.505471,12.446978,11.208315,14.857147,24.141333
2024-07-11,20.457296,11.516449,7.590442,14.346369,22.153004
2024-07-12,20.814201,12.095536,9.363945,15.146859,22.702190
2024-07-15,21.317028,12.857107,10.282304,15.495411,23.161796
2024-07-16,21.787494,13.628637,12.086405,16.500221,23.517864
2024-07-17,21.324910,12.740002,6.830558,15.391924,21.681694
2024-07-18,20.292059,11.118899,6.479506,13.618839,20.736820
2024-07-19,20.198728,10.521970,4.170910,13.243958,19.806794
2024-07-22,20.225116,11.252125,7.911118,14.462598,21.090635
2024-07-23,20.321530,11.215740,6.452428,14.535003,21.026717
2024-07-24,19.681940,9.084211,1.776388,12.522849,17.793254
2024-07-25,19.686063,8.560515,0.662633,12.010058,16.996934
2024-07-26,20.134623,9.520997,3.291608,13.183077,18.196591
2024-07-29,20.141211,9.537863,3.690663,13.405216,18.263213
2024-07-30,20.290358,9.411336,0.189324,13.208811,17.357057
2024-07-31,20.457773,10.815133,5.085280,14.978975,19.590267
2024-08-01,20.495664,9.854783,-0.446651,13.916757,17.890934
2024-08-02,20.295596,8.077562,-3.587047,12.106812,15.764856
2024-08-05,19.359087,5.232642,-5.910234,9.151971,11.900737
2024-08-06,19.681018,6.510921,-4.494386,10.275150,12.922135
2024-08-07,19.471386,5.715132,-6.501141,9.328238,12.039378
2024-08-08,20.183710,8.764115,-1.719896,12.330552,14.717346
2024-08-09,20.361270,9.852844,-1.793810,13.127909,15.351167
2024-08-12,20.234276,9.623273,-2.599983,12.834060,15.547439
2024-08-13,20.724126,11.346111,0.358587,14.515739,17.803607
2024-08-14,20.982172,11.919347,-0.312534,15.100776,18.242057
2024-08-15,21.403290,13.447452,3.005722,16.769873,20.300612
2024-08-16,21.504164,13.439980,2.244621,16.900311,20.623380
2024-08-19,21.696068,14.184158,3.466924,17.589067,21.915772
2024-08-20,21.838443,14.450514,3.168554,17.791157,21.777121
2024-08-21,21.986408,14.625514,4.533684,18.050472,22.110231
2024-08-22,21.876974,14.027060,2.123582,17.409172,20.746272
2024-08-23,22.180237,14.375350,4.322745,18.573351,22.181809
2024-08-26,22.086430,14.629889,2.756242,18.422919,21.750558
2024-08-27,22.127207,15.424192,3.868177,19.023060,21.951336
2024-08-28,21.801851,14.405525,2.847895,18.379171,21.082986
2024-08-29,22.004221,14.879515,3.712810,18.710115,20.844402
2024-08-30,22.916158,15.894354,6.661098,19.813757,22.111582
2024-09-03,21.952754,14.414585,1.772193,17.719195,19.295425
2024-09-04,21.872334,14.736547,3.676242,18.064301,19.071249
2024-09-05,21.718096,13.734026,3.553939,17.146389,18.936642
2024-09-06,20.607065,12.162353,0.561033,15.618652,16.564331
2024-09-09,21.463353,13.902140,2.444215,17.180501,17.941357
2024-09-10,22.087207,13.923439,3.231219,17.454953,18.647196
2024-09-11,22.985529,15.196202,5.231964,18.221083,20.324472
2024-09-12,23.465961,16.304921,4.744879,18.980822,21.349474
2024-09-13,23.861964,15.921658,6.834611,19.000963,21.788825
2024-09-16,23.842686,15.804745,6.726012,19.203764,21.707345
2024-09-17,23.951885,15.325100,8.105639,18.890220,21.721302
2024-09-18,23.806231,14.495548,7.768297,18.552137,21.374685
2024-09-19,25.258008,16.295906,11.744549,20.462623,23.655164
2024-09-20,25.194875,16.446043,10.086411,20.362819,23.436845
2024-09-23,25.272033,16.973398,10.962285,20.975930,23.703333
2024-09-24,25.263379,16.184196,11.724068,21.011038,24.128276
2024-09-25,25.103321,16.069556,11.304905,20.688705,24.079217
2024-09-26,25.361288,16.201157,12.350411,21.525405,24.420426
2024-09-27,25.321499,15.492196,12.381732,21.075616,24.118825
2024-09-30,25.996100,15.763381,12.534155,21.528630,24.782803
2024-10-01,25.112855,14.702579,10.833458,20.786485,23.425141
2024-10-02,25.162325,15.069733,8.715982,21.050588,23.442692
2024-10-03,25.022838,14.364756,9.633862,20.393230,23.344562
2024-10-04,25.709925,14.931798,14.119338,21.145473,24.607697
2024-10-07,24.768387,14.037802,12.779031,20.254868,23.365717
2024-10-08,25.382968,14.722872,13.485042,21.241376,24.795408
2024-10-09,25.643995,16.012778,14.546268,22.208746,25.639448
2024-10-10,25.451327,15.643424,13.711986,21.544829,25.435977
2024-10-11,25.929479,16.680706,14.646449,22.553876,25.906386
2024-10-14,26.564473,17.492887,15.682784,23.456474,26.876021
2024-10-15,26.485431,15.587399,14.427099,23.084550,25.959051
2024-10-16,26.646609,16.358114,17.991571,23.739076,26.488433
2024-10-17,26.449942,16.356216,16.821277,23.619689,26.579816
2024-10-18,26.642337,17.058872,17.086580,24.211569,27.101098
2024-10-21,26.501224,16.355081,18.518448,23.278810,27.206438
2024-10-22,26.559941,16.445802,18.510602,22.880267,27.436010
2024-10-23,26.108654,15.582423,19.844282,21.914210,25.940148
2024-10-24,26.096588,14.904801,26.804841,21.923867,26.330879
2024-10-25,26.172436,14.630950,25.373402,21.518249,26.486642
2024-10-28,26.509683,14.928625,23.608883,21.960145,26.800848
2024-10-29,26.867716,14.967613,27.490910,21.799285,27.156917
2024-10-30,27.373148,14.615167,26.888705,20.824344,26.670297
2024-10-31,26.528333,13.614678,28.597017,19.256199,24.062105
2024-11-01,27.289854,13.989582,28.421436,19.657014,24.736886
2024-11-04,26.867374,13.467468,26.057079,19.320304,24.178699
2024-11-05,27.442643,14.710212,34.439246,20.691244,25.622336
2024-11-06,29.983199,16.677718,42.695430,23.576293,28.924674
2024-11-07,30.520976,17.438225,42.929971,24.099620,30.112627
2024-11-08,30.407570,18.278245,44.732661,25.405855,30.439439
2024-11-11,30.951953,18.302704,48.166658,26.152161,30.375521
2024-11-12,31.062833,17.430902,37.614086,25.204954,30.216615
2024-11-13,30.995404,16.954467,41.523426,24.782893,30.252179
2024-11-14,30.631835,16.337282,38.508600,23.785320,29.621512
2024-11-15,29.627229,14.863466,40.096249,22.271264,27.634986
2024-11-18,30.157815,15.024373,38.184207,22.575206,28.143201
2024-11-19,30.508938,14.606940,44.125078,22.451040,28.902617
2024-11-20,30.364145,15.372911,45.227060,22.437414,28.739205
2024-11-21,29.799577,16.365850,44.138126,23.543515,28.938631
2024-11-22,29.772051,16.882349,48.101926,24.384929,29.152905
2024-11-25,30.494090,17.709297,39.939181,24.728317,29.342418
2024-11-26,31.475138,18.275731,43.901597,25.230246,30.316998
2024-11-27,31.115639,18.198316,42.486728,24.762548,29.786265
2024-11-29,31.442058,18.800944,42.017278,25.592613,30.674869
2024-12-02,32.078789,18.856416,43.465767,25.461808,31.301491
2024-12-03,32.298254,18.608162,41.145547,25.673218,31.587333
2024-12-04,33.246674,18.833686,45.968197,26.321381,32.651053
2024-12-05,33.362672,17.721129,47.778423,26.028397,32.707773
2024-12-06,33.948231,17.528423,47.133318,26.820482,33.230396
2024-12-09,34.054793,17.029992,42.434901,25.985495,32.464233
2024-12-10,35.018302,17.042336,39.153455,25.787484,32.330989
2024-12-11,36.456504,16.992991,46.018940,26.567979,33.782286
2024-12-12,36.170745,16.007262,40.264197,24.813344,32.968865
2024-12-13,35.918160,16.867750,41.081043,25.175135,33.184480
2024-12-16,36.798244,17.028237,43.416443,25.749218,34.042927
2024-12-17,36.774891,16.568067,39.622591,25.149655,33.767889
2024-12-18,34.258071,13.880802,34.950018,21.430420,29.847490
2024-12-19,34.506381,13.621695,41.395687,20.625358,29.985691
2024-12-20,35.305556,14.861414,45.536621,21.902260,31.257377
2024-12-23,35.613352,15.739850,46.453191,22.746939,32.468739
2024-12-24,36.406443,16.782517,47.428153,24.246891,34.076238
2024-12-26,36.259513,17.016685,45.704941,24.242473,33.986658
2024-12-27,35.544470,16.124409,41.866100,22.998026,32.354398
2024-12-30,35.051026,14.680087,40.301161,21.395660,30.895001
2024-12-31,34.721411,14.498221,39.819311,21.008664,30.104977
2025-01-02,34.264200,14.071720,43.659445,20.561390,29.771868
2025-01-03,34.604370,15.001351,49.412118,21.670898,31.431131
2025-01-06,35.227323,14.932947,50.933248,21.733519,32.450737
2025-01-07,34.926414,14.063562,46.938629,20.714553,30.610951
2025-01-08,34.693102,14.304908,47.011226,21.109907,30.691079
2025-01-10,34.165646,12.140238,46.974932,19.534947,28.653229
2025-01-13,34.298477,12.430704,47.579764,20.018016,28.673484
2025-01-14,34.451875,13.355952,46.631160,20.013686,28.374136
2025-01-15,34.807756,15.735367,52.581834,22.896848,31.087668
2025-01-16,34.780669,15.149051,50.299988,23.043250,30.099581
2025-01-17,35.047397,16.193744,52.207508,24.038579,31.685024
2025-01-21,35.466422,17.764150,54.206330,25.860228,32.592531
2025-01-22,35.337615,17.761852,52.158806,25.897695,33.789496
2025-01-23,35.738430,18.625008,52.917431,26.705843,34.589872
2025-01-24,35.655587,18.447246,52.329641,26.308213,34.187425
2025-01-27,36.009902,19.390530,52.902589,26.095295,31.927652
2025-01-28,35.745959,19.760746,50.076764,25.696055,33.737271
2025-01-29,35.787573,19.482350,48.578419,25.422520,33.025134
2025-01-30,36.438495,21.094237,50.884928,27.471179,33.397853
2025-01-31,36.155859,20.757495,51.284774,26.805894,32.843721
2025-02-03,36.223862,19.474328,47.735070,25.784515,31.622897
2025-02-04,36.331349,19.666669,50.223695,26.281303,32.806805
2025-02-05,36.721904,20.654501,48.447905,26.897127,33.109758
2025-02-06,36.793840,19.911508,48.115375,27.335355,33.730523
2025-02-07,36.651146,18.748482,44.758328,26.170835,32.168940
2025-02-10,36.872794,19.335360,43.504718,26.800798,33.103911
2025-02-11,37.438917,19.892506,39.709523,26.582758,33.322230
2025-02-12,37.780141,19.042491,42.253516,26.045101,33.189887
2025-02-13,38.389986,19.644149,46.354211,26.759824,34.670891
2025-02-14,38.306307,19.582638,46.049539,26.343062,34.794683
2025-02-18,38.694779,20.594007,45.476598,26.923409,34.765427
2025-02-19,38.904964,20.915950,46.454043,27.356128,35.188118
2025-02-20,38.796970,20.517531,41.638540,26.575122,34.640734
2025-02-21,38.571724,18.346590,36.597831,24.771371,32.376905
2025-02-24,38.723002,17.823081,34.950221,24.348081,31.611643
2025-02-25,38.884017,17.733721,32.812017,24.643955,30.759053
2025-02-26,38.339441,18.409338,31.056874,24.280239,30.722137
2025-02-27,37.936187,17.392003,29.457129,22.956030,28.362882
2025-02-28,38.652193,19.136956,33.184484,25.126437,30.624457
2025-03-03,38.305827,17.988490,30.202619,23.864692,27.954589
2025-03-04,37.818159,16.413724,25.368201,21.815207,26.520403
2025-03-05,38.058613,17.927701,29.040071,23.534582,28.032915
2025-03-06,37.695503,16.371386,24.965925,21.319179,25.702465
2025-03-07,38.245422,17.053823,23.391665,20.772788,26.357442
2025-03-10,37.690973,13.907122,14.961738,17.064555,22.472157
2025-03-11,37.351800,12.472543,16.236602,15.878579,21.642525
2025-03-12,37.319595,12.833702,17.581888,16.084720,22.513578
2025-03-13,37.422818,10.846472,15.504409,13.696314,20.664791
2025-03-14,37.641352,13.364334,18.238394,15.878596,23.232023
2025-03-17,37.860580,15.015611,17.888118,16.957927,23.603400
2025-03-18,37.793820,14.521172,14.559235,16.067897,22.080975
2025-03-19,37.902670,15.082480,17.368039,17.152616,23.484553
2025-03-20,37.887543,13.959957,16.927278,17.071387,23.261279
2025-03-21,37.850584,13.685356,19.399726,16.686385,23.718643
2025-03-24,37.939766,15.144653,26.085188,18.898752,25.959051
2025-03-25,37.887401,15.532284,26.789282,19.144083,26.328186
2025-03-26,37.967805,15.106437,23.447721,18.119911,24.534767
2025-03-27,38.021708,14.923825,21.615090,17.834129,24.130529
2025-03-28,37.924303,12.685919,19.470879,15.636222,21.407996
2025-03-31,38.116418,13.543004,20.474039,16.546940,21.981943
2025-04-01,38.131975,13.662167,22.596070,16.494420,22.482960
2025-04-02,38.148947,14.410912,20.230392,17.769409,23.185205
2025-04-03,38.123310,8.462125,16.116172,12.701854,17.071205
2025-04-04,37.325912,1.992091,6.770899,5.577189,10.110472
2025-04-07,37.341802,1.218306,6.417543,4.845627,10.042499
2025-04-08,37.236056,0.347176,6.250982,3.466174,8.303547
2025-04-09,38.737399,8.094026,14.547960,12.555593,19.352145
2025-04-10,38.315364,5.003009,11.806188,8.643644,14.982042
2025-04-11,38.560323,6.337662,12.690418,10.285767,17.175193
2025-04-14,38.670195,7.555559,15.018548,11.610915,17.908496
2025-04-15,38.575704,7.668451,14.187625,11.403047,17.715378
2025-04-16,38.451516,5.828198,12.759125,9.462058,14.574650
2025-04-17,38.648551,7.754534,13.172704,11.229798,14.524689
2025-04-21,38.140580,5.225042,11.989041,8.761190,11.803497
2025-04-22,39.126842,7.397072,16.593168,11.391538,14.601664
2025-04-23,39.854360,8.596477,17.731342,12.400230,16.805168
2025-04-24,41.094807,10.147740,18.235981,14.553047,19.326933
2025-04-25,41.855119,10.226833,18.654368,15.377497,20.634184
2025-04-28,41.657729,10.397989,19.313107,15.370122,20.567562
2025-04-29,41.974007,11.292847,19.452458,16.213480,21.220286
2025-04-30,41.959417,11.727887,20.970237,16.551303,21.304459
2025-05-01,43.848581,11.363578,21.623781,15.406653,22.405535
2025-05-02,44.785307,13.436268,23.137378,17.400451,24.085063
2025-05-05,44.109665,13.334219,23.405969,17.052069,23.067710
2025-05-06,43.586158,12.540749,23.232438,15.797639,22.043609
2025-05-07,42.417353,13.083082,23.545664,16.189893,22.539680
2025-05-08,43.680977,13.503905,25.406203,16.666272,23.289644
2025-05-09,43.596227,13.123637,25.221669,16.446332,23.163148
2025-05-12,47.954388,15.712252,26.580853,20.033391,27.560253
2025-05-13,48.693165,15.804664,26.687444,20.247538,28.676638
2025-05-14,49.380028,15.365116,26.915851,19.844229,29.174962
2025-05-15,49.516719,17.002998,30.181775,21.166470,29.470255
2025-05-16,50.237824,18.074540,31.154981,22.364042,30.235968
2025-05-19,50.271659,18.420646,32.562445,22.566865,30.319702
2025-05-20,49.548992,18.076338,32.513562,22.170951,29.799771
2025-05-21,48.449175,16.095717,31.434910,19.985340,27.946940
2025-05-22,48.670983,15.895104,30.269768,19.785179,28.047774
2025-05-23,47.373306,15.910000,31.576422,18.968040,26.998912
2025-05-27,49.995780,18.087466,35.419937,21.475184,29.786265
2025-05-28,49.460593,17.467048,35.873378,20.823180,29.229429
2025-05-29,49.678339,17.669761,36.561361,21.173152,29.896561
2025-05-30,49.771590,18.525595,37.202852,21.636062,29.861448
2025-06-02,49.739359,19.243806,37.865093,21.700550,30.512369
2025-06-03,49.779819,20.008414,38.195477,22.556973,31.222264
2025-06-04,50.207749,20.022420,38.617237,22.798931,31.400073
2025-06-05,50.366796,19.394750,38.833514,21.790858,30.467805
2025-06-06,52.045510,20.087940,40.306488,22.599131,31.937554
2025-06-09,53.026587,19.864570,39.062982,22.597604,32.275170
2025-06-10,53.837901,20.424649,35.974151,23.612389,33.146674
2025-06-11,53.546321,20.633128,37.310415,23.305167,32.743337
2025-06-12,54.025097,20.883205,35.884110,23.581059,33.248860
2025-06-13,53.428826,18.894398,34.148714,22.040616,31.778198
2025-06-16,54.536458,19.978127,34.304847,22.690307,33.066094
2025-06-17,53.975124,18.787048,33.661627,21.381667,31.920003
2025-06-18,53.907401,18.469902,33.651458,21.009603,31.870031
2025-06-20,53.167006,18.570736,36.139078,20.808691,31.394226
2025-06-23,53.620613,20.012995,39.199328,22.338883,32.640701
2025-06-24,54.846501,21.144584,39.252073,23.782835,34.134310
2025-06-25,55.125527,20.944350,39.069549,23.742984,34.558803
2025-06-26,56.183362,21.783343,39.864298,24.493836,35.679694
2025-06-27,57.131918,22.227859,41.158915,24.958957,36.462958
2025-06-30,57.112632,23.116641,42.194401,25.804237,37.108033
2025-07-01,57.320154,23.064960,39.828854,26.158171,36.611060
2025-07-02,57.737711,23.029946,38.670190,26.940814,37.495159
2025-07-03,58.680373,24.033267,40.429031,27.650783,38.706531
2025-07-07,57.991079,23.509573,43.254480,26.377523,37.560440
2025-07-08,57.617998,23.702357,43.404296,26.156097,37.325900
2025-07-09,58.365582,23.462748,43.677233,26.552680,38.319845
2025-07-10,58.865572,23.297126,44.105715,27.344207,38.676814
2025-07-11,59.164228,22.293723,44.097239,26.744174,38.368916
2025-07-14,59.400198,22.661605,44.841739,27.163454,38.535471
2025-07-15,59.381492,20.498209,44.243124,25.339160,38.466145
2025-07-16,59.714791,21.621195,43.607873,26.220153,38.919454
2025-07-17,60.398449,21.958320,41.879192,26.471556,39.563177
2025-07-18,60.556385,22.070747,42.699250,26.406079,39.487092
2025-07-21,61.470671,22.122399,43.022734,26.200810,39.935455
2025-07-22,61.574287,22.555318,42.492950,26.132719,39.584783
2025-07-23,62.031394,23.652923,42.282264,27.430047,40.733578
2025-07-24,62.671544,23.577959,44.310883,26.963921,40.950545
2025-07-25,63.077674,23.844597,45.640380,27.786842,41.383148
2025-07-28,63.143550,23.510395,44.906139,27.833628,41.721214
2025-07-29,63.547053,23.905767,42.241163,27.481680,41.138266
2025-07-30,63.580441,23.455135,43.509687,27.007125,41.153565
2025-07-31,63.174996,21.735093,42.944726,25.475297,40.956853
2025-08-01,61.652342,19.954755,41.808755,24.588439,38.392325
2025-08-04,63.593894,21.678457,44.842340,26.275049,40.469783
2025-08-05,63.232149,20.663311,44.451695,25.915833,39.930949
2025-08-06,63.893348,20.709782,44.369988,26.417594,41.325076
2025-08-07,64.317220,19.971251,46.885176,25.114496,41.210735
2025-08-08,65.941302,20.856998,45.364672,25.970255,42.729556
2025-08-11,65.740961,20.005035,46.145106,26.065354,42.366289
2025-08-12,66.674456,21.650642,48.207757,27.876428,43.944522
2025-08-13,66.943475,22.197804,44.673854,28.675526,44.071018
2025-08-14,67.094355,22.125906,45.316367,28.902207,44.484257
2025-08-15,67.189151,21.322390,45.645490,28.328296,44.211471
2025-08-18,67.086671,21.659832,46.868029,28.535777,44.190755
2025-08-19,66.813249,21.467536,47.175647,28.337581,42.785825
2025-08-20,66.165964,21.483463,46.163901,28.459920,42.248794
2025-08-21,66.067244,21.075183,47.007686,27.656331,41.679803
2025-08-22,68.134267,22.042164,48.421068,29.911703,43.801376
2025-08-25,68.130661,21.214918,47.162869,28.892774,43.424152
2025-08-26,68.243573,21.591008,50.146783,29.748807,44.099383
2025-08-27,68.565529,21.875596,49.102081,29.714618,44.407282
2025-08-28,69.534526,22.206741,50.295803,30.032808,44.958721
2025-08-29,69.386022,21.927199,48.344905,29.402877,43.858096
2025-09-02,68.594228,20.849024,47.697696,28.529565,42.920871
2025-09-03,71.718965,20.481572,47.971550,28.465977,44.022848
2025-09-04,72.881392,21.300652,48.991525,29.600776,45.234221
2025-09-05,73.051990,21.309101,47.383848,29.878728,44.636415
2025-09-08,73.177374,21.598699,49.105971,30.280861,44.946566
2025-09-09,74.217189,21.694622,49.977645,30.608878,45.611896
2025-09-10,74.495039,21.216958,50.949160,31.306678,46.328098
2025-09-11,75.176459,23.425217,50.879375,33.155900,47.127562
2025-09-12,75.061916,22.657437,51.857651,32.807279,47.464738
2025-09-15,77.065629,22.819554,55.463161,32.886064,48.507292
2025-09-16,77.421797,22.901455,56.351976,33.310246,48.449671
2025-09-17,77.398487,24.299451,51.836169,33.974526,48.228198
2025-09-18,78.104545,25.331683,55.208222,34.271775,48.716159
2025-09-19,79.168669,25.779221,59.098532,34.399864,49.787528
2025-09-22,79.636090,25.973667,59.776120,34.737800,50.572144
2025-09-23,78.879783,25.559687,59.804384,34.198316,49.399050
2025-09-24,78.424381,24.557658,58.374022,33.613312,49.072689
2025-09-25,78.379344,24.368555,57.394777,32.648634,48.484334
2025-09-26,78.729875,25.250836,57.448501,33.189720,49.114550
2025-09-29,78.512555,26.157686,58.059151,33.515517,49.352683
2025-09-30,78.866181,26.160786,58.797758,34.088032,49.979745
2025-10-01,80.048870,26.395059,57.640645,35.018034,50.591960
2025-10-02,80.367193,27.114455,60.673163,35.177005,50.602763
2025-10-03,80.593924,27.286536,58.951413,35.802372,50.443406
2025-10-06,82.369452,28.096066,58.637696,36.665508,51.191107
2025-10-07,81.453341,27.214213,60.876054,35.724550,50.715302
2025-10-08,81.929416,27.742911,61.706018,36.288509,51.581398
2025-10-09,81.273725,27.327483,61.885487,35.846477,51.461199
2025-10-10,78.351189,24.400000,56.554090,32.723364,47.159532
2025-10-13,80.369346,26.373215,60.036160,34.829413,49.700201
2025-10-14,80.426070,27.155539,56.691745,35.663635,49.024068
2025-10-15,82.152987,27.824018,60.455926,36.376908,49.756020
2025-10-16,81.917002,26.890731,59.626020,35.380793,49.038476
2025-10-17,82.353462,27.358305,60.114647,35.879496,49.929773
2025-10-20,83.739563,28.448568,63.388652,37.042530,51.580948
2025-10-21,82.888128,28.129892,64.341989,36.702327,51.468860
2025-10-22,82.399124,28.386007,59.377412,36.975790,50.656779
2025-10-23,83.302370,29.373312,64.385885,38.029583,51.445000
2025-10-24,85.355852,30.320681,64.105644,39.040334,52.858030
2025-10-27,87.784257,31.134740,69.271089,39.908354,55.142113
2025-10-28,87.640810,30.679842,73.489239,39.422371,56.192327
2025-10-29,88.776739,30.114193,74.047361,38.819203,56.698750
2025-10-30,89.067645,29.993622,70.324459,38.690004,54.830159
2025-10-31,90.392639,30.012738,69.492580,38.709894,55.338836
2025-11-03,91.330124,30.186536,68.206558,38.896069,55.754778
2025-11-04,89.503392,29.240483,61.093156,37.887452,53.772296
2025-11-05,91.094854,30.621582,64.636456,39.361773,54.147278
2025-11-06,90.372401,29.641136,61.856805,38.315796,52.197206
2025-11-07,89.481778,29.429493,64.513150,38.089826,51.957721
2025-11-10,92.237194,31.118217,66.372384,39.891394,54.740579
2025-11-11,93.060023,31.744895,64.685057,40.559403,55.145718
2025-11-12,92.867085,32.673807,64.320725,41.549340,55.189832
2025-11-13,90.685826,30.489034,58.319426,39.217092,52.481707
2025-11-14,90.090469,29.931935,57.504714,38.622952,52.446143
2025-11-17,90.431903,28.285142,54.430407,36.865708,51.239276
2025-11-18,90.076525,27.367990,52.548826,35.885943,49.679946
2025-11-19,91.565663,28.075931,55.576476,36.640342,50.430350
2025-11-20,90.374316,26.218117,49.561361,34.658854,48.111154
2025-11-21,92.650886,27.801602,51.007609,36.348437,49.185678
2025-11-24,95.966067,29.255168,55.707088,37.899410,51.929817
2025-11-25,97.476793,31.039890,55.666318,39.803785,53.029992
2025-11-26,97.298526,31.948968,58.815041,40.774567,54.017628
2025-11-28,97.520908,32.412982,68.497882,41.269631,54.802255
2025-12-01,96.747916,31.169706,64.850724,39.943819,54.080206
2025-12-02,97.054727,31.308653,73.597454,40.092092,54.568166
2025-12-03,98.090836,32.718506,74.123920,41.595310,54.813509
2025-12-04,97.417336,32.087111,66.841576,40.920050,54.959809
2025-12-05,97.996449,32.912265,67.277224,41.800883,55.286611
2025-12-08,96.634064,32.254341,65.278802,41.098669,54.835566
2025-12-09,96.719059,32.407135,65.342664,41.261691,54.673506
2025-12-10,98.243525,33.827178,65.643056,42.776112,55.345133
2025-12-11,97.731170,34.868344,63.608655,43.887424,55.329835
2025-12-12,97.734597,33.808877,62.015463,42.757002,53.737183
2025-12-15,97.671768,33.944011,61.542076,42.899850,53.322142
2025-12-16,97.206467,33.308266,60.533104,42.221612,53.204207
2025-12-17,96.638239,31.848718,55.921465,40.664931,51.195613
2025-12-18,96.946371,32.816933,58.665947,41.698312,52.519964
2025-12-19,97.448709,34.129966,61.263173,43.099052,53.991527
2025-12-22,97.776321,35.406784,61.872385,44.461439,54.819806
2025-12-23,97.787653,35.472901,62.006047,44.532238,55.860118
2025-12-24,98.120511,36.259330,61.815857,45.372464,56.333670
2025-12-26,98.101002,36.135920,61.546244,45.240696,56.267950
2025-12-29,97.975191,35.767632,61.998904,44.848282,55.628282
2025-12-30,97.926204,35.408832,63.578674,44.465574,55.493236
2025-12-31,97.539023,34.282515,61.729081,43.263687,54.508303
2026-01-02,98.443195,35.823966,70.769907,44.909737,54.341737
2026-01-05,98.933396,37.174112,71.563101,46.350925,55.008869
2026-01-06,99.770897,38.928420,73.955993,48.224917,55.423459
2026-01-07,99.876457,37.785328,79.460863,47.005332,55.364047
2026-01-08,99.968057,38.284167,73.598080,47.538744,55.234397
2026-01-09,100.869513,39.350310,86.204803,48.677678,55.985702
2026-01-12,101.450705,39.731291,83.114983,49.084728,56.195030
2026-01-13,101.255246,39.146331,91.795474,48.459550,55.791694
2026-01-14,100.720471,39.069944,93.415149,48.378660,54.628491
2026-01-15,100.530780,40.016366,92.669826,49.388277,54.765339
2026-01-16,100.122475,40.518146,90.496816,49.925179,54.567715
2026-01-20,97.672986,37.883139,91.521545,47.115345,51.005649
2026-01-21,99.495144,40.400389,106.989474,49.802706,52.490708
2026-01-22,100.236272,41.327962,101.778465,50.791895,53.636349
2026-01-23,100.162659,40.120829,78.668249,49.504527,53.937049
2026-01-26,100.785248,40.295607,72.567218,49.688915,54.792793
2026-01-27,100.609419,40.195847,76.676751,49.582343,55.399149
2026-01-28,100.770305,40.470709,87.515030,49.876346,55.325779
2026-01-29,101.029155,40.972453,88.680259,50.411584,54.908936
2026-01-30,100.515092,40.229444,85.086854,49.617274,54.726621
2026-02-02,102.613266,42.136963,91.307501,51.653457,55.516194
2026-02-03,100.865509,40.309910,92.673981,49.702625,54.033839
2026-02-04,99.383109,39.614258,90.703935,48.959371,53.243815
2026-02-05,97.627311,37.340361,89.363261,46.533690,51.096581
2026-02-06,97.384864,40.004816,98.520520,49.375878,53.831269
2026-02-09,97.469307,40.495692,96.679894,49.897647,54.662252
2026-02-10,96.513943,40.064656,88.902968,49.437151,53.936148
2026-02-11,96.571387,40.714353,91.172985,50.133261,53.485554
2026-02-12,95.255696,39.492662,86.509086,48.836288,50.922366
2026-02-13,94.966307,39.876829,87.852257,49.246089,50.200317
2026-02-17,95.112218,39.464388,89.018941,48.805242,50.518128
2026-02-18,95.444533,40.192623,87.813000,49.581668,51.320306
2026-02-19,95.071187,39.624226,86.920028,48.974683,50.863844
2026-02-20,96.467226,40.293759,87.602924,49.689092,51.969876
2026-02-23,96.188025,38.804159,85.448011,48.100417,50.494719
2026-02-24,96.811971,39.662391,93.122881,49.016182,51.561143
2026-02-25,97.155307,40.256338,94.370365,49.649535,52.993076
2026-02-26,96.255211,39.506990,90.392708,48.849333,51.584992
2026-02-27,96.444045,38.815985,91.088602,48.112565,50.683782
2026-03-02,95.852658,38.285019,91.614137,47.545756,50.846292
2026-03-03,95.459814,36.498220,83.027544,45.638261,49.975690
2026-03-04,96.043852,37.460035,90.453187,46.664393,51.150597
2026-03-05,95.631141,35.585657,88.430126,44.663939,50.614467
2026-03-06,94.705224,33.466184,81.291050,42.402759,48.943489
2026-03-09,95.312495,34.891251,86.464254,43.925702,50.165665
2026-03-10,95.278130,34.757275,90.481860,43.782511,50.022958
2026-03-11,95.200940,34.488137,93.132030,43.495810,50.013507
2026-03-12,93.937847,32.080662,82.154686,40.927490,47.846919
2026-03-13,93.016251,31.847588,81.830943,40.679654,46.488796
2026-03-16,94.039208,33.187452,82.795109,42.109276,47.959908
2026-03-17,94.194808,33.328780,78.157186,42.260622,48.023376
2026-03-18,93.155440,31.566486,80.294216,40.380696,45.865338
2026-03-19,92.942118,31.073624,80.989954,39.853228,45.290941
2026-03-20,91.943345,29.590169,74.177412,38.269742,43.229231
2026-03-23,92.298493,30.384420,75.613096,39.115200,44.864646
2026-03-24,91.574087,30.095889,75.527836,38.806217,43.952182
2026-03-25,92.044257,30.777006,84.596086,39.531808,44.853843
2026-03-26,90.862994,28.844523,74.389974,37.468839,42.079085
2026-03-27,89.572645,26.485523,71.436148,34.953724,39.446132
2026-03-30,89.501724,25.824705,64.450118,34.248818,38.990581
