Date,equity_mvo
2024-01-02,1000000.0
2024-01-03,980203.1823139116
2024-01-04,980449.5428291307
2024-01-05,986685.7137225898
2024-01-08,1021344.1397483529
2024-01-09,1027000.3066103513
2024-01-10,1021412.5515656472
2024-01-11,1022565.1166531655
2024-01-12,1017333.5679764639
2024-01-16,1032181.9067030234
2024-01-17,1019057.9890137734
2024-01-18,1031556.2611214354
2024-01-19,1073997.3372364836
2024-01-22,1069361.5924905369
2024-01-23,1079195.425342097
2024-01-24,1093248.5319776004
2024-01-25,1100024.393077068
2024-01-26,1032770.5286609158
2024-01-29,1037968.6667201035
2024-01-30,1014172.5589230213
2024-01-31,1009564.3917404992
2024-02-01,998615.1604434908
2024-02-02,1012754.6993219275
2024-02-05,1010583.468997874
2024-02-06,1004503.9929392984
2024-02-07,1018376.4854229513
2024-02-08,1022310.8711740648
2024-02-09,1044073.7228028703
2024-02-12,1050465.3942642587
2024-02-13,1012444.2849080978
2024-02-14,1044026.9107416626
2024-02-15,1049929.9274067888
2024-02-16,1030863.8484906366
2024-02-20,1025162.9965353588
2024-02-21,1006583.1604803571
2024-02-22,1024898.1214107793
2024-02-23,1021401.9626079103
2024-02-26,1026438.8298022914
2024-02-27,1025969.9901707743
2024-02-28,1012142.2348008645
2024-02-29,1046258.6827121661
2024-03-01,1073943.8059721654
2024-03-04,1098749.9418094293
2024-03-05,1061422.372506224
2024-03-06,1091892.8772044824
2024-03-07,1123285.271168131
2024-03-08,1090951.8400621805
2024-03-11,1087542.4119606107
2024-03-12,1102177.1738506234
2024-03-13,1071479.972331623
2024-03-14,1055782.1382841917
2024-03-15,1055025.2189483913
2024-03-18,1055627.8525415235
2024-03-19,1034041.9800865822
2024-03-20,1046334.7095907694
2024-03-21,1048247.3087674064
2024-03-22,1048112.3670074859
2024-03-25,1035077.678768433
2024-03-26,1035426.6980064245
2024-03-27,1058842.4311436256
2024-03-28,1061298.9191512426
2024-04-01,1072646.4415949492
2024-04-02,1051191.4050335248
2024-04-03,1086312.3716345695
2024-04-04,1067532.5291771702
2024-04-05,1038929.0965976489
2024-04-08,1049086.2389360978
2024-04-09,1031453.8705115297
2024-04-10,1053326.6176083968
2024-04-11,1077553.8828674804
2024-04-12,1038217.3323034045
2024-04-15,999797.8213271407
2024-04-16,988438.5293812027
2024-04-17,950513.4794021777
2024-04-18,932092.4430402895
2024-04-19,890287.720794566
2024-04-22,931070.104007116
2024-04-23,957055.879210548
2024-04-24,935484.8441985735
2024-04-25,931170.3667796977
2024-04-26,955888.9867218845
2024-04-29,952924.128079811
2024-04-30,902923.9339860087
2024-05-01,881695.669832547
2024-05-02,913270.2008975835
2024-05-03,946070.6741361421
2024-05-06,983743.2300882146
2024-05-07,977193.1582635158
2024-05-08,974502.442109355
2024-05-09,974647.9020218325
2024-05-10,971744.3328602986
2024-05-13,991704.5648361618
2024-05-14,1013517.6764214534
2024-05-15,1070054.18141228
2024-05-16,1054635.8268728931
2024-05-17,1070043.6019679077
2024-05-20,1118465.3687645975
2024-05-21,1101590.5356925675
2024-05-22,1092262.2164994183
2024-05-23,1072486.6405321169
2024-05-24,1116460.1451287107
2024-05-28,1130740.7628510543
2024-05-29,1118430.0684703821
2024-05-30,1076453.9201283397
2024-05-31,1066405.4477724808
2024-06-03,1097850.4308187757
2024-06-04,1091392.7619512503
2024-06-05,1140461.2959352406
2024-06-06,1114497.101235391
2024-06-07,1104692.924634487
2024-06-10,1126045.8367330427
2024-06-11,1118078.6191062594
2024-06-12,1156376.7791844006
2024-06-13,1144323.7530748365
2024-06-14,1139218.0987390482
2024-06-17,1172882.1916759834
2024-06-18,1191425.094631263
2024-06-20,1143538.0683969683
2024-06-21,1127872.5279102204
2024-06-24,1100344.7305962942
2024-06-25,1136480.9024363216
2024-06-26,1132656.1917975417
2024-06-27,1106562.6965834738
2024-06-28,1071677.6832124272
2024-07-01,1069214.494742358
2024-07-02,1108611.1083910319
2024-07-03,1120420.9562534317
2024-07-05,1133466.7389991619
2024-07-08,1145675.1707660996
2024-07-09,1167367.3676150315
2024-07-10,1185852.6976462328
2024-07-11,1145618.6041141783
2024-07-12,1164282.8641838012
2024-07-15,1184519.6099631442
2024-07-16,1189192.3248940208
2024-07-17,1149086.5692620566
2024-07-18,1139984.4978500514
2024-07-19,1117832.334262869
2024-07-22,1162999.8747778875
2024-07-23,1148455.333950514
2024-07-24,1129693.6967173032
2024-07-25,1096799.9934633272
2024-07-26,1094076.6344504748
2024-07-29,1111748.5873469335
2024-07-30,1065929.3824257953
2024-07-31,1103063.9779713214
2024-08-01,1056008.674531395
2024-08-02,1009514.5900456904
2024-08-05,980866.3130999212
2024-08-06,991838.1162883845
2024-08-07,966256.5955228143
2024-08-08,1001571.9934827401
2024-08-09,1009364.6383940752
2024-08-12,1002109.5976323198
2024-08-13,1035681.4139291532
2024-08-14,1017154.8071222734
2024-08-15,1055909.7131554028
2024-08-16,1074230.6718310402
2024-08-19,1100778.7492087218
2024-08-20,1095242.8702143214
2024-08-21,1105090.6455109473
2024-08-22,1076141.7730479923
2024-08-23,1100124.6260373632
2024-08-26,1091169.8100198093
2024-08-27,1055819.6080394918
2024-08-28,1039825.3027335224
2024-08-29,1028473.9749719007
2024-08-30,1055433.1343090306
2024-09-03,1030008.1856632981
2024-09-04,1072392.7610210383
2024-09-05,1090296.2880106114
2024-09-06,1038782.6379651043
2024-09-09,1071688.5917212723
2024-09-10,1094202.3847991917
2024-09-11,1099286.7767396625
2024-09-12,1088360.3381733939
2024-09-13,1099911.0961435833
2024-09-16,1089332.2004201966
2024-09-17,1095584.6310204961
2024-09-18,1086368.6846951088
2024-09-19,1136070.349892486
2024-09-20,1131362.1736815115
2024-09-23,1163510.74305651
2024-09-24,1175778.2065568576
2024-09-25,1188327.6727410476
2024-09-26,1205373.850234509
2024-09-27,1200910.6644808527
2024-09-30,1208471.9503090593
2024-10-01,1189179.2688271722
2024-10-02,1157611.5847782134
2024-10-03,1150081.5488806097
2024-10-04,1160911.5313004327
2024-10-07,1164660.3520578856
2024-10-08,1188598.6297501584
2024-10-09,1210411.1263667424
2024-10-10,1213514.7926799413
2024-10-11,1248901.3074157317
2024-10-14,1239106.6924828112
2024-10-15,1216813.667972492
2024-10-16,1219580.766801513
2024-10-17,1221671.5116569614
2024-10-18,1238792.0012094132
2024-10-21,1252362.3133369181
2024-10-22,1241562.2512593835
2024-10-23,1219109.747689539
2024-10-24,1237432.4890359705
2024-10-25,1232222.7689466104
2024-10-28,1247488.5221506741
2024-10-29,1231826.9447163292
2024-10-30,1221711.549159636
2024-10-31,1226403.8450556712
2024-11-01,1226668.5698093912
2024-11-04,1226983.389702976
2024-11-05,1235784.466785888
2024-11-06,1272849.5211392264
2024-11-07,1157521.5917386077
2024-11-08,1229142.2385610312
2024-11-11,1318224.1357126597
2024-11-12,1340530.863993855
2024-11-13,1303720.3151004328
2024-11-14,1268312.881227652
2024-11-15,1275023.7699050268
2024-11-18,1301019.9291177632
2024-11-19,1318931.7767923542
2024-11-20,1352350.8106734892
2024-11-21,1335900.0615545963
2024-11-22,1357040.9479790877
2024-11-25,1386317.8839213212
2024-11-26,1379537.5144071642
2024-11-27,1361657.1200962993
2024-11-29,1341911.10054189
2024-12-02,1326846.4887177595
2024-12-03,1314502.3034045356
2024-12-04,1364482.3490270628
2024-12-05,1355114.781162205
2024-12-06,1347689.2118858641
2024-12-09,1284656.7327300156
2024-12-10,1304343.4084546363
2024-12-11,1331788.3787353819
2024-12-12,1314244.0770551988
2024-12-13,1301422.4142864847
2024-12-16,1291673.7988254158
2024-12-17,1283590.3671613873
2024-12-18,1212578.2411079642
2024-12-19,1187854.5948018157
2024-12-20,1236685.6935419433
2024-12-23,1221749.7984236074
2024-12-24,1245163.572190797
2024-12-26,1230675.0845530524
2024-12-27,1217595.0324493153
2024-12-30,1199220.404610298
2024-12-31,1181845.916330823
2025-01-02,1211778.611195165
2025-01-03,1262203.1295427377
2025-01-06,1305217.803417534
2025-01-07,1251005.1581489027
2025-01-08,1237945.1511870555
2025-01-10,1201616.2463983179
2025-01-13,1211487.3511954348
2025-01-14,1217900.404655723
2025-01-15,1237952.6858413122
2025-01-16,1239326.1511607284
2025-01-17,1300929.0351477885
2025-01-21,1299417.8615588767
2025-01-22,1308511.9180471068
2025-01-23,1318322.4879976497
2025-01-24,1292067.8540549981
2025-01-27,1171255.4811107926
2025-01-28,1172409.2140068351
2025-01-29,1198314.6286195328
2025-01-30,1223133.0218501869
2025-01-31,1226024.3299459997
2025-02-03,1228576.2677027367
2025-02-04,1205346.4036320942
2025-02-05,1237342.836649057
2025-02-06,1244115.5086061188
2025-02-07,1198597.5350765875
2025-02-10,1208765.5171105738
2025-02-11,1173346.6908365681
2025-02-12,1158109.716408535
2025-02-13,1160805.0635096307
2025-02-14,1190943.4159970435
2025-02-18,1202529.0488667777
2025-02-19,1220939.9966701404
2025-02-20,1217973.1400652125
2025-02-21,1164648.5980012727
2025-02-24,1132261.6317221397
2025-02-25,1067843.1911779009
2025-02-26,1080373.9972701955
2025-02-27,1043144.5839546415
2025-02-28,1093381.9051572112
2025-03-03,1042274.4137366752
2025-03-04,1084363.2830864761
2025-03-05,1122628.3006635604
2025-03-06,998169.3659904142
2025-03-07,991572.7283149029
2025-03-10,911288.5687346901
2025-03-11,926875.4305989873
2025-03-12,944382.9770930802
2025-03-13,919765.7205165705
2025-03-14,955907.0989758477
2025-03-17,972912.9990630383
2025-03-18,950223.3746107284
2025-03-19,993232.053475736
2025-03-20,985364.3403113126
2025-03-21,989550.7875393584
2025-03-24,1033924.6173937956
2025-03-25,1033020.9057228465
2025-03-26,999639.0587603399
2025-03-27,985369.4991671615
2025-03-28,921071.3652827193
2025-03-31,930902.9385521964
2025-04-01,929892.0260180787
2025-04-02,926155.9776971957
2025-04-03,935018.82108584
2025-04-04,903057.8137394022
2025-04-07,882329.9475963528
2025-04-08,870399.7519772119
2025-04-09,890137.7900306165
2025-04-10,885515.3202200789
2025-04-11,899952.940727574
2025-04-14,919709.8949196372
2025-04-15,915411.1617053021
2025-04-16,895959.685067411
2025-04-17,904846.6087836568
2025-04-21,891634.6368254195
2025-04-22,908511.9942552011
2025-04-23,907542.1149142474
2025-04-24,898539.5190590429
2025-04-25,891058.4079144184
2025-04-28,906457.2472878329
2025-04-29,914089.7921039043
2025-04-30,927194.9408692544
2025-05-01,912083.1545537417
2025-05-02,913832.797845642
2025-05-05,905618.8605859142
2025-05-06,868451.6687768018
2025-05-07,860258.9353540832
2025-05-08,850508.2250231828
2025-05-09,845087.5496403282
2025-05-12,862012.5579299864
2025-05-13,847208.9285126957
2025-05-14,836270.6208404138
2025-05-15,860845.3345584394
2025-05-16,871339.1157330007
2025-05-19,884214.6211393217
2025-05-20,891861.2870916695
2025-05-21,877880.5920511256
2025-05-22,873314.5631494942
2025-05-23,878620.2893268957
2025-05-27,883737.1450624729
2025-05-28,880673.7843606302
2025-05-29,886000.8243456376
2025-05-30,885731.8857356119
2025-06-02,885836.0065911545
2025-06-03,887734.4311667529
2025-06-04,885069.5505605803
2025-06-05,888789.654487789
2025-06-06,898491.5573657156
2025-06-09,888532.5499431525
2025-06-10,893119.45842178
2025-06-11,884171.7083939892
2025-06-12,898942.0558064247
2025-06-13,888537.3589112837
2025-06-16,880016.3919142585
2025-06-17,872104.0611499788
2025-06-18,873266.7247216646
2025-06-20,876657.5353638831
2025-06-23,879940.6071248753
2025-06-24,876320.5059620299
2025-06-25,865119.470533656
2025-06-26,869413.2496370529
2025-06-27,879358.9403316254
2025-06-30,886205.7243700104
2025-07-01,892522.4909376049
2025-07-02,897088.5119102361
2025-07-03,904832.8266546236
2025-07-07,899576.8420944756
2025-07-08,887025.6147839074
2025-07-09,896189.4853362673
2025-07-10,881583.7616211921
2025-07-11,886086.4711792879
2025-07-14,897638.4766032058
2025-07-15,897524.3365592755
2025-07-16,886521.9288402188
2025-07-17,898484.1635931826
2025-07-18,879407.218305516
2025-07-21,891658.6172392552
2025-07-22,866450.6597774143
2025-07-23,872383.3238161842
2025-07-24,872190.2609528728
2025-07-25,872658.3051042696
2025-07-28,871308.8282398571
2025-07-29,876468.1280785274
2025-07-30,890222.5139659162
2025-07-31,912469.029817322
2025-08-01,900946.8489424437
2025-08-04,912922.3249668538
2025-08-05,894125.0985559219
2025-08-06,896416.7394490116
2025-08-07,899563.9075163107
2025-08-08,914624.4991668672
2025-08-11,914834.4580183096
2025-08-12,925091.8435109962
2025-08-13,914389.5300542196
2025-08-14,925548.534707969
2025-08-15,922818.2558853673
2025-08-18,930981.1475150314
2025-08-19,914909.1526599051
2025-08-20,913048.8614437751
2025-08-21,905163.1449047817
2025-08-22,914038.5539197602
2025-08-25,929571.3533628838
2025-08-26,936542.5105091268
2025-08-27,939517.2881424965
2025-08-28,949728.9780436703
2025-08-29,929735.3200067553
2025-09-02,938831.9819884931
2025-09-03,962070.1582459506
2025-09-04,995275.8661910534
2025-09-05,994521.273161914
2025-09-08,999685.9368999102
2025-09-09,1013313.9083365315
2025-09-10,1013930.5425981621
2025-09-11,1000133.5102967392
2025-09-12,1001951.8858214798
2025-09-15,1030191.4544908119
2025-09-16,1030613.6300212112
2025-09-17,1032308.9964598404
2025-09-18,1042601.6722752802
2025-09-19,1059116.4177738654
2025-09-22,1088807.8608717718
2025-09-23,1072969.9307075532
2025-09-24,1065157.6710695776
2025-09-25,1052760.119583426
2025-09-26,1053555.2509816322
2025-09-29,1095860.5784527257
2025-09-30,1106005.326502302
2025-10-01,1145106.9750454656
2025-10-02,1147867.716455119
2025-10-03,1135001.227529206
2025-10-06,1124902.9669205123
2025-10-07,1140768.0922326432
2025-10-08,1121755.064430736
2025-10-09,1134575.430603429
2025-10-10,1140996.0124868974
2025-10-13,1155890.0032730328
2025-10-14,1166197.7023316557
2025-10-15,1169416.873510352
2025-10-16,1192662.3339938316
2025-10-17,1194757.6016749926
2025-10-20,1217132.2688470175
2025-10-21,1177468.4838917865
2025-10-22,1156635.0581317772
2025-10-23,1155007.4924988304
2025-10-24,1153777.9909590627
2025-10-27,1190728.8841331808
2025-10-28,1184666.9848400247
2025-10-29,1195937.6499308972
2025-10-30,1123277.1658022124
2025-10-31,1138510.447182971
2025-11-03,1090324.1185603999
2025-11-04,1067028.3814935565
2025-11-05,1092123.5055256847
2025-11-06,1104201.2596595737
2025-11-07,1109772.1582527892
2025-11-10,1108072.5193834857
2025-11-11,1131809.9518827584
2025-11-12,1133678.0170946107
2025-11-13,1135777.4572286094
2025-11-14,1124054.9790878585
2025-11-17,1149021.8748290653
2025-11-18,1153333.0051341495
2025-11-19,1150217.0169148142
2025-11-20,1116375.5042258715
2025-11-21,1104133.6751609792
2025-11-24,1099355.6943733883
2025-11-25,1090920.2397301958
2025-11-26,1126385.1751766435
2025-11-28,1139319.540429892
2025-12-01,1147619.2072720954
2025-12-02,1171132.0087277794
2025-12-03,1190337.8692487814
2025-12-04,1171737.9311007282
2025-12-05,1155923.0646665187
2025-12-08,1092551.2094673086
2025-12-09,1058524.1391403915
2025-12-10,1037424.0953005123
2025-12-11,1056792.048167989
2025-12-12,1021969.1546716839
2025-12-15,1009750.5990173679
2025-12-16,1007740.4802165707
2025-12-17,1010073.4178603396
2025-12-18,1018874.8607982551
2025-12-19,1028248.7218956343
2025-12-22,1044057.5767952555
2025-12-23,1023576.9085896213
2025-12-24,1028799.0359604488
2025-12-26,1028209.8466107392
2025-12-29,1023922.3675842659
2025-12-30,1020860.2209241532
2025-12-31,1020885.0063592776
2026-01-02,1028334.7254903087
2026-01-05,1025687.3284624431
2026-01-06,1045651.2893847615
2026-01-07,1081720.4917473379
2026-01-08,1030980.588573311
2026-01-09,1029927.1369542793
2026-01-12,968521.0346449341
2026-01-13,967023.1511655162
2026-01-14,959067.4420409547
2026-01-15,943186.912440275
2026-01-16,942248.4987054842
2026-01-20,931991.1117116165
2026-01-21,956228.7428874654
2026-01-22,962933.6973596831
2026-01-23,936769.061218138
2026-01-26,943736.2967694132
2026-01-27,927746.3263532463
2026-01-28,916074.1861790919
2026-01-29,910069.9857149301
2026-01-30,891760.0258059914
2026-02-02,895117.1579355712
2026-02-03,924511.6094226968
2026-02-04,923630.4408294397
2026-02-05,876717.0573311399
2026-02-06,870762.2471903947
2026-02-09,854824.0899139248
2026-02-10,860109.1502565198
2026-02-11,858666.2393449631
2026-02-12,828991.1686589287
2026-02-13,843522.9703824485
2026-02-17,885851.9517289356
2026-02-18,887468.6599236235
2026-02-19,902607.2078480012
2026-02-20,896130.370439567
2026-02-23,880948.1035579764
2026-02-24,887967.6130244066
2026-02-25,876203.0328208618
2026-02-26,886306.840979032
2026-02-27,891546.621602643
2026-03-02,871538.5859490806
2026-03-03,853879.3670346388
2026-03-04,884124.8323034334
2026-03-05,869640.3987817394
2026-03-06,867909.9803247318
2026-03-09,874808.9502636747
2026-03-10,872595.0866752159
2026-03-11,868142.1595282905
2026-03-12,858864.8072955915
2026-03-13,848122.872365333
2026-03-16,861700.0174823438
2026-03-17,865945.2994209975
2026-03-18,851901.2547019557
2026-03-19,845845.3839925078
2026-03-20,848623.5901123191
2026-03-23,837434.761674067
2026-03-24,842405.1551343573
2026-03-25,889288.1931219646
2026-03-26,886901.1626790129
2026-03-27,860704.5037332389
2026-03-30,855877.6814699145
