,equity_ddpg_baseline
2024-01-02,1000000.0
2024-01-03,998528.0944015501
2024-01-04,997111.0367565154
2024-01-05,997982.4884071349
2024-01-08,1007034.325704193
2024-01-09,1004681.225269432
2024-01-10,1011406.8876739234
2024-01-11,1011071.4387291602
2024-01-12,1012472.1119829749
2024-01-16,1011069.7338600539
2024-01-17,1008131.9441451052
2024-01-18,1016860.2917975405
2024-01-19,1036378.3268355349
2024-01-22,1038565.1323317507
2024-01-23,1039347.8076781252
2024-01-24,1038943.6155089358
2024-01-25,1043752.4003867129
2024-01-26,1038602.9102019289
2024-01-29,1043699.1880301455
2024-01-30,1048595.1270522098
2024-01-31,1034643.6582449892
2024-02-01,1043870.4218214968
2024-02-02,1054453.7350234012
2024-02-05,1043072.2965773562
2024-02-06,1044115.5568427065
2024-02-07,1051665.3718604068
2024-02-08,1050274.1749228458
2024-02-09,1055130.1911925296
2024-02-12,1056610.6529654483
2024-02-13,1042494.8766058901
2024-02-14,1046929.9075087527
2024-02-15,1054589.0867690067
2024-02-16,1051322.2275885562
2024-02-20,1051819.602062128
2024-02-21,1055224.6366461734
2024-02-22,1072424.3417090396
2024-02-23,1072545.0704153995
2024-02-26,1067383.0976790409
2024-02-27,1066876.937484644
2024-02-28,1067880.904430292
2024-02-29,1071090.5900305728
2024-03-01,1070794.1640433292
2024-03-04,1070504.4997405033
2024-03-05,1062092.1214255313
2024-03-06,1064178.124465845
2024-03-07,1068299.9912032108
2024-03-08,1064186.605728052
2024-03-11,1064282.4204749088
2024-03-12,1075063.55087652
2024-03-13,1072499.4209174137
2024-03-14,1070032.304946802
2024-03-15,1063244.5027464847
2024-03-18,1064015.1616362552
2024-03-19,1073715.7814673404
2024-03-20,1084691.4179839115
2024-03-21,1092049.1572340946
2024-03-22,1088132.993808649
2024-03-25,1083136.1107291202
2024-03-26,1082549.0676802616
2024-03-27,1097524.0019186954
2024-03-28,1099326.205314539
2024-04-01,1094886.1505278568
2024-04-02,1089041.6259573917
2024-04-03,1088199.5729826908
2024-04-04,1075437.8450354557
2024-04-05,1083345.9071997623
2024-04-08,1082759.3069037418
2024-04-09,1080395.800247095
2024-04-10,1072364.6413458805
2024-04-11,1075689.871642969
2024-04-12,1062000.1701430301
2024-04-15,1058592.7104605655
2024-04-16,1053551.1095656375
2024-04-17,1044647.5203246096
2024-04-18,1044419.1816367129
2024-04-19,1043826.7008475283
2024-04-22,1055634.3825797061
2024-04-23,1066434.9361914615
2024-04-24,1064357.1586722354
2024-04-25,1059230.9884489994
2024-04-26,1068370.8347281436
2024-04-29,1070308.2531889896
2024-04-30,1055697.9984396915
2024-05-01,1062352.7766417484
2024-05-02,1069256.8023871402
2024-05-03,1079162.934131525
2024-05-06,1087062.9466399173
2024-05-07,1086531.8306960086
2024-05-08,1090627.270080469
2024-05-09,1098785.2603606205
2024-05-10,1103325.2330244998
2024-05-13,1101422.748557947
2024-05-14,1106287.2504691104
2024-05-15,1116208.4601859073
2024-05-16,1117708.0507849674
2024-05-17,1118680.0905417423
2024-05-20,1110347.8718565921
2024-05-21,1115559.6788481693
2024-05-22,1112915.89595022
2024-05-23,1100860.722690485
2024-05-24,1106422.8176573734
2024-05-28,1102344.2550887088
2024-05-29,1097541.3601073246
2024-05-30,1092812.6070670108
2024-05-31,1103087.5718802433
2024-06-03,1104605.2201537113
2024-06-04,1109591.3489645938
2024-06-05,1116600.484634302
2024-06-06,1117128.256095789
2024-06-07,1117221.7333334903
2024-06-10,1118253.9706648807
2024-06-11,1117595.6423415164
2024-06-12,1122271.895332239
2024-06-13,1122748.4252013187
2024-06-14,1122595.3852728824
2024-06-17,1130519.3241843204
2024-06-18,1133467.834785364
2024-06-20,1136977.8736876468
2024-06-21,1136087.9782256107
2024-06-24,1139892.9710692386
2024-06-25,1138837.948093317
2024-06-26,1140631.0909270267
2024-06-27,1138844.117359064
2024-06-28,1130617.149013422
2024-07-01,1143090.8436392765
2024-07-02,1147479.9608992557
2024-07-03,1150806.1225851993
2024-07-05,1153430.8917006473
2024-07-08,1153227.1386107425
2024-07-09,1154479.2795676212
2024-07-10,1170872.5939673404
2024-07-11,1163144.051746271
2024-07-12,1164834.4500044803
2024-07-15,1171656.960189722
2024-07-16,1181617.2310713748
2024-07-17,1179532.2225684146
2024-07-18,1164353.4084776859
2024-07-19,1148475.757053278
2024-07-22,1154510.9562567691
2024-07-23,1156971.6617964725
2024-07-24,1140142.1540678958
2024-07-25,1133552.54678335
2024-07-26,1145980.7260092716
2024-07-29,1147523.5988539676
2024-07-30,1152379.2804488163
2024-07-31,1155405.8633421878
2024-08-01,1144784.8218153934
2024-08-02,1127119.0333785038
2024-08-05,1093154.612396143
2024-08-06,1101830.0461119632
2024-08-07,1102280.2745245914
2024-08-08,1119719.3825987796
2024-08-09,1123947.9081801395
2024-08-12,1122409.1361159305
2024-08-13,1135511.7887763004
2024-08-14,1143622.1867941837
2024-08-15,1155411.6181258182
2024-08-16,1161410.9297560672
2024-08-19,1172382.5105093936
2024-08-20,1169002.4892195682
2024-08-21,1172795.6985930423
2024-08-22,1166334.1030119876
2024-08-23,1180061.9288863163
2024-08-26,1178091.4500426273
2024-08-27,1180466.0740431766
2024-08-28,1175033.3698882083
2024-08-29,1180160.1137999515
2024-08-30,1190189.1403883914
2024-09-03,1167388.3079871158
2024-09-04,1167380.142398737
2024-09-05,1167061.7540854434
2024-09-06,1153925.616325281
2024-09-09,1171288.0205267887
2024-09-10,1164347.6089858036
2024-09-11,1171689.1687010746
2024-09-12,1179362.0884360294
2024-09-13,1186914.146114252
2024-09-16,1192252.0928915958
2024-09-17,1192291.1124533634
2024-09-18,1186699.0880736331
2024-09-19,1203953.351772211
2024-09-20,1202623.6970747928
2024-09-23,1202699.8833579044
2024-09-24,1203458.7676276187
2024-09-25,1200295.3893317203
2024-09-26,1203323.7255667667
2024-09-27,1201452.4968794803
2024-09-30,1201780.7486418705
2024-10-01,1189587.886474512
2024-10-02,1187529.4081419925
2024-10-03,1181109.6039198856
2024-10-04,1191905.5081328372
2024-10-07,1176468.7198866825
2024-10-08,1188529.8119811038
2024-10-09,1201737.101142786
2024-10-10,1201735.3222273807
2024-10-11,1214768.7158698062
2024-10-14,1225949.2909163455
2024-10-15,1228555.2633742313
2024-10-16,1232878.4157294254
2024-10-17,1247729.9507979373
2024-10-18,1253003.9761237125
2024-10-21,1244316.0432967166
2024-10-22,1247081.6734694461
2024-10-23,1231282.3158682804
2024-10-24,1230392.6548880558
2024-10-25,1216997.2819861392
2024-10-28,1225324.5218733768
2024-10-29,1223684.4410475711
2024-10-30,1222381.4447859745
2024-10-31,1198442.4776343326
2024-11-01,1207411.2777594547
2024-11-04,1197013.4882849674
2024-11-05,1212594.777313135
2024-11-06,1263339.2093771915
2024-11-07,1259430.7048911075
2024-11-08,1265588.5712126712
2024-11-11,1269993.9049681644
2024-11-12,1270239.1764868717
2024-11-13,1273023.6945342044
2024-11-14,1270882.0458792667
2024-11-15,1262212.832015894
2024-11-18,1261640.3883742313
2024-11-19,1260108.2938117008
2024-11-20,1256639.6194914798
2024-11-21,1264373.5211256961
2024-11-22,1271472.4225844364
2024-11-25,1277990.4309958438
2024-11-26,1288607.4756621341
2024-11-27,1286576.0157622318
2024-11-29,1291537.5941885929
2024-12-02,1289552.914939783
2024-12-03,1289818.289447687
2024-12-04,1294162.6413573246
2024-12-05,1299864.7809714298
2024-12-06,1301541.1422766666
2024-12-09,1294280.3454894046
2024-12-10,1285771.890090845
2024-12-11,1289084.7401083927
2024-12-12,1287398.8818739871
2024-12-13,1283377.329154871
2024-12-16,1288554.770042322
2024-12-17,1282189.4336852054
2024-12-18,1243997.6323698978
2024-12-19,1249154.4161910038
2024-12-20,1262958.292762659
2024-12-23,1266904.3004950504
2024-12-24,1280985.2943648319
2024-12-26,1281660.0377196292
2024-12-27,1268670.9029501895
2024-12-30,1256855.7277716617
2024-12-31,1254282.141818903
2025-01-02,1254214.441703699
2025-01-03,1265773.7428778629
2025-01-06,1268399.6434210758
2025-01-07,1257666.6237143497
2025-01-08,1256430.4579657535
2025-01-10,1229583.484573267
2025-01-13,1233002.3553580265
2025-01-14,1236485.3620490055
2025-01-15,1264772.6114348392
2025-01-16,1264537.4245718936
2025-01-17,1275854.8216856937
2025-01-21,1282178.1245879154
2025-01-22,1295177.723495386
2025-01-23,1299655.299644373
2025-01-24,1293942.884635828
2025-01-27,1297778.3502043705
2025-01-28,1307866.758842371
2025-01-29,1304255.3789214115
2025-01-30,1296875.354518793
2025-01-31,1289332.3218535404
2025-02-03,1280128.8882369022
2025-02-04,1283165.057052515
2025-02-05,1289896.453094385
2025-02-06,1299116.1659316043
2025-02-07,1286195.9485930423
2025-02-10,1293182.4576872806
2025-02-11,1297276.7638854007
2025-02-12,1293415.433273218
2025-02-13,1302181.490848444
2025-02-14,1302161.9216002445
2025-02-18,1308443.3332327823
2025-02-19,1313938.806384943
2025-02-20,1301141.842662714
2025-02-21,1288143.121543787
2025-02-24,1289771.0031889896
2025-02-25,1286313.475826166
2025-02-26,1280368.7789954166
2025-02-27,1273121.8340872745
2025-02-28,1292330.0759695987
2025-03-03,1273957.0148352603
2025-03-04,1253552.671619318
2025-03-05,1269145.1073721866
2025-03-06,1252266.6365164737
2025-03-07,1257715.2210043888
2025-03-10,1227189.3285178165
2025-03-11,1213063.1330145816
2025-03-12,1208899.9831465702
2025-03-13,1199684.1223410587
2025-03-14,1223710.9846800785
2025-03-17,1232443.244464777
2025-03-18,1224939.2710226993
2025-03-19,1234175.1484259586
2025-03-20,1235598.8366545658
2025-03-21,1237933.0308646183
2025-03-24,1254074.7161978702
2025-03-25,1258333.1732138614
2025-03-26,1252580.4191016178
2025-03-27,1247408.0622252445
2025-03-28,1223656.2409209232
2025-03-31,1231144.0040739994
2025-04-01,1231653.6408804874
2025-04-02,1239895.5502432804
2025-04-03,1192443.2898596744
2025-04-04,1117383.1918753604
2025-04-07,1107784.807731531
2025-04-08,1098566.931850336
2025-04-09,1185738.31240835
2025-04-10,1154244.4605711917
2025-04-11,1174676.640594385
2025-04-14,1187068.0290564517
2025-04-15,1182873.3955687503
2025-04-16,1160271.7471045475
2025-04-17,1169994.3961104373
2025-04-21,1149255.239902399
2025-04-22,1183224.778346918
2025-04-23,1194925.3518141727
2025-04-24,1214550.7554549198
2025-04-25,1217968.1099776248
2025-04-28,1219947.8438986759
2025-04-29,1228953.5298956851
2025-04-30,1231766.7322615604
2025-05-01,1244620.2818526248
2025-05-02,1258897.8872260074
2025-05-05,1253680.686576746
2025-05-06,1244477.5427931766
2025-05-07,1251586.4826888065
2025-05-08,1259577.4122961978
2025-05-09,1258153.6935461978
2025-05-12,1289852.4294585208
2025-05-13,1292510.0413626651
2025-05-14,1295133.4827689151
2025-05-15,1309362.8311041812
2025-05-16,1317449.9585799198
2025-05-19,1318770.700046442
2025-05-20,1313863.3331946353
2025-05-21,1295169.19654455
2025-05-22,1297665.7607268314
2025-05-23,1291855.4884604434
2025-05-27,1316071.8055609684
2025-05-28,1305900.3064421634
2025-05-29,1308430.1166647892
2025-05-30,1310754.370963953
2025-06-02,1313111.0702437381
2025-06-03,1317542.0035704593
2025-06-04,1312871.6720236759
2025-06-05,1312569.8413466434
2025-06-06,1325920.4740103702
2025-06-09,1322690.0833929996
2025-06-10,1321647.1360510807
2025-06-11,1320188.4154852848
2025-06-12,1328660.876796625
2025-06-13,1315340.214046381
2025-06-16,1325207.936210535
2025-06-17,1315009.7149123172
2025-06-18,1320309.6006926517
2025-06-20,1320041.9313506107
2025-06-23,1332851.7466734867
2025-06-24,1345317.1880721073
2025-06-25,1345121.1963500003
2025-06-26,1360590.658588312
2025-06-27,1369140.577930353
2025-06-30,1383167.4332350711
2025-07-01,1387571.2481383304
2025-07-02,1387324.3107794742
2025-07-03,1402530.9728087406
2025-07-07,1388756.405124567
2025-07-08,1376384.3578146915
2025-07-09,1382116.0953291873
2025-07-10,1392225.3131407718
2025-07-11,1390423.8034285526
2025-07-14,1395455.7992056827
2025-07-15,1387844.9139784793
2025-07-16,1394620.6438864688
2025-07-17,1404862.5639876346
2025-07-18,1406306.3128432254
2025-07-21,1405381.5563048343
2025-07-22,1406460.9715994815
2025-07-23,1417595.7654685
2025-07-24,1414426.369563959
2025-07-25,1420983.3164938907
2025-07-28,1415000.587570093
2025-07-29,1419904.8852423648
2025-07-30,1420099.0411223392
2025-07-31,1421556.204215906
2025-08-01,1398295.2956198673
2025-08-04,1419698.0146178226
2025-08-05,1411944.4807127933
2025-08-06,1424702.316665552
2025-08-07,1422227.5736998538
2025-08-08,1427741.4314955692
2025-08-11,1424836.7436636905
2025-08-12,1438706.8319434146
2025-08-13,1444506.3374670963
2025-08-14,1450748.869388483
2025-08-15,1440909.8266142826
2025-08-18,1439655.2402075748
2025-08-19,1433687.3132704715
2025-08-20,1433849.5559500675
2025-08-21,1431150.7070425968
2025-08-22,1452782.7069853763
2025-08-25,1444576.0107382755
2025-08-26,1449936.2819060306
2025-08-27,1452717.6716078739
2025-08-28,1454418.053977869
2025-08-29,1451124.7902487735
2025-09-02,1443204.5343283634
2025-09-03,1447112.206699274
2025-09-04,1464795.0033301334
2025-09-05,1444063.3398665409
2025-09-08,1444973.9212492923
2025-09-09,1455474.5879591922
2025-09-10,1451087.1433752994
2025-09-11,1469274.48270788
2025-09-12,1468228.6228369693
2025-09-15,1472335.8041686038
2025-09-16,1466932.4061926822
2025-09-17,1473295.6679228763
2025-09-18,1476591.6942976932
2025-09-19,1485205.3552283267
2025-09-22,1486552.1324767093
2025-09-23,1480636.5770148258
2025-09-24,1474406.1875113468
2025-09-25,1472022.4182623844
2025-09-26,1483338.0462225894
2025-09-29,1486322.9776953678
2025-09-30,1492414.7847632389
2025-10-01,1487834.9661330204
2025-10-02,1485324.144275568
2025-10-03,1493793.0389021854
2025-10-06,1494673.0612944583
2025-10-07,1490932.0906905155
2025-10-08,1485864.6803473453
2025-10-09,1480758.7493361454
2025-10-10,1453013.2228507022
2025-10-13,1472699.4353560428
2025-10-14,1467135.1191786746
2025-10-15,1461471.0596121768
2025-10-16,1449543.460315607
2025-10-17,1451863.7724989871
2025-10-20,1469173.136829279
2025-10-21,1471515.5904616336
2025-10-22,1461855.1272543888
2025-10-23,1469066.3788985233
2025-10-24,1487765.7058714847
2025-10-27,1503240.2751044254
2025-10-28,1508959.701293848
2025-10-29,1505442.5413168888
2025-10-30,1500795.4335173587
2025-10-31,1503238.9376677494
2025-11-03,1499850.8314017276
2025-11-04,1503629.2031859378
2025-11-05,1504552.5495108585
2025-11-06,1489876.3940428714
2025-11-07,1492509.2861365299
2025-11-10,1511106.3708914737
2025-11-11,1529809.3820799808
2025-11-12,1542695.3650702457
2025-11-13,1517590.8442458133
2025-11-14,1512476.7032507877
2025-11-17,1497102.0080260257
2025-11-18,1486538.0554923038
2025-11-19,1489679.3546179752
2025-11-20,1475083.2770804386
2025-11-21,1482338.3944396
2025-11-24,1493803.8543356876
2025-11-25,1510075.893356226
2025-11-26,1523327.8658560733
2025-11-28,1532737.1947707157
2025-12-01,1518224.2607993106
2025-12-02,1522226.5417860965
2025-12-03,1526271.9355353336
2025-12-04,1526282.691692255
2025-12-05,1531784.0107764225
2025-12-08,1538135.401508234
2025-12-09,1533354.9306830387
2025-12-10,1541655.6569403629
2025-12-11,1558043.7109908084
2025-12-12,1550460.4399603824
2025-12-15,1554682.4254340152
2025-12-16,1544866.5067481021
2025-12-17,1542186.83918371
2025-12-18,1550458.9120406131
2025-12-19,1560203.3896788578
2025-12-22,1564911.9576109867
2025-12-23,1569208.8340643863
2025-12-24,1579456.3187674503
2025-12-26,1575939.333160303
2025-12-29,1565904.902313135
2025-12-30,1561916.3312376956
2025-12-31,1552597.3432311038
2026-01-02,1558489.643165491
2026-01-05,1576611.4183844547
2026-01-06,1585640.7795485477
2026-01-07,1577209.8883971195
2026-01-08,1579882.350952051
2026-01-09,1580633.619716547
2026-01-12,1583005.284583948
2026-01-13,1566452.463127039
2026-01-14,1559573.0522421817
2026-01-15,1577326.3757056217
2026-01-16,1571795.0897673587
2026-01-20,1545053.2181128482
2026-01-21,1552491.0503462772
2026-01-22,1563552.0140532474
2026-01-23,1557710.018443964
2026-01-26,1572530.5057982425
2026-01-27,1581992.976558588
2026-01-28,1584155.5178450565
2026-01-29,1575554.306877039
2026-01-30,1576524.3810004215
2026-02-02,1587561.8522490482
2026-02-03,1585411.0927161197
2026-02-04,1586040.4471816043
2026-02-05,1564914.6185530643
2026-02-06,1595169.3185767154
2026-02-09,1598679.3512763004
2026-02-10,1602133.5770606021
2026-02-11,1596404.8542784671
2026-02-12,1571936.5386122684
2026-02-13,1563849.996417902
2026-02-17,1577036.6196326236
2026-02-18,1587685.2731207828
2026-02-19,1580502.97621908
2026-02-20,1592479.414764307
2026-02-23,1574497.9436797122
2026-02-24,1584920.6649435977
2026-02-25,1599949.6426962833
2026-02-26,1597564.70687475
2026-02-27,1569638.5201987247
2026-03-02,1573753.1765517215
2026-03-03,1573467.6605986576
2026-03-04,1580165.7850150089
2026-03-05,1554783.6267889957
2026-03-06,1540190.1131476383
2026-03-09,1549284.5038451175
2026-03-10,1550225.7122153263
2026-03-11,1540743.6267508487
2026-03-12,1516744.8740653018
2026-03-13,1510415.196567438
2026-03-16,1524481.957103632
2026-03-17,1528149.6863020877
2026-03-18,1507575.3346137027
2026-03-19,1501346.1873473148
2026-03-20,1490925.1222914676
2026-03-23,1505350.1245955448
2026-03-24,1500333.8704642276
2026-03-25,1511745.5316428165
2026-03-26,1494214.6053580265
2026-03-27,1467326.1734160404
2026-03-30,1475234.0898474674
