,equity_sac_ac
2024-01-02,1000000.0
2024-01-03,998956.7785903388
2024-01-04,999090.6975164686
2024-01-05,998215.0798564331
2024-01-08,1002019.7800194728
2024-01-09,998772.3667639452
2024-01-10,1002186.5495646547
2024-01-11,1002949.7826766032
2024-01-12,1002016.1551458123
2024-01-16,994864.6501176301
2024-01-17,991653.2029222408
2024-01-18,994681.1668079337
2024-01-19,1002022.5722137619
2024-01-22,1005914.1668593673
2024-01-23,1009792.1112071926
2024-01-24,1007877.0903891511
2024-01-25,1015210.1149515196
2024-01-26,1016022.4218423485
2024-01-29,1021077.9608160687
2024-01-30,1028440.3110070341
2024-01-31,1017421.5150437731
2024-02-01,1020157.8551348997
2024-02-02,1026172.3563474112
2024-02-05,1014987.781526083
2024-02-06,1017497.8061507113
2024-02-07,1022050.0108858694
2024-02-08,1023417.4447684195
2024-02-09,1021762.1645916319
2024-02-12,1027226.5036996618
2024-02-13,1011085.8821552969
2024-02-14,1014337.0130010088
2024-02-15,1027114.3524129958
2024-02-16,1024672.4539532951
2024-02-20,1024910.6724253502
2024-02-21,1029495.3394430073
2024-02-22,1038595.0130202257
2024-02-23,1040173.141676218
2024-02-26,1036627.1638402968
2024-02-27,1030420.7453233209
2024-02-28,1030242.8378542353
2024-02-29,1032129.1334132706
2024-03-01,1032517.413114009
2024-03-04,1030690.0755940713
2024-03-05,1022152.0370659297
2024-03-06,1025463.0023349994
2024-03-07,1033045.8337754617
2024-03-08,1029946.9663609815
2024-03-11,1032972.1186174257
2024-03-12,1036455.5933831681
2024-03-13,1035135.535996058
2024-03-14,1031831.078541065
2024-03-15,1029365.152131831
2024-03-18,1027076.6597550255
2024-03-19,1037001.6295227429
2024-03-20,1044840.6399811074
2024-03-21,1052481.95147359
2024-03-22,1046780.2452106832
2024-03-25,1039078.1942832218
2024-03-26,1043072.4282401733
2024-03-27,1056965.9204527698
2024-03-28,1058863.3376874453
2024-04-01,1052231.8433905912
2024-04-02,1040849.4915565429
2024-04-03,1036809.9787964856
2024-04-04,1025147.691594586
2024-04-05,1030654.4039021125
2024-04-08,1031822.7350898103
2024-04-09,1034808.8352913465
2024-04-10,1024189.0170072617
2024-04-11,1023442.9603801711
2024-04-12,1014018.7839367713
2024-04-15,1011988.3045387294
2024-04-16,1008466.9839509298
2024-04-17,1013403.3140840513
2024-04-18,1016354.0333404642
2024-04-19,1026610.6050130895
2024-04-22,1036390.8985303352
2024-04-23,1043946.4269716198
2024-04-24,1043017.8931197671
2024-04-25,1035643.6737650073
2024-04-26,1040045.8397172509
2024-04-29,1041009.451879126
2024-04-30,1028436.8645654928
2024-05-01,1034823.3919607191
2024-05-02,1037395.1076493269
2024-05-03,1043630.1511603169
2024-05-06,1048335.3367205039
2024-05-07,1051268.897463201
2024-05-08,1055467.4864235325
2024-05-09,1066557.2021609833
2024-05-10,1075612.2192909012
2024-05-13,1072885.8811917512
2024-05-14,1074915.1688586457
2024-05-15,1085173.8061066268
2024-05-16,1089066.5064819455
2024-05-17,1090451.7254671413
2024-05-20,1083239.9988296162
2024-05-21,1085779.1501229773
2024-05-22,1080052.7698096375
2024-05-23,1064796.7550481341
2024-05-24,1066095.5678679901
2024-05-28,1061070.8863155998
2024-05-29,1049163.3371637869
2024-05-30,1051092.8740147941
2024-05-31,1065107.2478746925
2024-06-03,1062597.5156606026
2024-06-04,1073777.1679664603
2024-06-05,1077848.7836983036
2024-06-06,1077073.66086254
2024-06-07,1071702.2236296886
2024-06-10,1075692.0511207203
2024-06-11,1070388.0092022128
2024-06-12,1069777.4080072045
2024-06-13,1069064.2119287248
2024-06-14,1069789.6659116878
2024-06-17,1078539.3039295943
2024-06-18,1080122.4325038302
2024-06-20,1086316.092525614
2024-06-21,1087767.9804637316
2024-06-24,1097373.4860958671
2024-06-25,1090316.7273860548
2024-06-26,1087334.9761910948
2024-06-27,1084994.33186165
2024-06-28,1087176.517048657
2024-07-01,1085514.8527823081
2024-07-02,1091229.2327898974
2024-07-03,1090542.7456261131
2024-07-05,1090762.2634572473
2024-07-08,1088466.4948855194
2024-07-09,1087379.8479167677
2024-07-10,1103810.6674691564
2024-07-11,1102830.8365742825
2024-07-12,1104838.2951798663
2024-07-15,1111750.480632124
2024-07-16,1129614.5110939215
2024-07-17,1140926.6880075347
2024-07-18,1127409.337714889
2024-07-19,1117457.7950301876
2024-07-22,1122415.6617200132
2024-07-23,1120002.4644942516
2024-07-24,1109142.650465284
2024-07-25,1091948.505509749
2024-07-26,1102072.782030196
2024-07-29,1100962.9649756576
2024-07-30,1109928.5915184463
2024-07-31,1111803.3273626203
2024-08-01,1105863.106700521
2024-08-02,1094134.7349908152
2024-08-05,1067109.802489404
2024-08-06,1071373.0647130676
2024-08-07,1069927.699751273
2024-08-08,1082697.4129180177
2024-08-09,1081459.0112631079
2024-08-12,1077463.5664301175
2024-08-13,1083784.9349046957
2024-08-14,1091902.09045618
2024-08-15,1098874.6587565038
2024-08-16,1103730.2731401129
2024-08-19,1111110.921199714
2024-08-20,1110080.7385933693
2024-08-21,1111933.9647978267
2024-08-22,1108506.655343814
2024-08-23,1119923.4633224993
2024-08-26,1122283.2524103099
2024-08-27,1124652.4058448821
2024-08-28,1119619.155029902
2024-08-29,1129628.5767556345
2024-08-30,1133959.3032671995
2024-09-03,1118137.1471309948
2024-09-04,1120759.9958168736
2024-09-05,1112536.6225646804
2024-09-06,1097680.6131165598
2024-09-09,1110409.3279035243
2024-09-10,1104170.4631421068
2024-09-11,1110138.4035246472
2024-09-12,1114831.8739881804
2024-09-13,1122023.4585198357
2024-09-16,1128193.3175792042
2024-09-17,1126604.6077718765
2024-09-18,1119329.4962774413
2024-09-19,1132834.099060807
2024-09-20,1131645.5945039392
2024-09-23,1132300.784364269
2024-09-24,1133633.370897397
2024-09-25,1131364.4619611737
2024-09-26,1134561.051880829
2024-09-27,1139289.0567890846
2024-09-30,1139345.7747279163
2024-10-01,1133449.3009572155
2024-10-02,1132263.2115347781
2024-10-03,1126972.3252867153
2024-10-04,1132218.6214221332
2024-10-07,1125428.403708012
2024-10-08,1131452.0713840653
2024-10-09,1150072.0399548896
2024-10-10,1150356.9027074382
2024-10-11,1162312.3988783942
2024-10-14,1172352.460139792
2024-10-15,1162750.66595385
2024-10-16,1171143.9879701454
2024-10-17,1174023.6346140062
2024-10-18,1177438.115837076
2024-10-21,1169848.9604705656
2024-10-22,1174272.9644172965
2024-10-23,1162423.2788403006
2024-10-24,1147970.7149193033
2024-10-25,1138197.2251011534
2024-10-28,1142179.4826352429
2024-10-29,1139808.662654213
2024-10-30,1136237.3542743754
2024-10-31,1127224.5029435253
2024-11-01,1139422.7854594276
2024-11-04,1130154.349052771
2024-11-05,1143570.9363678356
2024-11-06,1192355.2947416473
2024-11-07,1190819.7057273965
2024-11-08,1201201.8580974254
2024-11-11,1216161.9314112726
2024-11-12,1221550.1527749244
2024-11-13,1221880.1414009735
2024-11-14,1216613.1900558015
2024-11-15,1212478.5575596099
2024-11-18,1210391.4769469388
2024-11-19,1203861.4496626083
2024-11-20,1207131.3030319796
2024-11-21,1212292.5902498993
2024-11-22,1224041.1464396906
2024-11-25,1232420.1556992922
2024-11-26,1238550.0893212426
2024-11-27,1235288.2145043216
2024-11-29,1242119.9317513853
2024-12-02,1237294.28896297
2024-12-03,1230357.668408689
2024-12-04,1233817.5512271794
2024-12-05,1225742.4469556198
2024-12-06,1218726.2662231186
2024-12-09,1217016.86114372
2024-12-10,1221022.6871514295
2024-12-11,1215912.3269571874
2024-12-12,1209237.9424680157
2024-12-13,1207017.2912471488
2024-12-16,1214500.9051908928
2024-12-17,1202650.8571078891
2024-12-18,1172640.81052223
2024-12-19,1170824.2667760267
2024-12-20,1182486.576365322
2024-12-23,1183019.9851988954
2024-12-24,1194703.4319946207
2024-12-26,1200185.831323625
2024-12-27,1190579.3349401471
2024-12-30,1178350.2147243568
2024-12-31,1177227.9413692523
2025-01-02,1178018.2551230984
2025-01-03,1186981.09653174
2025-01-06,1178560.68688166
2025-01-07,1175376.2390388944
2025-01-08,1176203.5171647228
2025-01-10,1159261.5200311365
2025-01-13,1168474.4030094978
2025-01-14,1172196.99583236
2025-01-15,1193824.0566538686
2025-01-16,1195151.7563125999
2025-01-17,1203268.8835728378
2025-01-21,1213500.261057677
2025-01-22,1214284.2078476683
2025-01-23,1225618.855441493
2025-01-24,1216852.5497526936
2025-01-27,1227901.187975609
2025-01-28,1222232.2152500064
2025-01-29,1219370.902154217
2025-01-30,1222267.3676882763
2025-01-31,1212961.026182061
2025-02-03,1209443.5370114804
2025-02-04,1214086.3288042461
2025-02-05,1217093.5042677666
2025-02-06,1203088.272750451
2025-02-07,1192431.0444250559
2025-02-10,1203372.8285871444
2025-02-11,1202588.3088794956
2025-02-12,1194911.6043928186
2025-02-13,1199621.0968874516
2025-02-14,1194950.8104283097
2025-02-18,1204044.0293941516
2025-02-19,1210378.6085928897
2025-02-20,1201440.8908162266
2025-02-21,1186683.018924575
2025-02-24,1183822.3107563283
2025-02-25,1184103.86623072
2025-02-26,1179163.8525852342
2025-02-27,1178909.537278735
2025-02-28,1193966.1667849924
2025-03-03,1177867.4426657765
2025-03-04,1159765.32117614
2025-03-05,1171654.8937920672
2025-03-06,1166277.3254746092
2025-03-07,1175133.8517138972
2025-03-10,1154049.1271506206
2025-03-11,1137322.9094441854
2025-03-12,1129661.7754931515
2025-03-13,1123659.1522892013
2025-03-14,1143362.6238015348
2025-03-17,1153949.0066537946
2025-03-18,1152506.0188374282
2025-03-19,1159426.4571364236
2025-03-20,1166058.0271339724
2025-03-21,1167245.3143055649
2025-03-24,1177362.091309187
2025-03-25,1179528.791488363
2025-03-26,1181095.4442361922
2025-03-27,1176031.622082117
2025-03-28,1156323.1762518566
2025-03-31,1165507.1509707551
2025-04-01,1169212.3544852664
2025-04-02,1177587.1128431552
2025-04-03,1136789.7372260955
2025-04-04,1066138.350209815
2025-04-07,1053760.3090272907
2025-04-08,1045809.6160546223
2025-04-09,1124657.490010292
2025-04-10,1096052.6446688718
2025-04-11,1114134.5437606848
2025-04-14,1122668.7709922835
2025-04-15,1118763.8923127993
2025-04-16,1099616.2028116025
2025-04-17,1088213.0465341513
2025-04-21,1065755.1364312896
2025-04-22,1091602.0195279666
2025-04-23,1095405.269034979
2025-04-24,1109522.3866969058
2025-04-25,1107278.4870444553
2025-04-28,1111820.5529643255
2025-04-29,1128454.9066787723
2025-04-30,1127155.4769406985
2025-05-01,1134055.8718307328
2025-05-02,1150457.383886719
2025-05-05,1147996.2467160153
2025-05-06,1134339.8988461492
2025-05-07,1143751.98288444
2025-05-08,1149302.7086275066
2025-05-09,1146987.1324070608
2025-05-12,1175302.856739688
2025-05-13,1163087.9176760004
2025-05-14,1162677.0541996262
2025-05-15,1172526.4895492187
2025-05-16,1182361.610305925
2025-05-19,1189741.807246182
2025-05-20,1187304.1672815615
2025-05-21,1167273.9799897182
2025-05-22,1170429.047302675
2025-05-23,1167231.7299610153
2025-05-27,1188234.0824214732
2025-05-28,1179588.2751618754
2025-05-29,1181711.0432214008
2025-05-30,1185518.9647642723
2025-06-02,1184379.0857132734
2025-06-03,1188750.6813709734
2025-06-04,1185465.4660573346
2025-06-05,1184508.7806624095
2025-06-06,1197196.0560945282
2025-06-09,1193657.5475402686
2025-06-10,1192319.7898716482
2025-06-11,1197485.3264148908
2025-06-12,1203037.3620470841
2025-06-13,1190275.4089303606
2025-06-16,1195319.4415020202
2025-06-17,1188401.7007698033
2025-06-18,1191681.1441444233
2025-06-20,1192644.7430169918
2025-06-23,1202891.194163478
2025-06-24,1211051.8943651398
2025-06-25,1206694.6435568593
2025-06-26,1223858.2007166538
2025-06-27,1233431.45531486
2025-06-30,1247758.9310289351
2025-07-01,1263486.8721903993
2025-07-02,1265103.0492209864
2025-07-03,1273344.1652954016
2025-07-07,1263159.0001113382
2025-07-08,1259727.2277808161
2025-07-09,1259396.5288594887
2025-07-10,1264827.5668153602
2025-07-11,1262571.5969898321
2025-07-14,1265639.9080338948
2025-07-15,1251897.8495631735
2025-07-16,1259625.7635461206
2025-07-17,1264450.4297087225
2025-07-18,1258064.9867408862
2025-07-21,1253559.873921105
2025-07-22,1256770.1246061553
2025-07-23,1272200.7447321867
2025-07-24,1248668.5823607584
2025-07-25,1254382.979468758
2025-07-28,1253288.9068981817
2025-07-29,1248853.06653136
2025-07-30,1245727.329907457
2025-07-31,1241555.6785032535
2025-08-01,1223944.4452528057
2025-08-04,1241874.9565616716
2025-08-05,1238581.7213029629
2025-08-06,1239249.2256488013
2025-08-07,1231861.25964456
2025-08-08,1234465.3337433182
2025-08-11,1233450.897885385
2025-08-12,1247704.037605869
2025-08-13,1255119.0576610616
2025-08-14,1253966.9569174054
2025-08-15,1253592.6224430788
2025-08-18,1252640.1697379665
2025-08-19,1247799.3943254333
2025-08-20,1248310.884206809
2025-08-21,1248830.5375743427
2025-08-22,1273026.877808943
2025-08-25,1264583.7639430845
2025-08-26,1269876.3323793914
2025-08-27,1271080.185771599
2025-08-28,1271938.4541679774
2025-08-29,1270622.0450901005
2025-09-02,1263434.0908037329
2025-09-03,1254435.0513484403
2025-09-04,1265972.7519068858
2025-09-05,1253522.398420861
2025-09-08,1256904.2785768916
2025-09-09,1270431.1279322575
2025-09-10,1266703.2054095073
2025-09-11,1283485.6287129903
2025-09-12,1274650.5191614556
2025-09-15,1277389.5321581594
2025-09-16,1274105.9242372182
2025-09-17,1281947.8094790806
2025-09-18,1277116.5463218945
2025-09-19,1277857.4230073132
2025-09-22,1275293.0502137395
2025-09-23,1277042.0569254416
2025-09-24,1272714.3635062214
2025-09-25,1270269.5834349117
2025-09-26,1276775.4623034643
2025-09-29,1278275.4015342705
2025-09-30,1279444.5805812734
2025-10-01,1273894.4785673674
2025-10-02,1271127.9612639877
2025-10-03,1274853.4142035209
2025-10-06,1278318.2432402717
2025-10-07,1276790.726725825
2025-10-08,1272569.9513206822
2025-10-09,1261103.160261079
2025-10-10,1241289.2893477716
2025-10-13,1257807.8443188025
2025-10-14,1264805.502212993
2025-10-15,1251957.3563080009
2025-10-16,1248848.6949760567
2025-10-17,1249264.1085909042
2025-10-20,1263731.3231014265
2025-10-21,1266862.7418013702
2025-10-22,1259331.832515894
2025-10-23,1286963.5036420925
2025-10-24,1292312.291656626
2025-10-27,1296984.212287428
2025-10-28,1297244.8127109709
2025-10-29,1285919.7006951733
2025-10-30,1280996.104242514
2025-10-31,1281542.887429814
2025-11-03,1266464.879309348
2025-11-04,1264799.565321289
2025-11-05,1265008.8586679325
2025-11-06,1254068.3647639602
2025-11-07,1252463.2666190532
2025-11-10,1263230.641229271
2025-11-11,1285096.7620296474
2025-11-12,1300213.7259972256
2025-11-13,1281861.8673412954
2025-11-14,1278047.8535144508
2025-11-17,1262427.1476285483
2025-11-18,1248822.3310565895
2025-11-19,1246903.9027793114
2025-11-20,1235241.6667757914
2025-11-21,1241989.7439399937
2025-11-24,1243359.2708266773
2025-11-25,1257511.9619311793
2025-11-26,1265773.4947516844
2025-11-28,1276918.1620713153
2025-12-01,1261703.976426032
2025-12-02,1268955.2241441633
2025-12-03,1281155.8955202133
2025-12-04,1278328.196170378
2025-12-05,1282044.6539585653
2025-12-08,1285933.211269749
2025-12-09,1287112.2657740938
2025-12-10,1296395.5893862373
2025-12-11,1312452.8064075932
2025-12-12,1305559.6965755557
2025-12-15,1314868.67166517
2025-12-16,1306530.3341275002
2025-12-17,1311137.1424114162
2025-12-18,1308582.6167632432
2025-12-19,1315778.585294199
2025-12-22,1311889.8335402645
2025-12-23,1310901.6349122475
2025-12-24,1320386.085980128
2025-12-26,1319258.8786512031
2025-12-29,1311644.9833392955
2025-12-30,1307998.7525941813
2025-12-31,1300488.8998992045
2026-01-02,1314898.4092525002
2026-01-05,1342361.601776929
2026-01-06,1352137.284710754
2026-01-07,1335173.4386709603
2026-01-08,1348769.0254116629
2026-01-09,1355555.2199353315
2026-01-12,1363098.3209215405
2026-01-13,1362067.5673160262
2026-01-14,1365894.355494208
2026-01-15,1386419.6096716058
2026-01-16,1388163.8975084282
2026-01-20,1370369.5918505266
2026-01-21,1382544.8671876164
2026-01-22,1395409.4220541841
2026-01-23,1385669.3327774336
2026-01-26,1392989.8542998265
2026-01-27,1383423.0473819282
2026-01-28,1380899.7757186166
2026-01-29,1391273.1437648374
2026-01-30,1392291.8129985104
2026-02-02,1395843.6632792794
2026-02-03,1400366.448890754
2026-02-04,1402435.1668885658
2026-02-05,1382970.9693263825
2026-02-06,1415008.384517228
2026-02-09,1427053.582910303
2026-02-10,1436244.7055985902
2026-02-11,1433923.1937280914
2026-02-12,1413699.508174159
2026-02-13,1417056.606847131
2026-02-17,1420737.2220646138
2026-02-18,1427232.9722803493
2026-02-19,1421425.731104767
2026-02-20,1429846.1309158786
2026-02-23,1415935.8878155581
2026-02-24,1421184.1230363238
2026-02-25,1429841.3061138408
2026-02-26,1431309.659300345
2026-02-27,1416290.701615771
2026-03-02,1427725.0024842718
2026-03-03,1417088.3297814243
2026-03-04,1421279.5900294366
2026-03-05,1391307.2634849946
2026-03-06,1378568.2777875978
2026-03-09,1389663.6247095242
2026-03-10,1392467.1805208072
2026-03-11,1387390.9142382434
2026-03-12,1359155.8543871175
2026-03-13,1359039.2249104443
2026-03-16,1367548.46613547
2026-03-17,1365667.2976669904
2026-03-18,1352920.0095582309
2026-03-19,1350070.0954635513
2026-03-20,1332660.8297008937
2026-03-23,1344293.511970887
2026-03-24,1341258.3707217348
2026-03-25,1353422.7043948818
2026-03-26,1342047.274959175
2026-03-27,1326628.9071624551
2026-03-30,1332435.1331741773
