2019-09-19,0.0
2019-09-20,0.0
2019-09-23,0.0
2019-09-24,0.0
2019-09-25,0.0
2019-09-26,0.0
2019-09-27,0.0
2019-09-30,0.0
2019-10-01,0.0
2019-10-02,0.0
2019-10-03,0.0
2019-10-04,3.3306690738754696e-15
2019-10-07,0.30037334245518754
2019-10-08,0.4221572807290035
2019-10-09,0.6259314741063338
2019-10-10,0.7075518316783143
2019-10-11,0.7761853627479467
2019-10-14,0.7103376037452427
2019-10-15,0.7340649753206723
2019-10-16,0.6129128409028652
2019-10-17,0.5921017073392276
2019-10-18,0.40407504222534674
2019-10-21,0.06300212260268334
2019-10-22,-0.42442854114163
2019-10-23,-0.728154347242207
2019-10-24,-0.7848868767325383
2019-10-25,-0.7688137735423362
2019-10-28,-0.7909297241458457
2019-10-29,-0.7987210513761649
2019-10-30,-0.7660943753567189
2019-10-31,-0.7770622247908185
2019-11-01,-0.772738464923115
2019-11-04,-0.7536042855092882
2019-11-05,-0.7158663049876746
2019-11-06,-0.7484977331297114
2019-11-07,-0.8300115700302331
2019-11-08,-0.8566052948770544
2019-11-11,-0.8638685669256478
2019-11-12,-0.8520893426921752
2019-11-13,-0.6495857609870548
2019-11-14,-0.26509400014485784
2019-11-15,0.14553230398785666
2019-11-18,0.4964168608665773
2019-11-19,0.707414692630322
2019-11-20,0.8293292060449593
2019-11-21,0.9288461339224008
2019-11-22,0.9788678628128924
2019-11-25,0.9965875101178314
2019-11-26,0.0
2019-11-27,0.0
2019-11-29,0.0
2019-12-02,0.0
2019-12-03,0.0
2019-12-04,0.0
2019-12-05,0.0
2019-12-06,0.0
2019-12-09,0.0
2019-12-10,0.0
2019-12-11,0.0
2019-12-12,1.9984014443252818e-15
2019-12-13,0.11028460294127318
2019-12-16,0.21071608647433404
2019-12-17,0.17482218710763364
2019-12-18,0.2211608679713355
2019-12-19,0.2561249970631565
2019-12-20,0.3174224347306325
2019-12-23,0.3268565969237309
2019-12-24,0.28922032348685356
2019-12-26,0.30972510526285557
2019-12-27,0.2107053275259383
2019-12-30,0.1796282433364318
2019-12-31,0.19108443308410417
2020-01-02,0.13470137765989443
2020-01-03,0.12464037379251991
2020-01-06,0.26285619347610023
2020-01-07,0.3970294170212014
2020-01-08,0.5098943582272375
2020-01-09,0.6176552139060716
2020-01-10,0.7052028053844859
2020-01-13,0.7965043320962804
2020-01-14,0.8301587593129303
2020-01-15,0.8756969988971564
2020-01-16,0.9150174962791076
2020-01-17,0.9478398584679084
2020-01-21,0.9685672282534343
2020-01-22,0.9847696692967076
2020-01-23,0.9937284495805794
2020-01-24,0.0
2020-01-27,0.0
2020-01-28,0.0
2020-01-29,0.0
2020-01-30,0.0
2020-01-31,0.0
2020-02-03,0.0
2020-02-04,0.0
2020-02-05,0.0
2020-02-06,0.0
2020-02-07,0.0
2020-02-10,2.220446049250313e-15
2020-02-11,0.2453079345732614
2020-02-12,0.6080131077017925
2020-02-13,0.7678304620189988
2020-02-14,0.824363085122654
2020-02-18,0.8691294385690669
2020-02-19,0.9073842803980117
2020-02-20,0.9136739843136674
2020-02-21,0.9141985055376474
2020-02-24,0.9018564860262943
2020-02-25,0.874955666070846
2020-02-26,0.8336607461972965
2020-02-27,0.8431334487890145
2020-02-28,0.833253391275603
2020-03-02,0.8135432229648338
2020-03-03,0.748558077510654
2020-03-04,0.715868451156743
2020-03-05,0.777827552633636
2020-03-06,0.7179322504807493
2020-03-09,0.42688675560473577
2020-03-10,0.004060215010920354
2020-03-11,-0.5281530720021581
2020-03-12,-0.8914413245415795
2020-03-13,-0.9789446721226098
2020-03-16,-0.9994252325446422
2020-03-17,0.0
2020-03-18,0.0
2020-03-19,0.0
2020-03-20,0.0
2020-03-23,0.0
2020-03-24,0.0
2020-03-25,0.0
2020-03-26,0.0
2020-03-27,0.0
2020-03-30,0.0
2020-03-31,0.0
2020-04-01,0.0
2020-04-02,0.1223105487065177
2020-04-03,0.2506887916716125
2020-04-06,0.6133955612464694
2020-04-07,0.8019274492688855
2020-04-08,0.9515286423924636
2020-04-09,0.9900283535494887
2020-04-13,0.0
2020-04-14,0.0
2020-04-15,0.0
2020-04-16,0.0
2020-04-17,0.0
2020-04-20,0.0
2020-04-21,0.0
2020-04-22,0.0
2020-04-23,0.0
2020-04-24,0.0
2020-04-27,0.0
2020-04-28,-4.6629367034256575e-15
2020-04-29,0.49864787503584784
2020-04-30,0.828890561582778
2020-05-01,0.9542379795828551
2020-05-04,0.9932973073368938
2020-05-05,0.0
2020-05-06,0.0
2020-05-07,0.0
2020-05-08,0.0
2020-05-11,0.0
2020-05-12,0.0
2020-05-13,0.0
2020-05-14,0.0
2020-05-15,0.0
2020-05-18,0.0
2020-05-19,0.0
2020-05-20,2.220446049250313e-16
2020-05-21,0.20140564702555186
2020-05-22,0.4360240457579996
2020-05-26,0.5900188681888618
2020-05-27,0.6579467799668686
2020-05-28,0.7185905662797589
2020-05-29,0.8052204562493079
2020-06-01,0.8567430198291781
2020-06-02,0.901718239852942
2020-06-03,0.9399459938719545
2020-06-04,0.961888059817904
2020-06-05,0.9746580254178152
2020-06-08,0.9880698070844807
2020-06-09,0.9935759477361692
2020-06-10,0.0
2020-06-11,0.0
2020-06-12,0.0
2020-06-15,0.0
2020-06-16,0.0
2020-06-17,0.0
2020-06-18,0.0
2020-06-19,0.0
2020-06-22,0.0
2020-06-23,0.0
2020-06-24,0.0
2020-06-25,2.6645352591003757e-15
2020-06-26,0.01817110061258531
2020-06-29,0.0012276076539503578
2020-06-30,0.12019907682064845
2020-07-01,0.3217371388077581
2020-07-02,0.4991789168904437
2020-07-06,0.6250186848816011
2020-07-07,0.7469319873448153
2020-07-08,0.9032349443228036
2020-07-09,0.9686786522988642
2020-07-10,0.9916333651862304
2020-07-13,0.0
2020-07-14,0.0
2020-07-15,0.0
2020-07-16,0.0
2020-07-17,0.0
2020-07-20,0.0
2020-07-21,0.0
2020-07-22,0.0
2020-07-23,0.0
2020-07-24,0.0
2020-07-27,0.0
2020-07-28,5.773159728050814e-15
2020-07-29,0.2147991470161903
2020-07-30,0.5987626247778528
2020-07-31,0.8651139541066715
2020-08-03,0.9792389454904789
2020-08-04,0.9965547737242588
2020-08-05,0.0
2020-08-06,0.0
2020-08-07,0.0
2020-08-10,0.0
2020-08-11,0.0
2020-08-12,0.0
2020-08-13,0.0
2020-08-14,0.0
2020-08-17,0.0
2020-08-18,0.0
2020-08-19,0.0
2020-08-20,-2.220446049250313e-15
2020-08-21,0.14453619508793913
2020-08-24,0.21297072722921606
2020-08-25,0.2566519704124024
2020-08-26,0.3744611488965588
2020-08-27,0.4013518421471005
2020-08-28,0.4111377788516142
2020-08-31,0.43572232851969983
2020-09-01,0.5132274919490776
2020-09-02,0.5469880856965843
2020-09-03,0.48750741380424367
2020-09-04,0.4144568767377743
2020-09-08,0.3507469446399223
2020-09-09,0.3373009114006278
2020-09-10,0.29219179846662513
2020-09-11,0.24018482158493115
2020-09-14,0.28768218394653955
2020-09-15,0.4249912600409915
2020-09-16,0.5601015624932115
2020-09-17,0.6383720103372563
2020-09-18,0.6832098167722882
2020-09-21,0.7539111228883355
2020-09-22,0.8578706460357588
2020-09-23,0.9110405044048817
2020-09-24,0.935735042039612
2020-09-25,0.9605772470631955
2020-09-28,0.9790047883361852
2020-09-29,0.9880673374693987
2020-09-30,0.9974515686885932
2020-10-01,0.0
2020-10-02,0.0
2020-10-05,0.0
2020-10-06,0.0
2020-10-07,0.0
2020-10-08,0.0
2020-10-09,0.0
2020-10-12,0.0
2020-10-13,0.0
2020-10-14,0.0
2020-10-15,0.0
2020-10-16,3.774758283725532e-15
2020-10-19,0.12691969598824193
2020-10-20,0.11580854497935267
2020-10-21,-0.15460617886160177
2020-10-22,-0.4993767544802914
2020-10-23,-0.6694802026537645
2020-10-26,-0.8275652935681079
2020-10-27,-0.903972128525975
2020-10-28,-0.9676652204566918
2020-10-29,-0.9912302251855516
2020-10-30,0.0
2020-11-02,0.0
2020-11-03,0.0
2020-11-04,0.0
2020-11-05,0.0
2020-11-06,0.0
2020-11-09,0.0
2020-11-10,0.0
2020-11-11,0.0
2020-11-12,0.0
2020-11-13,0.0
2020-11-16,3.552713678800501e-15
2020-11-17,-0.16288458202809863
2020-11-18,-0.33634973048651795
2020-11-19,-0.4338245603986559
2020-11-20,-0.5129467987945864
2020-11-23,-0.5303201498155419
2020-11-24,-0.5936264508990865
2020-11-25,-0.547035730835125
2020-11-27,-0.42186361568847675
2020-11-30,-0.21411136479616033
2020-12-01,-0.10144085907467004
2020-12-02,-0.05791563064505967
2020-12-03,0.09877173207223433
2020-12-04,0.3595640790079746
2020-12-07,0.5224442225716261
2020-12-08,0.6673484366070301
2020-12-09,0.7166821582583709
2020-12-10,0.8304501635745849
2020-12-11,0.8857440695615963
2020-12-14,0.9408327143907893
2020-12-15,0.9685706412478785
2020-12-16,0.9880782957010223
2020-12-17,0.9972769735287095
2020-12-18,0.0
2020-12-21,0.0
2020-12-22,0.0
2020-12-23,0.0
2020-12-24,0.0
2020-12-28,0.0
2020-12-29,0.0
2020-12-30,0.0
2020-12-31,0.0
2021-01-04,0.0
2021-01-05,0.0
2021-01-06,-2.4424906541753444e-15
2021-01-07,-0.13914994165183003
2021-01-08,-0.16525830350694415
2021-01-11,-0.06128220238592852
2021-01-12,0.07566993617825202
2021-01-13,0.1823506602149092
2021-01-14,0.20101519499548082
2021-01-15,0.16666199619679123
2021-01-19,0.11452101992755348
2021-01-20,0.19499837433942613
2021-01-21,0.24778636722884828
2021-01-22,0.334528549775984
2021-01-25,0.49265321723898214
2021-01-26,0.5313998527582129
2021-01-27,0.4685592034803907
2021-01-28,0.4429360157637501
2021-01-29,0.4689120183781459
2021-02-01,0.476650359851309
2021-02-02,0.5543533688113891
2021-02-03,0.6836506131970432
2021-02-04,0.7959859407656531
2021-02-05,0.8918262962837733
2021-02-08,0.9513020962008645
2021-02-09,0.9817867510488614
2021-02-10,0.9927385341133126
2021-02-11,0.0
2021-02-12,0.0
2021-02-16,0.0
2021-02-17,0.0
2021-02-18,0.0
2021-02-19,0.0
2021-02-22,0.0
2021-02-23,0.0
2021-02-24,0.0
2021-02-25,0.0
2021-02-26,0.0
2021-03-01,2.4424906541753444e-15
2021-03-02,-0.2984496272775967
2021-03-03,-0.6170417325606379
2021-03-04,-0.869779316957455
2021-03-05,-0.9731818265401442
2021-03-08,-0.9976077752234536
2021-03-09,0.0
2021-03-10,0.0
2021-03-11,0.0
2021-03-12,0.0
2021-03-15,0.0
2021-03-16,0.0
2021-03-17,0.0
2021-03-18,0.0
2021-03-19,0.0
2021-03-22,0.0
2021-03-23,0.0
2021-03-24,-5.551115123125783e-15
2021-03-25,-0.5154576599385228
2021-03-26,-0.7354260280885296
2021-03-29,-0.9375366870872
2021-03-30,-0.988557009424812
2021-03-31,-0.9888780070798666
2021-04-01,-0.9693906313544187
2021-04-05,-0.9718428958450553
2021-04-06,-0.9087241614474402
2021-04-07,-0.8447778725427146
2021-04-08,-0.6878320258134412
2021-04-09,-0.43545198075293334
2021-04-12,-0.012510289390574636
2021-04-13,0.6001640039968519
2021-04-14,0.8872263990754448
2021-04-15,0.9864196491591681
2021-04-16,0.9965180653085082
2021-04-19,0.0
2021-04-20,0.0
2021-04-21,0.0
2021-04-22,0.0
2021-04-23,0.0
2021-04-26,0.0
2021-04-27,0.0
2021-04-28,0.0
2021-04-29,0.0
2021-04-30,0.0
2021-05-03,0.0
2021-05-04,2.6645352591003757e-15
2021-05-05,-0.4313795844717736
2021-05-06,-0.835819358294144
2021-05-07,-0.9350805008788701
2021-05-10,-0.9782648732413068
2021-05-11,-0.9915172642347085
2021-05-12,0.0
2021-05-13,0.0
2021-05-14,0.0
2021-05-17,0.0
2021-05-18,0.0
2021-05-19,0.0
2021-05-20,0.0
2021-05-21,0.0
2021-05-24,0.0
2021-05-25,0.0
2021-05-26,0.0
2021-05-27,6.661338147750939e-16
2021-05-28,0.23113936188117457
2021-06-01,0.45673929539704217
2021-06-02,0.6251594061598809
2021-06-03,0.6892595364261003
2021-06-04,0.7382652968235697
2021-06-07,0.8136450110388092
2021-06-08,0.8883234993476554
2021-06-09,0.9305376756818582
2021-06-10,0.9679540161460414
2021-06-11,0.9874857086199293
2021-06-14,0.996332381632745
2021-06-15,0.0
2021-06-16,0.0
2021-06-17,0.0
2021-06-18,0.0
2021-06-21,0.0
2021-06-22,0.0
2021-06-23,0.0
2021-06-24,0.0
2021-06-25,0.0
2021-06-28,0.0
2021-06-29,0.0
2021-06-30,2.886579864025407e-15
2021-07-01,0.06099906644168418
2021-07-02,0.23378838017953862
2021-07-06,0.4981941023302159
2021-07-07,0.6431817528455022
2021-07-08,0.746516564577973
2021-07-09,0.8448900535583279
2021-07-12,0.9036988088340665
2021-07-13,0.9306196711857899
2021-07-14,0.9340584380294763
2021-07-15,0.9260288377751256
2021-07-16,0.9296043900369739
2021-07-19,0.9347065612087022
2021-07-20,0.9581786894488813
2021-07-21,0.9768505168660864
2021-07-22,0.9907140849827594
2021-07-23,0.0
2021-07-26,0.0
2021-07-27,0.0
2021-07-28,0.0
2021-07-29,0.0
2021-07-30,0.0
2021-08-02,0.0
2021-08-03,0.0
2021-08-04,0.0
2021-08-05,0.0
2021-08-06,0.0
2021-08-09,2.220446049250313e-15
2021-08-10,0.20817982928048107
2021-08-11,0.44757865768488614
2021-08-12,0.6634352697271757
2021-08-13,0.8524534340426548
2021-08-16,0.9363825660350811
2021-08-17,0.9740054267333667
2021-08-18,0.9898667647924766
2021-08-19,0.9961945472682612
2021-08-20,0.0
2021-08-23,0.0
2021-08-24,0.0
2021-08-25,0.0
2021-08-26,0.0
2021-08-27,0.0
2021-08-30,0.0
2021-08-31,0.0
2021-09-01,0.0
2021-09-02,0.0
2021-09-03,0.0
2021-09-07,1.0880185641326534e-14
2021-09-08,0.3745517742122999
2021-09-09,0.7231021227002996
2021-09-10,0.787705671489094
2021-09-13,0.7700059121557905
2021-09-14,0.8519400558410903
2021-09-15,0.9242355019346913
2021-09-16,0.9896661061113445
2021-09-17,0.9987236753359994
2021-09-20,0.0
2021-09-21,0.0
2021-09-22,0.0
2021-09-23,0.0
2021-09-24,0.0
2021-09-27,0.0
2021-09-28,0.0
2021-09-29,0.0
2021-09-30,0.0
2021-10-01,0.0
2021-10-04,0.0
2021-10-05,6.661338147750939e-15
2021-10-06,0.027806491927174326
2021-10-07,-0.011147998728422648
2021-10-08,-0.13874731864655088
2021-10-11,-0.176077452714146
2021-10-12,-0.03717629466742589
2021-10-13,0.5336359044917598
2021-10-14,0.8119587721500303
2021-10-15,0.9473701472737366
2021-10-18,0.9928833551343124
2021-10-19,0.0
2021-10-20,0.0
2021-10-21,0.0
2021-10-22,0.0
2021-10-25,0.0
2021-10-26,0.0
2021-10-27,0.0
2021-10-28,0.0
2021-10-29,0.0
2021-11-01,0.0
2021-11-02,0.0
2021-11-03,0.0
2021-11-04,0.3516743044506041
2021-11-05,0.9880893182085158
2021-11-08,0.9999991847261931
2021-11-09,0.0
2021-11-10,0.0
2021-11-11,0.0
2021-11-12,0.0
2021-11-15,0.0
2021-11-16,0.0
2021-11-17,0.0
2021-11-18,0.0
2021-11-19,0.0
2021-11-22,0.0
2021-11-23,0.0
2021-11-24,6.8833827526759706e-15
2021-11-26,-0.29398474459645985
2021-11-29,-0.4807165269701752
2021-11-30,-0.7327442472430437
2021-12-01,-0.9689197038747723
2021-12-02,-0.9966091383378324
2021-12-03,0.0
2021-12-06,0.0
2021-12-07,0.0
2021-12-08,0.0
2021-12-09,0.0
2021-12-10,0.0
2021-12-13,0.0
2021-12-14,0.0
2021-12-15,0.0
2021-12-16,0.0
2021-12-17,0.0
2021-12-20,-6.661338147750939e-15
2021-12-21,0.23845116505892894
2021-12-22,0.49626714882519596
2021-12-23,0.6991249206922219
2021-12-27,0.8635917942098525
2021-12-28,0.912319076140826
2021-12-29,0.9536783793352417
2021-12-30,0.9747538756096112
2021-12-31,0.985533109770744
2022-01-03,0.9720823668582494
2022-01-04,0.924733017768925
2022-01-05,0.6890979371567958
2022-01-06,0.1844280768291071
2022-01-07,-0.39537001905181945
2022-01-10,-0.7572594243593278
2022-01-11,-0.9167070582384484
2022-01-12,-0.9805672109432184
2022-01-13,-0.9987165299356708
2022-01-14,0.0
2022-01-18,0.0
2022-01-19,0.0
2022-01-20,0.0
2022-01-21,0.0
2022-01-24,0.0
2022-01-25,0.0
2022-01-26,0.0
2022-01-27,0.0
2022-01-28,0.0
2022-01-31,0.0
2022-02-01,-4.440892098500626e-16
2022-02-02,0.24601633645142118
2022-02-03,0.3507370366696194
2022-02-04,0.6870473161757902
2022-02-07,0.892031116754679
2022-02-08,0.9678172319474387
2022-02-09,0.9943385229704922
2022-02-10,0.0
2022-02-11,0.0
2022-02-14,0.0
2022-02-15,0.0
2022-02-16,0.0
2022-02-17,0.0
2022-02-18,0.0
2022-02-22,0.0
2022-02-23,0.0
2022-02-24,0.0
2022-02-25,0.0
2022-02-28,3.774758283725532e-15
2022-03-01,-0.11807724738309178
2022-03-02,-0.09149267226641333
2022-03-03,-0.4982533941860161
2022-03-04,-0.8432666324361311
2022-03-07,-0.9886972606448918
2022-03-08,-0.9997742782736232
2022-03-09,0.0
2022-03-10,0.0
2022-03-11,0.0
2022-03-14,0.0
2022-03-15,0.0
2022-03-16,0.0
2022-03-17,0.0
2022-03-18,0.0
2022-03-21,0.0
2022-03-22,0.0
2022-03-23,0.0
2022-03-24,-2.4424906541753444e-15
2022-03-25,0.18401849300905337
2022-03-28,0.3902024402826032
2022-03-29,0.6391531815727307
2022-03-30,0.7537541815709725
2022-03-31,0.8478423798038928
2022-04-01,0.9171056521573511
2022-04-04,0.9630221364608791
2022-04-05,0.9737199851618679
2022-04-06,0.9691516229528458
2022-04-07,0.9642304420331229
2022-04-08,0.9530815192477622
2022-04-11,0.9419474966610579
2022-04-12,0.9305806876142777
2022-04-13,0.9389566044753723
2022-04-14,0.9293905411927526
2022-04-18,0.9030548906547409
2022-04-19,0.8954292516360871
2022-04-20,0.864499081049237
2022-04-21,0.7717191791051883
2022-04-22,0.615996728221873
2022-04-25,0.4511184892817801
2022-04-26,0.23560338553436355
2022-04-27,0.020528072493461336
2022-04-28,-0.09322917747561199
2022-04-29,-0.2905865513698167
2022-05-02,-0.471373064328378
2022-05-03,-0.6626376896667399
2022-05-04,-0.777750910012255
2022-05-05,-0.885473335778526
2022-05-06,-0.9492977960526408
2022-05-09,-0.9874610791601406
2022-05-10,-0.9974406048678095
2022-05-11,0.0
2022-05-12,0.0
2022-05-13,0.0
2022-05-16,0.0
2022-05-17,0.0
2022-05-18,0.0
2022-05-19,0.0
2022-05-20,0.0
2022-05-23,0.0
2022-05-24,0.0
2022-05-25,0.0
2022-05-26,-1.1102230246251565e-15
2022-05-27,0.12321491541462426
2022-05-31,0.1453467974690208
2022-06-01,0.23395681474193664
2022-06-02,0.6385274883575596
2022-06-03,0.8096207281762364
2022-06-06,0.8899575727796434
2022-06-07,0.9599866716575043
2022-06-08,0.986168041563668
2022-06-09,0.9934812752712714
2022-06-10,0.0
2022-06-13,0.0
2022-06-14,0.0
2022-06-15,0.0
2022-06-16,0.0
2022-06-17,0.0
2022-06-21,0.0
2022-06-22,0.0
2022-06-23,0.0
2022-06-24,0.0
2022-06-27,0.0
2022-06-28,2.886579864025407e-15
2022-06-29,0.1400377586062027
2022-06-30,0.18738402444865532
2022-07-01,0.36764881619483303
2022-07-05,0.6477589782119604
2022-07-06,0.8214094575133064
2022-07-07,0.9159752863654917
2022-07-08,0.9649466991476909
2022-07-11,0.9813184715142651
2022-07-12,0.9838609034274548
2022-07-13,0.9860687863611697
2022-07-14,0.9844719267749069
2022-07-15,0.9826347040691985
2022-07-18,0.977250035134922
2022-07-19,0.9740891206686417
2022-07-20,0.982104538764663
2022-07-21,0.9879896751103587
2022-07-22,0.9869205820019364
2022-07-25,0.9826382692344138
2022-07-26,0.9703615153868321
2022-07-27,0.9691739320745476
2022-07-28,0.9707645550543669
2022-07-29,0.9803998626976982
2022-08-01,0.9880472216017262
2022-08-02,0.9940130908633722
2022-08-03,0.0
2022-08-04,0.0
2022-08-05,0.0
2022-08-08,0.0
2022-08-09,0.0
2022-08-10,0.0
2022-08-11,0.0
2022-08-12,0.0
2022-08-15,0.0
2022-08-16,0.0
2022-08-17,0.0
2022-08-18,4.884981308350689e-15
2022-08-19,-0.5406845942231344
2022-08-22,-0.9289087417894715
2022-08-23,-0.9928759850437836
2022-08-24,0.0
2022-08-25,0.0
2022-08-26,0.0
2022-08-29,0.0
2022-08-30,0.0
2022-08-31,0.0
2022-09-01,0.0
2022-09-02,0.0
2022-09-06,0.0
2022-09-07,0.0
2022-09-08,0.0
2022-09-09,-1.1102230246251565e-15
2022-09-12,0.11745710456006586
2022-09-13,-0.07527257826741884
2022-09-14,-0.23674816942958588
2022-09-15,-0.43217595161091893
2022-09-16,-0.68641835706222
2022-09-19,-0.8098702623916858
2022-09-20,-0.8919297417391119
2022-09-21,-0.9358425679964011
2022-09-22,-0.9777898158019029
2022-09-23,-0.9946903551277342
2022-09-26,0.0
2022-09-27,0.0
2022-09-28,0.0
2022-09-29,0.0
2022-09-30,0.0
2022-10-03,0.0
2022-10-04,0.0
2022-10-05,0.0
2022-10-06,0.0
2022-10-07,0.0
2022-10-10,0.0
2022-10-11,-3.9968028886505635e-15
2022-10-12,-0.36046583840095536
2022-10-13,-0.682024869102835
2022-10-14,-0.9322649546306432
2022-10-17,-0.9778354373164111
2022-10-18,-0.9922562484727497
2022-10-19,0.0
2022-10-20,0.0
2022-10-21,0.0
2022-10-24,0.0
2022-10-25,0.0
2022-10-26,0.0
2022-10-27,0.0
2022-10-28,0.0
2022-10-31,0.0
2022-11-01,0.0
2022-11-02,0.0
2022-11-03,3.552713678800501e-15
2022-11-04,-0.5697134467294842
2022-11-07,-0.8871068585769524
2022-11-08,-0.9760604103448465
2022-11-09,-0.9981403969054969
2022-11-10,0.0
2022-11-11,0.0
2022-11-14,0.0
2022-11-15,0.0
2022-11-16,0.0
2022-11-17,0.0
2022-11-18,0.0
2022-11-21,0.0
2022-11-22,0.0
2022-11-23,0.0
2022-11-25,0.0
2022-11-28,-3.1086244689504383e-15
2022-11-29,-0.2789714873714184
2022-11-30,-0.3502754945003308
2022-12-01,-0.3196245125591637
2022-12-02,-0.42777885651696734
2022-12-05,-0.6644284750322609
2022-12-06,-0.8479639405547299
2022-12-07,-0.9417333776984131
2022-12-08,-0.9576897937748505
2022-12-09,-0.9671612421869391
2022-12-12,-0.965317358009609
2022-12-13,-0.9498370470323396
2022-12-14,-0.9241910753762248
2022-12-15,-0.911457815146218
2022-12-16,-0.9023137653041535
2022-12-19,-0.9093976641132622
2022-12-20,-0.9164866618522118
2022-12-21,-0.913884611976707
2022-12-22,-0.940464564260463
2022-12-23,-0.9615099095619255
2022-12-27,-0.9800137753213329
2022-12-28,-0.9908441754930282
2022-12-29,0.0
2022-12-30,0.0
2023-01-03,0.0
2023-01-04,0.0
2023-01-05,0.0
2023-01-06,0.0
2023-01-09,0.0
2023-01-10,0.0
2023-01-11,0.0
2023-01-12,0.0
2023-01-13,0.0
2023-01-17,-3.552713678800501e-15
2023-01-18,0.02986564970840999
2023-01-19,-0.07773350504926091
2023-01-20,0.03039648996389932
2023-01-23,0.35565339136638685
2023-01-24,0.5475466419549044
2023-01-25,0.5941515024672754
2023-01-26,0.7866424709238986
2023-01-27,0.9134965459325339
2023-01-30,0.9494216467929462
2023-01-31,0.9751466107084958
2023-02-01,0.9971258642248029
2023-02-02,0.0
2023-02-03,0.0
2023-02-06,0.0
2023-02-07,0.0
2023-02-08,0.0
2023-02-09,0.0
2023-02-10,0.0
2023-02-13,0.0
2023-02-14,0.0
2023-02-15,0.0
2023-02-16,0.0
2023-02-17,3.9968028886505635e-15
2023-02-21,-0.25414302810547884
2023-02-22,-0.38972848565813334
2023-02-23,-0.5647558258676089
2023-02-24,-0.7642822857706171
2023-02-27,-0.8664951640680509
2023-02-28,-0.9391227706205274
2023-03-01,-0.9795836297653435
2023-03-02,-0.9951434715099663
2023-03-03,0.0
2023-03-06,0.0
2023-03-07,0.0
2023-03-08,0.0
2023-03-09,0.0
2023-03-10,0.0
2023-03-13,0.0
2023-03-14,0.0
2023-03-15,0.0
2023-03-16,0.0
2023-03-17,0.0
2023-03-20,0.0
2023-03-21,-0.013755838317216273
2023-03-22,-0.20010331146661775
2023-03-23,-0.3088460129027313
2023-03-24,-0.4923401495062816
2023-03-27,-0.627363734455697
2023-03-28,-0.6775153769742444
2023-03-29,-0.7120069722974078
2023-03-30,-0.74684854469359
2023-03-31,-0.6700623782757806
2023-04-03,-0.6396008947736704
2023-04-04,-0.644901909452053
2023-04-05,-0.7243100219634688
2023-04-06,-0.7931715495875757
2023-04-10,-0.8426251083073988
2023-04-11,-0.8945867884578096
2023-04-12,-0.916080313258977
2023-04-13,-0.9248888861608164
2023-04-14,-0.9375131000333308
2023-04-17,-0.9337114665998285
2023-04-18,-0.9288813808671623
2023-04-19,-0.9269833759070447
2023-04-20,-0.9379264640992533
2023-04-21,-0.9482370008387406
2023-04-24,-0.9628899769562553
2023-04-25,-0.9806207077929192
2023-04-26,-0.9803326380138742
2023-04-27,-0.9780950133503659
2023-04-28,-0.9816636218439578
2023-05-01,-0.9874907042325007
2023-05-02,-0.9927002250538255
2023-05-03,0.0
2023-05-04,0.0
2023-05-05,0.0
2023-05-08,0.0
2023-05-09,0.0
2023-05-10,0.0
2023-05-11,0.0
2023-05-12,0.0
2023-05-15,0.0
2023-05-16,0.0
2023-05-17,0.0
2023-05-18,0.0
2023-05-19,0.23937998652027592
2023-05-22,0.48162864606106437
2023-05-23,0.6521685706291671
2023-05-24,0.7795200211512836
2023-05-25,0.8569885185660115
2023-05-26,0.9133669722179705
2023-05-30,0.9505890240466286
2023-05-31,0.9748242574554185
2023-06-01,0.9876689050119623
2023-06-02,0.9956947695737477
2023-06-05,0.0
2023-06-06,0.0
2023-06-07,0.0
2023-06-08,0.0
2023-06-09,0.0
2023-06-12,0.0
2023-06-13,0.0
2023-06-14,0.0
2023-06-15,0.0
2023-06-16,0.0
2023-06-20,0.0
2023-06-21,2.4424906541753444e-15
2023-06-22,-0.18897184443570225
2023-06-23,-0.4132559859397953
2023-06-26,-0.6099109605974506
2023-06-27,-0.6510869643587447
2023-06-28,-0.5690474344086205
2023-06-29,-0.5746083541595113
2023-06-30,-0.4788299715961628
2023-07-03,-0.3842671722494917
2023-07-05,-0.28877228412625633
2023-07-06,-0.2663596234838217
2023-07-07,-0.18869862764215073
2023-07-10,0.09516623991049111
2023-07-11,0.5325690877140272
2023-07-12,0.8211363395801428
2023-07-13,0.9727493965554592
2023-07-14,0.9972497195889594
2023-07-17,0.0
2023-07-18,0.0
2023-07-19,0.0
2023-07-20,0.0
2023-07-21,0.0
2023-07-24,0.0
2023-07-25,0.0
2023-07-26,0.0
2023-07-27,0.0
2023-07-28,0.0
2023-07-31,0.0
2023-08-01,-6.661338147750939e-15
2023-08-02,-0.4872738862670887
2023-08-03,-0.7822494878920643
2023-08-04,-0.9159030897981264
2023-08-07,-0.979437228293415
2023-08-08,-0.9999967346956817
2023-08-09,0.0
2023-08-10,0.0
2023-08-11,0.0
2023-08-14,0.0
2023-08-15,0.0
2023-08-16,0.0
2023-08-17,0.0
2023-08-18,0.0
2023-08-21,0.0
2023-08-22,0.0
2023-08-23,0.0
2023-08-24,-9.992007221626409e-15
2023-08-25,0.11040358715457854
2023-08-28,0.2062402526361471
2023-08-29,0.38336999942939176
2023-08-30,0.5516725250860788
2023-08-31,0.7755967150465262
2023-09-01,0.9213494475791097
2023-09-05,0.9784217548870993
2023-09-06,0.9945944863468601
2023-09-07,0.0
2023-09-08,0.0
2023-09-11,0.0
2023-09-12,0.0
2023-09-13,0.0
2023-09-14,0.0
2023-09-15,0.0
2023-09-18,0.0
2023-09-19,0.0
2023-09-20,0.0
2023-09-21,0.0
2023-09-22,-1.5543122344752192e-15
2023-09-25,-0.333353320496971
2023-09-26,-0.6738514999603882
2023-09-27,-0.8428839932529484
2023-09-28,-0.9199998136554015
2023-09-29,-0.9474521777523846
2023-10-02,-0.9618485403727177
2023-10-03,-0.9869179890412798
2023-10-04,-0.9946193783980555
2023-10-05,0.0
2023-10-06,0.0
2023-10-09,0.0
2023-10-10,0.0
2023-10-11,0.0
2023-10-12,0.0
2023-10-13,0.0
2023-10-16,0.0
2023-10-17,0.0
2023-10-18,0.0
2023-10-19,0.0
2023-10-20,-7.549516567451064e-15
2023-10-23,-0.37783059790870843
2023-10-24,-0.5058396269302801
2023-10-25,-0.8907130519096582
2023-10-26,-0.989558652207412
2023-10-27,-0.9992155908309188
2023-10-30,0.0
2023-10-31,0.0
2023-11-01,0.0
2023-11-02,0.0
2023-11-03,0.0
2023-11-06,0.0
2023-11-07,0.0
2023-11-08,0.0
2023-11-09,0.0
2023-11-10,0.0
2023-11-13,0.0
2023-11-14,-1.1102230246251565e-15
2023-11-15,0.31288209616889473
2023-11-16,0.5582120574068332
2023-11-17,0.7373650871552293
2023-11-20,0.8652798211807189
2023-11-21,0.9361382159439864
2023-11-22,0.9718760347295874
2023-11-24,0.988758561935807
2023-11-27,0.9955085045420282
2023-11-28,0.0
2023-11-29,0.0
2023-11-30,0.0
2023-12-01,0.0
2023-12-04,0.0
2023-12-05,0.0
2023-12-06,0.0
2023-12-07,0.0
2023-12-08,0.0
2023-12-11,0.0
2023-12-12,0.0
2023-12-13,7.549516567451064e-15
2023-12-14,0.5411796489712137
2023-12-15,0.9159264949403427
2023-12-18,0.9940000369449715
2023-12-19,0.0
2023-12-20,0.0
2023-12-21,0.0
2023-12-22,0.0
2023-12-26,0.0
2023-12-27,0.0
2023-12-28,0.0
2023-12-29,0.0
2024-01-02,0.0
2024-01-03,0.0
2024-01-04,0.0
2024-01-05,-6.661338147750939e-16
2024-01-08,-0.022923503411583113
2024-01-09,0.05177583116713502
2024-01-10,0.07377638120201624
2024-01-11,0.12617859190465963
2024-01-12,0.26695878570913667
2024-01-16,0.42223657319700014
2024-01-17,0.6216010041999716
2024-01-18,0.7833270688833969
2024-01-19,0.9191881814443355
2024-01-22,0.9820453329126235
2024-01-23,0.9943533295069458
2024-01-24,0.0
2024-01-25,0.0
2024-01-26,0.0
2024-01-29,0.0
2024-01-30,0.0
2024-01-31,0.0
2024-02-01,0.0
2024-02-02,0.0
2024-02-05,0.0
2024-02-06,0.0
2024-02-07,0.0
2024-02-08,-5.995204332975845e-15
2024-02-09,0.3948467181010895
2024-02-12,0.6789227935251236
2024-02-13,0.7790993186401436
2024-02-14,0.9166354611478302
2024-02-15,0.9475301139092933
2024-02-16,0.9554328764964735
2024-02-20,0.9491177111590521
2024-02-21,0.9273685850824449
2024-02-22,0.948186418421104
2024-02-23,0.954449038035146
2024-02-26,0.9590783387726649
2024-02-27,0.9701934678129149
2024-02-28,0.9769031047690679
2024-02-29,0.9844040984714826
2024-03-01,0.9875194233254452
2024-03-04,0.9906288574614601
2024-03-05,0.0
2024-03-06,0.0
2024-03-07,0.0
2024-03-08,0.0
2024-03-11,0.0
2024-03-12,0.0
2024-03-13,0.0
2024-03-14,0.0
2024-03-15,0.0
2024-03-18,0.0
2024-03-19,0.0
2024-03-20,1.7985612998927536e-14
2024-03-21,0.06906177870416563
2024-03-22,0.15896323757650044
2024-03-25,0.1849674745093619
2024-03-26,0.32575843256390735
2024-03-27,0.45630615694696885
2024-03-28,0.5766375519540565
2024-04-01,0.6335401029758669
2024-04-02,0.776966631413619
2024-04-03,0.6952166506413999
2024-04-04,0.5231330026515377
2024-04-05,0.6888279287813
2024-04-08,0.8713852801935129
2024-04-09,0.9495531622567839
2024-04-10,0.9851009720985338
2024-04-11,0.9997358377175565
2024-04-12,0.0
2024-04-15,0.0
2024-04-16,0.0
2024-04-17,0.0
2024-04-18,0.0
2024-04-19,0.0
2024-04-22,0.0
2024-04-23,0.0
2024-04-24,0.0
2024-04-25,0.0
2024-04-26,0.0
2024-04-29,0.0
2024-04-30,-0.026060481839718985
2024-05-01,0.014401816558226255
2024-05-02,-0.013065547854539394
2024-05-03,-0.11656364078705339
2024-05-06,-0.04253824418231389
2024-05-07,-0.7273153789602571
2024-05-08,-0.9138342368136987
2024-05-09,-0.9839740969842798
2024-05-10,-0.9955653945117835
2024-05-13,0.0
2024-05-14,0.0
2024-05-15,0.0
2024-05-16,0.0
2024-05-17,0.0
2024-05-20,0.0
2024-05-21,0.0
2024-05-22,0.0
2024-05-23,0.0
2024-05-24,0.0
2024-05-28,0.0
2024-05-29,7.993605777301127e-15
2024-05-30,-0.3494545479361859
2024-05-31,-0.929722994673482
2024-06-03,-0.9985290947090737
2024-06-04,0.0
2024-06-05,0.0
2024-06-06,0.0
2024-06-07,0.0
2024-06-10,0.0
2024-06-11,0.0
2024-06-12,0.0
2024-06-13,0.0
2024-06-14,0.0
2024-06-17,0.0
2024-06-18,0.0
2024-06-20,3.3306690738754696e-15
2024-06-21,0.1776386331789901
2024-06-24,0.3794316229257082
2024-06-25,0.5701344562204431
2024-06-26,0.8141857756142572
2024-06-27,0.9683769474686943
2024-06-28,0.9973346926986055
2024-07-01,0.0
2024-07-02,0.0
2024-07-03,0.0
2024-07-05,0.0
2024-07-08,0.0
2024-07-09,0.0
2024-07-10,0.0
2024-07-11,0.0
2024-07-12,0.0
2024-07-15,0.0
2024-07-16,0.0
2024-07-17,-2.6645352591003757e-15
2024-07-18,-0.5775964608604198
2024-07-19,-0.8740960909097661
2024-07-22,-0.9598432290214534
2024-07-23,-0.9837478756173705
2024-07-24,-0.9982799396545787
2024-07-25,0.0
2024-07-26,0.0
2024-07-29,0.0
2024-07-30,0.0
2024-07-31,0.0
2024-08-01,0.0
2024-08-02,0.0
2024-08-05,0.0
2024-08-06,0.0
2024-08-07,0.0
2024-08-08,0.0
2024-08-09,-6.661338147750939e-16
2024-08-12,-0.02439034674513052
2024-08-13,0.04318301161015259
2024-08-14,0.09726933077848887
2024-08-15,0.228447784843836
2024-08-16,0.3004093390444902
2024-08-19,0.43598224115978246
2024-08-20,0.5218285407355248
2024-08-21,0.6347985393924329
2024-08-22,0.6846991515503968
2024-08-23,0.7557787451864673
2024-08-26,0.8059664246146288
2024-08-27,0.8384052727067135
2024-08-28,0.8377796153011121
2024-08-29,0.8563312545530719
2024-08-30,0.882362454001731
2024-09-03,0.8640745532535685
2024-09-04,0.8131503713725694
2024-09-05,0.7719106301695637
2024-09-06,0.6804375254201078
2024-09-09,0.5816353411292303
2024-09-10,0.4798307347316615
2024-09-11,0.40248517692502084
2024-09-12,0.3254269091652371
2024-09-13,0.23819202872718415
2024-09-16,0.20277662939801666
2024-09-17,0.18075311424744145
2024-09-18,0.18903451490916012
2024-09-19,0.2513689645862338
2024-09-20,0.2938487918340842
2024-09-23,0.36552250305905654
2024-09-24,0.4537642044566146
2024-09-25,0.5104386334968591
2024-09-26,0.5317656107442044
2024-09-27,0.5520004198869088
2024-09-30,0.5852358768807995
2024-10-01,0.5998631188556072
2024-10-02,0.6466090751721376
2024-10-03,0.705590778000319
2024-10-04,0.8081082299334619
2024-10-07,0.8784791702177468
2024-10-08,0.9316331634015871
2024-10-09,0.9667697604315568
2024-10-10,0.9894666774839611
2024-10-11,0.9970380276850523
2024-10-14,0.0
2024-10-15,0.0
2024-10-16,0.0
2024-10-17,0.0
2024-10-18,0.0
2024-10-21,0.0
2024-10-22,0.0
2024-10-23,0.0
2024-10-24,0.0
2024-10-25,0.0
2024-10-28,0.0
2024-10-29,-3.1086244689504383e-15
2024-10-30,0.20672587190661407
2024-10-31,0.12850682278609304
2024-11-01,-0.15634704680938083
2024-11-04,-0.20644582496018016
2024-11-05,-0.29673912701856775
2024-11-06,-0.10053074987394894
2024-11-07,0.21314655263000404
2024-11-08,0.06620474480587646
2024-11-11,-0.24377331901177324
2024-11-12,-0.43814797941542505
2024-11-13,-0.26747336066334926
2024-11-14,0.13775238969309478
2024-11-15,0.12985572385653654
2024-11-18,0.11353721768367753
2024-11-19,0.5757603093364392
2024-11-20,0.8934396167553222
2024-11-21,0.9982990309761528
2024-11-22,0.0
2024-11-25,0.0
2024-11-26,0.0
2024-11-27,0.0
2024-11-29,0.0
2024-12-02,0.0
2024-12-03,0.0
2024-12-04,0.0
2024-12-05,0.0
2024-12-06,0.0
2024-12-09,0.0
2024-12-10,4.6629367034256575e-15
2024-12-11,-0.048140837147859106
2024-12-12,-0.0831920401964652
2024-12-13,-0.24779039929626068
2024-12-16,-0.3030930533316858
2024-12-17,-0.31972929111596393
2024-12-18,-0.5256076581343299
2024-12-19,-0.7441761722644691
2024-12-20,-0.8489171461088343
2024-12-23,-0.9279955305788512
2024-12-24,-0.965216144446289
2024-12-26,-0.9853546335091503
2024-12-27,-0.9951273443258826
2024-12-30,0.0
2024-12-31,0.0
2025-01-02,0.0
2025-01-03,0.0
2025-01-06,0.0
2025-01-07,0.0
2025-01-08,0.0
2025-01-10,0.0
2025-01-13,0.0
2025-01-14,0.0
2025-01-15,0.0
2025-01-16,9.325873406851315e-15
2025-01-17,-0.2544520843705018
2025-01-21,-0.46830561034155505
2025-01-22,-0.5454795219654178
2025-01-23,-0.6080791787223228
2025-01-24,-0.626681235089743
2025-01-27,-0.5905328695292833
2025-01-28,0.02611396531069987
2025-01-29,0.2767813749740493
2025-01-30,0.32406741054690946
2025-01-31,0.3735609150060204
2025-02-03,0.4419628822301671
2025-02-04,0.6187595093179437
2025-02-05,0.7216731112415471
2025-02-06,0.8011395297337327
2025-02-07,0.8156167923282986
2025-02-10,0.9048524539843483
2025-02-11,0.9409159147484083
2025-02-12,0.9769928087110384
2025-02-13,0.9378726438707496
2025-02-14,0.7552321459165756
2025-02-18,0.35391937572921695
2025-02-19,-0.26048732616709414
2025-02-20,-0.7918633782516644
2025-02-21,-0.9892729491308947
2025-02-24,-0.9999165266578816
2025-02-25,0.0
2025-02-26,0.0
2025-02-27,0.0
2025-02-28,0.0
2025-03-03,0.0
2025-03-04,0.0
2025-03-05,0.0
2025-03-06,0.0
2025-03-07,0.0
2025-03-10,0.0
2025-03-11,0.0
2025-03-12,0.0
2025-03-13,-0.4463101922193844
2025-03-14,-0.6796557044100338
2025-03-17,-0.7957577075873197
2025-03-18,-0.8847331206880387
2025-03-19,-0.9279661701648647
2025-03-20,-0.9609959517886091
2025-03-21,-0.9749761004820707
2025-03-24,-0.9726759374819016
2025-03-25,-0.9692160047478304
2025-03-26,-0.9732235440716068
2025-03-27,-0.9828528106793093
2025-03-28,-0.9926764789630957
2025-03-31,0.0
2025-04-01,0.0
2025-04-02,0.0
2025-04-03,0.0
2025-04-04,0.0
2025-04-07,0.0
2025-04-08,0.0
2025-04-09,0.0
2025-04-10,0.0
2025-04-11,0.0
2025-04-14,0.0
2025-04-15,-3.9968028886505635e-15
2025-04-16,-0.08802939087474848
2025-04-17,-0.19757520805347228
2025-04-21,-0.3803857099881063
2025-04-22,-0.4535710583051955
2025-04-23,-0.41888935454031406
2025-04-24,-0.21196973001942032
2025-04-25,0.06851747058121638
2025-04-28,0.33458195972016025
2025-04-29,0.5686950520284668
2025-04-30,0.7368873612541504
2025-05-01,0.8924272412651151
2025-05-02,0.9572057441481368
2025-05-05,0.9858674990469654
2025-05-06,0.9960261132304327
2025-05-07,0.0
2025-05-08,0.0
2025-05-09,0.0
2025-05-12,0.0
2025-05-13,0.0
2025-05-14,0.0
2025-05-15,0.0
2025-05-16,0.0
2025-05-19,0.0
2025-05-20,0.0
2025-05-21,0.0
2025-05-22,1.5543122344752192e-15
2025-05-23,0.015891332120156365
2025-05-27,0.1865570445644873
2025-05-28,0.27995036108169513
2025-05-29,0.3930865232061638
2025-05-30,0.5234421623221548
2025-06-02,0.6269404337091591
2025-06-03,0.7331532099622413
2025-06-04,0.8306164980875139
2025-06-05,0.9166045280667485
2025-06-06,0.9636835204977445
2025-06-09,0.9832326133291915
2025-06-10,0.9911557264048694
2025-06-11,0.0
2025-06-12,0.0
2025-06-13,0.0
2025-06-16,0.0
2025-06-17,0.0
2025-06-18,0.0
2025-06-20,0.0
2025-06-23,0.0
2025-06-24,0.0
2025-06-25,0.0
2025-06-26,0.0
2025-06-27,-2.886579864025407e-15
2025-06-30,0.3484728465836362
2025-07-01,0.5509591967508096
2025-07-02,0.7655812914259115
2025-07-03,0.9922495639538595
2025-07-07,0.0
2025-07-08,0.0
2025-07-09,0.0
2025-07-10,0.0
2025-07-11,0.0
2025-07-14,0.0
2025-07-15,0.0
2025-07-16,0.0
2025-07-17,0.0
2025-07-18,0.0
2025-07-21,0.0
2025-07-22,5.995204332975845e-15
2025-07-23,0.06346681770456097
2025-07-24,0.24398153555107305
2025-07-25,0.5290115280716958
2025-07-28,0.7534432671944211
2025-07-29,0.8772417773577481
2025-07-30,0.9330263854942322
2025-07-31,0.8983470652563439
2025-08-01,0.7805322416984521
2025-08-04,0.690728309112667
2025-08-05,0.3917921931789039
2025-08-06,0.17712263497933511
2025-08-07,-0.06356754776724038
2025-08-08,-0.4663419537672753
2025-08-11,-0.7842165118321962
2025-08-12,-0.9319496338542335
2025-08-13,-0.9836788716742797
2025-08-14,-0.9982987409169559
2025-08-15,0.0
2025-08-18,0.0
2025-08-19,0.0
2025-08-20,0.0
2025-08-21,0.0
2025-08-22,0.0
2025-08-25,0.0
2025-08-26,0.0
2025-08-27,0.0
2025-08-28,0.0
2025-08-29,0.0
2025-09-02,6.8833827526759706e-15
2025-09-03,0.07787219702175774
2025-09-04,0.10957978881048058
2025-09-05,0.3340100909264523
2025-09-08,0.5332745568544732
2025-09-09,0.7820197408976628
2025-09-10,0.8981207022660309
2025-09-11,0.9566316014688743
2025-09-12,0.975503083819278
2025-09-15,0.9900312012638823
2025-09-16,0.0
2025-09-17,0.0
2025-09-18,0.0
2025-09-19,0.0
2025-09-22,0.0
2025-09-23,0.0
2025-09-24,0.0
2025-09-25,0.0
2025-09-26,0.0
2025-09-29,0.0
2025-09-30,0.0
2025-10-01,0.0
2025-10-02,0.483185304251496
2025-10-03,0.7931248012812206
2025-10-06,0.9651591744890151
2025-10-07,0.9943816625547308
2025-10-08,0.0
2025-10-09,0.0
2025-10-10,0.0
2025-10-13,0.0
2025-10-14,0.0
2025-10-15,0.0
2025-10-16,0.0
2025-10-17,0.0
2025-10-20,0.0
2025-10-21,0.0
2025-10-22,0.0
2025-10-23,0.0
2025-10-24,-0.0896058672966138
2025-10-27,-0.1177885857800145
2025-10-28,-0.15986607437198064
2025-10-29,-0.253331515508997
2025-10-30,-0.2955076879814358
2025-10-31,-0.10347730026010749
2025-11-03,0.05431331218660573
2025-11-04,0.022072966974038266
2025-11-05,-0.10679872040258154
2025-11-06,0.8443856492618478
2025-11-07,0.9965598426807833
2025-11-10,0.0
2025-11-11,0.0
2025-11-12,0.0
2025-11-13,0.0
2025-11-14,0.0
2025-11-17,0.0
2025-11-18,0.0
2025-11-19,0.0
2025-11-20,0.0
2025-11-21,0.0
2025-11-24,0.0
2025-11-25,3.774758283725532e-15
2025-11-26,-0.26376795363872985
2025-11-28,-0.46570825684672856
2025-12-01,-0.6436277448356318
2025-12-02,-0.7803898864824963
2025-12-03,-0.8728987515594513
2025-12-04,-0.9358175037085132
2025-12-05,-0.9709996582571658
2025-12-08,-0.9860721695294699
2025-12-09,-0.9939828099693764
2025-12-10,0.0
2025-12-11,0.0
2025-12-12,0.0
2025-12-15,0.0
2025-12-16,0.0
2025-12-17,0.0
2025-12-18,0.0
2025-12-19,0.0
2025-12-22,0.0
2025-12-23,0.0
2025-12-24,0.0
2025-12-26,-5.551115123125783e-15
2025-12-29,-0.19014032874424358
2025-12-30,-0.37584567012088743
2025-12-31,-0.5791224557922188
2026-01-02,-0.7771212619338979
2026-01-05,-0.8938396118148968
2026-01-06,-0.9307739791244845
2026-01-07,-0.9274641458044872
2026-01-08,-0.9780380753404252
2026-01-09,-0.997348190236981
2026-01-12,0.0
2026-01-13,0.0
2026-01-14,0.0
2026-01-15,0.0
2026-01-16,0.0
2026-01-20,0.0
2026-01-21,0.0
2026-01-22,0.0
2026-01-23,0.0
2026-01-26,0.0
2026-01-27,0.0
2026-01-28,-1.7763568394002505e-15
2026-01-29,0.015558288776551077
2026-01-30,0.0612414257831142
2026-02-02,0.096559029988315
2026-02-03,-0.11081459518247261
2026-02-04,-0.38834546495584665
2026-02-05,-0.7407230154499422
2026-02-06,-0.8833985187935864
2026-02-09,-0.9453812034630416
2026-02-10,-0.9309896567371123
2026-02-11,-0.9257222518456372
2026-02-12,-0.9259116118188533
2026-02-13,-0.9300858277413122
2026-02-17,-0.9434241169968949
2026-02-18,-0.9563505080204724
2026-02-19,-0.9687683985655497
2026-02-20,-0.9839065754550698
2026-02-23,-0.9969573696592471
2026-02-24,0.0
2026-02-25,0.0
2026-02-26,0.0
2026-02-27,0.0
2026-03-02,0.0
2026-03-03,0.0
2026-03-04,0.0
2026-03-05,0.0
2026-03-06,0.0
2026-03-09,0.0
2026-03-10,0.0
2026-03-11,0.0
2026-03-12,0.26440304818837745
2026-03-13,0.42493841955077793
2026-03-16,0.5971267181848519
2026-03-17,0.7575877440912357
2026-03-18,0.8804105303392635
2026-03-19,0.9403528611028524
2026-03-20,0.9597801890083495
2026-03-23,0.9802448335382257
2026-03-24,0.9841537066551698
2026-03-25,0.9879636549084267
2026-03-26,0.9915495962162444
2026-03-27,0.0
2026-03-30,0.0
2026-03-31,0.0
2026-04-01,0.0
2026-04-02,0.0
2026-04-06,0.0
2026-04-07,0.0
2026-04-08,0.0
2026-04-09,0.0
2026-04-10,0.0
2026-04-13,0.0
2026-04-14,6.661338147750939e-16
2026-04-15,0.3192642974304749
2026-04-16,0.6501498213739483
2026-04-17,0.8908264747560186
2026-04-20,0.9836043864090633
2026-04-21,0.9982392507799667
2026-04-22,0.0
2026-04-23,0.0
2026-04-24,0.0
2026-04-27,0.0
2026-04-28,0.0
2026-04-29,0.0
2026-04-30,0.0
2026-05-01,0.0
2026-05-04,0.0
2026-05-05,0.0
2026-05-06,0.0
2026-05-07,-4.440892098500626e-16
2026-05-08,0.6836332713952298
2026-05-11,0.9506933201557461
2026-05-12,0.9953247841796673
2026-05-13,0.0
2026-05-14,0.0
2026-05-15,0.0
2026-05-18,0.0
2026-05-19,0.0
2026-05-20,0.0
2026-05-21,0.0
2026-05-22,0.0
2026-05-26,0.0
2026-05-27,0.0
2026-05-28,0.0
2026-05-29,-4.440892098500626e-16
2026-06-01,0.8327050454684195
2026-06-02,0.9867059223710364
2026-06-03,0.9980304552042212
2026-06-04,0.0
2026-06-05,0.0
2026-06-08,0.0
2026-06-09,0.0
2026-06-10,0.0
2026-06-11,0.0
2026-06-12,0.0
2026-06-15,0.0
2026-06-16,0.0
2026-06-17,0.0
2026-06-18,0.0
2026-06-22,9.992007221626409e-15
2026-06-23,-0.3542235839005814
2026-06-24,-0.5711924399187482
2026-06-25,-0.7604236109418898
2026-06-26,-0.5383668770605947
2026-06-29,0.031552175467718824
2026-06-30,0.7864456405438791
2026-07-01,0.9890655902315533
2026-07-02,0.9997098121394683
2026-07-06,0.0
2026-07-07,0.0
2026-07-08,0.0
2026-07-09,0.0
2026-07-10,0.0
2026-07-13,0.0
2026-07-14,0.0
2026-07-15,0.0
2026-07-16,0.0
2026-07-17,0.0
2026-07-20,0.0
2026-07-21,-1.2878587085651816e-14
2026-07-22,-0.601165869439171
2026-07-23,-0.9106441692340685
2026-07-24,-0.9822655296443299
2026-07-27,-0.9941470638443417
