2024-03-20,0.0
2024-03-21,0.0
2024-03-22,0.0
2024-03-25,0.0
2024-03-26,0.0
2024-03-27,0.0
2024-03-28,0.0
2024-04-01,0.0
2024-04-02,0.0
2024-04-03,0.0
2024-04-04,0.0
2024-04-05,-1.5543122344752192e-15
2024-04-08,-0.08769696521088455
2024-04-09,-0.21395141740523171
2024-04-10,-0.24609185007239276
2024-04-11,-0.158733352774024
2024-04-12,-0.15321742931464932
2024-04-15,-0.1857150242601946
2024-04-16,-0.13416461086352416
2024-04-17,-0.1179349916994652
2024-04-18,-0.15871512121604714
2024-04-19,-0.3441997452197132
2024-04-22,-0.4789753614010419
2024-04-23,-0.4886984690993399
2024-04-24,-0.5113038668537779
2024-04-25,-0.5223077284377733
2024-04-26,-0.28003203925826714
2024-04-29,-0.0007900300270533567
2024-04-30,0.2502979795602722
2024-05-01,0.2880633523182543
2024-05-02,0.40144956503851636
2024-05-03,0.46856426909286686
2024-05-06,0.5472525732469893
2024-05-07,0.5907749948559444
2024-05-08,0.5348068098599223
2024-05-09,0.48898565255479776
2024-05-10,0.4426572138733367
2024-05-13,0.39866671033371337
2024-05-14,0.38789218459150177
2024-05-15,0.4563747680949781
2024-05-16,0.4558840947115792
2024-05-17,0.448119594234065
2024-05-20,0.44068840654635455
2024-05-21,0.44547627708218185
2024-05-22,0.44734151094165586
2024-05-23,0.4052070195632902
2024-05-24,0.3909529234010167
2024-05-28,0.33100019578603135
2024-05-29,0.24799092900741404
2024-05-30,0.13194718492677238
2024-05-31,0.0009979443077894334
2024-06-03,-0.14179372213513064
2024-06-04,-0.31265117774375795
2024-06-05,-0.4532659164647055
2024-06-06,-0.5668609134529248
2024-06-07,-0.6740139660727666
2024-06-10,-0.7230129212450431
2024-06-11,-0.7774244658356211
2024-06-12,-0.8263420906556616
2024-06-13,-0.873000185931613
2024-06-14,-0.9058867161716047
2024-06-17,-0.9285206144491955
2024-06-18,-0.9409432731478315
2024-06-20,-0.9589808974251512
2024-06-21,-0.9768022785241464
2024-06-24,-0.9874128489920004
2024-06-25,-0.9937894580435942
2024-06-26,0.0
2024-06-27,0.0
2024-06-28,0.0
2024-07-01,0.0
2024-07-02,0.0
2024-07-03,0.0
2024-07-05,0.0
2024-07-08,0.0
2024-07-09,0.0
2024-07-10,0.0
2024-07-11,0.0
2024-07-12,-5.10702591327572e-15
2024-07-15,0.005901336812652591
2024-07-16,-0.0277759489313798
2024-07-17,-0.38638051956453445
2024-07-18,-0.7087398236363689
2024-07-19,-0.9297170019121497
2024-07-22,-0.9817221287179956
2024-07-23,-0.9965438250026795
2024-07-24,0.0
2024-07-25,0.0
2024-07-26,0.0
2024-07-29,0.0
2024-07-30,0.0
2024-07-31,0.0
2024-08-01,0.0
2024-08-02,0.0
2024-08-05,0.0
2024-08-06,0.0
2024-08-07,0.0
2024-08-08,-1.5543122344752192e-15
2024-08-09,-0.16360034915595412
2024-08-12,-0.3796054226255938
2024-08-13,-0.523145784412816
2024-08-14,-0.6984245838356045
2024-08-15,-0.6845882906489906
2024-08-16,-0.750324501337615
2024-08-19,-0.7989283938838954
2024-08-20,-0.8748140142949503
2024-08-21,-0.9062066941520843
2024-08-22,-0.938507871555156
2024-08-23,-0.9462385451214006
2024-08-26,-0.9436711857745963
2024-08-27,-0.9256286233481192
2024-08-28,-0.917744238264619
2024-08-29,-0.8427708796345112
2024-08-30,-0.8397693551301832
2024-09-03,-0.8950403992504328
2024-09-04,-0.9082068093079658
2024-09-05,-0.9197252268471683
2024-09-06,-0.942933992379936
2024-09-09,-0.9690769126017464
2024-09-10,-0.983238404363922
2024-09-11,-0.9848194610114467
2024-09-12,-0.9874054131602343
2024-09-13,-0.9858973224042866
2024-09-16,-0.9833904954848813
2024-09-17,-0.9732914072156567
2024-09-18,-0.9582294773674234
2024-09-19,-0.9323535372046754
2024-09-20,-0.8566064652285907
2024-09-23,-0.7282394716823952
2024-09-24,-0.5293505565368228
2024-09-25,-0.24315612244521034
2024-09-26,0.16917353080350694
2024-09-27,0.49734650389501023
2024-09-30,0.7140873266529113
2024-10-01,0.8325656586505694
2024-10-02,0.9073458839111095
2024-10-03,0.9425563116151443
2024-10-04,0.9766348041538551
2024-10-07,0.991635924574747
2024-10-08,0.0
2024-10-09,0.0
2024-10-10,0.0
2024-10-11,0.0
2024-10-14,0.0
2024-10-15,0.0
2024-10-16,0.0
2024-10-17,0.0
2024-10-18,0.0
2024-10-21,0.0
2024-10-22,0.0
2024-10-23,-3.1086244689504383e-15
2024-10-24,0.28767471834251923
2024-10-25,0.6104418638710645
2024-10-28,0.8169507232654656
2024-10-29,0.9348725661679904
2024-10-30,0.9782830473054582
2024-10-31,0.9887929338880117
2024-11-01,0.996280495018302
2024-11-04,0.0
2024-11-05,0.0
2024-11-06,0.0
2024-11-07,0.0
2024-11-08,0.0
2024-11-11,0.0
2024-11-12,0.0
2024-11-13,0.0
2024-11-14,0.0
2024-11-15,0.0
2024-11-18,0.0
2024-11-19,8.881784197001252e-16
2024-11-20,0.1854889380981708
2024-11-21,0.5054272884199538
2024-11-22,0.701712887848084
2024-11-25,0.8758009967271503
2024-11-26,0.9486707249105455
2024-11-27,0.969184753455375
2024-11-29,0.9864275717922943
2024-12-02,0.9943454789573327
2024-12-03,0.0
2024-12-04,0.0
2024-12-05,0.0
2024-12-06,0.0
2024-12-09,0.0
2024-12-10,0.0
2024-12-11,0.0
2024-12-12,0.0
2024-12-13,0.0
2024-12-16,0.0
2024-12-17,0.0
2024-12-18,1.7763568394002505e-15
2024-12-19,0.12316983960721384
2024-12-20,0.46602969552854234
2024-12-23,0.7743174757343194
2024-12-24,0.9575432450034109
2024-12-26,0.9970991514061462
2024-12-27,0.0
2024-12-30,0.0
2024-12-31,0.0
2025-01-02,0.0
2025-01-03,0.0
2025-01-06,0.0
2025-01-07,0.0
2025-01-08,0.0
2025-01-10,0.0
2025-01-13,0.0
2025-01-14,0.0
2025-01-15,4.218847493575595e-15
2025-01-16,-0.257498925564156
2025-01-17,-0.2843200230253409
2025-01-21,-0.5910082672656376
2025-01-22,-0.8152287570802192
2025-01-23,-0.9219955147948236
2025-01-24,-0.9887358016324952
2025-01-27,-0.9999967013450326
2025-01-28,0.0
2025-01-29,0.0
2025-01-30,0.0
2025-01-31,0.0
2025-02-03,0.0
2025-02-04,0.0
2025-02-05,0.0
2025-02-06,0.0
2025-02-07,0.0
2025-02-10,0.0
2025-02-11,0.0
2025-02-12,3.9968028886505635e-15
2025-02-13,-0.3212069875639463
2025-02-14,-0.5833443944895991
2025-02-18,-0.6659897630403244
2025-02-19,-0.7858113446127102
2025-02-20,-0.8807935003301455
2025-02-21,-0.949623212950863
2025-02-24,-0.9824136965610168
2025-02-25,-0.9974016457867503
2025-02-26,0.0
2025-02-27,0.0
2025-02-28,0.0
2025-03-03,0.0
2025-03-04,0.0
2025-03-05,0.0
2025-03-06,0.0
2025-03-07,0.0
2025-03-10,0.0
2025-03-11,0.0
2025-03-12,0.0
2025-03-13,-2.220446049250313e-15
2025-03-14,0.1088305718053646
2025-03-17,0.20343739937393668
2025-03-18,0.1836625436124173
2025-03-19,0.1652534803987058
2025-03-20,0.15061469627509694
2025-03-21,0.2033047599532325
2025-03-24,0.33006098882754564
2025-03-25,0.4012023974694483
2025-03-26,0.3309136351163906
2025-03-27,0.14518302978746322
2025-03-28,-0.0968020237809546
2025-03-31,-0.34856173871868257
2025-04-01,-0.5092953327208676
2025-04-02,-0.603933430149092
2025-04-03,-0.7983287227138183
2025-04-04,-0.9245440210192009
2025-04-07,-0.9715894829748439
2025-04-08,-0.9916356312615169
2025-04-09,0.0
2025-04-10,0.0
2025-04-11,0.0
2025-04-14,0.0
2025-04-15,0.0
2025-04-16,0.0
2025-04-17,0.0
2025-04-21,0.0
2025-04-22,0.0
2025-04-23,0.0
2025-04-24,0.0
2025-04-25,-1.7763568394002505e-15
2025-04-28,0.36576345391490284
2025-04-29,0.6233108216725964
2025-04-30,0.7850280195532489
2025-05-01,0.9363101917130539
2025-05-02,0.9899930621895885
2025-05-05,0.9990906445913366
2025-05-06,0.0
2025-05-07,0.0
2025-05-08,0.0
2025-05-09,0.0
2025-05-12,0.0
2025-05-13,0.0
2025-05-14,0.0
2025-05-15,0.0
2025-05-16,0.0
2025-05-19,0.0
2025-05-20,0.0
2025-05-21,4.440892098500626e-16
2025-05-22,0.2390134078862738
2025-05-23,0.44818212611658903
2025-05-27,0.6548794439790249
2025-05-28,0.7864464070672739
2025-05-29,0.8740694337067758
2025-05-30,0.9028721189648075
2025-06-02,0.9333074379620518
2025-06-03,0.9597059694492278
2025-06-04,0.9762582471822476
2025-06-05,0.9819401855446273
2025-06-06,0.9862973194420777
2025-06-09,0.9905682417879169
2025-06-10,0.0
2025-06-11,0.0
2025-06-12,0.0
2025-06-13,0.0
2025-06-16,0.0
2025-06-17,0.0
2025-06-18,0.0
2025-06-20,0.0
2025-06-23,0.0
2025-06-24,0.0
2025-06-25,0.0
2025-06-26,3.1086244689504383e-15
2025-06-27,-0.08792180756900914
2025-06-30,-0.19911323087992838
2025-07-01,-0.380211449611612
2025-07-02,-0.5348588624715322
2025-07-03,-0.5867945138634751
2025-07-07,-0.6680135755480232
2025-07-08,-0.6646698293805922
2025-07-09,-0.4124666222471598
2025-07-10,-0.23165310610512524
2025-07-11,-0.0931611463685782
2025-07-14,-0.18449311038227112
2025-07-15,-0.191590283787463
2025-07-16,-0.21437459990987007
2025-07-17,-0.008681589963466019
2025-07-18,0.3386236262465847
2025-07-21,0.926255265572052
2025-07-22,0.9958212456810005
2025-07-23,0.0
2025-07-24,0.0
2025-07-25,0.0
2025-07-28,0.0
2025-07-29,0.0
2025-07-30,0.0
2025-07-31,0.0
2025-08-01,0.0
2025-08-04,0.0
2025-08-05,0.0
2025-08-06,0.0
2025-08-07,-1.5543122344752192e-15
2025-08-08,0.4857607644783024
2025-08-11,0.7920361032126653
2025-08-12,0.9543437389080147
2025-08-13,0.9933555873099149
2025-08-14,0.0
2025-08-15,0.0
2025-08-18,0.0
2025-08-19,0.0
2025-08-20,0.0
2025-08-21,0.0
2025-08-22,0.0
2025-08-25,0.0
2025-08-26,0.0
2025-08-27,0.0
2025-08-28,0.0
2025-08-29,3.9968028886505635e-15
2025-09-02,-0.21361169106153977
2025-09-03,-0.32835725754977285
2025-09-04,-0.0891020832364684
2025-09-05,0.2404178313290828
2025-09-08,0.8983800630428531
2025-09-09,0.9954084772948031
2025-09-10,0.0
2025-09-11,0.0
2025-09-12,0.0
2025-09-15,0.0
2025-09-16,0.0
2025-09-17,0.0
2025-09-18,0.0
2025-09-19,0.0
2025-09-22,0.0
2025-09-23,0.0
2025-09-24,0.0
2025-09-25,1.9984014443252818e-15
2025-09-26,-0.4572120095863974
2025-09-29,-0.752068656840265
2025-09-30,-0.9137797043699563
2025-10-01,-0.9763363617809684
2025-10-02,-0.9890017345940938
2025-10-03,-0.9967541007397556
2025-10-06,0.0
2025-10-07,0.0
2025-10-08,0.0
2025-10-09,0.0
2025-10-10,0.0
2025-10-13,0.0
2025-10-14,0.0
2025-10-15,0.0
2025-10-16,0.0
2025-10-17,0.0
2025-10-20,0.0
2025-10-21,-4.440892098500626e-16
2025-10-22,-0.24163092543814524
2025-10-23,-0.39116761865097205
2025-10-24,-0.5101434134638962
2025-10-27,-0.5836024510758506
2025-10-28,-0.6554432103417343
2025-10-29,-0.6956835937637633
2025-10-30,-0.7448049152440366
2025-10-31,-0.7335352850035544
2025-11-03,-0.7062183408227454
2025-11-04,-0.7207967027565019
2025-11-05,-0.7262796846390276
2025-11-06,-0.7856318555041764
2025-11-07,-0.8277159978984485
2025-11-10,-0.8467044033690403
2025-11-11,-0.8740692201507967
2025-11-12,-0.9095815458937158
2025-11-13,-0.9471656346317137
2025-11-14,-0.9701815378779617
2025-11-17,-0.9844734383432829
2025-11-18,-0.9924465187935445
2025-11-19,0.0
2025-11-20,0.0
2025-11-21,0.0
2025-11-24,0.0
2025-11-25,0.0
2025-11-26,0.0
2025-11-28,0.0
2025-12-01,0.0
2025-12-02,0.0
2025-12-03,0.0
2025-12-04,0.0
2025-12-05,0.0
2025-12-08,0.603075861534125
2025-12-09,0.8250225224653669
2025-12-10,0.9193519921328839
2025-12-11,0.9833426810319963
2025-12-12,0.9776926663021561
2025-12-15,0.958465987729983
2025-12-16,0.9344023536553905
2025-12-17,0.8740043811883162
2025-12-18,0.8330343078574298
2025-12-19,0.9132645512361253
2025-12-22,0.9745469158115367
2025-12-23,0.9917710873240029
2025-12-24,0.0
2025-12-26,0.0
2025-12-29,0.0
2025-12-30,0.0
2025-12-31,0.0
2026-01-02,0.0
2026-01-05,0.0
2026-01-06,0.0
2026-01-07,0.0
2026-01-08,0.0
2026-01-09,0.0
2026-01-12,0.0
2026-01-13,0.46164403882846616
2026-01-14,0.5785042789876704
2026-01-15,0.7205609357577727
2026-01-16,0.9036821046159269
2026-01-20,0.9775533727161241
2026-01-21,0.9895044518992977
2026-01-22,0.995429012665205
2026-01-23,0.0
2026-01-26,0.0
2026-01-27,0.0
2026-01-28,0.0
2026-01-29,0.0
2026-01-30,0.0
2026-02-02,0.0
2026-02-03,0.0
2026-02-04,0.0
2026-02-05,0.0
2026-02-06,0.0
2026-02-09,0.0
2026-02-10,0.35600074613987465
2026-02-11,0.05732066883603082
2026-02-12,-0.47610483458897845
2026-02-13,-0.7879281071741264
2026-02-17,-0.9463204484485588
2026-02-18,-0.9862970581476633
2026-02-19,-0.9964863485845261
2026-02-20,0.0
2026-02-23,0.0
2026-02-24,0.0
2026-02-25,0.0
2026-02-26,0.0
2026-02-27,0.0
2026-03-02,0.0
2026-03-03,0.0
2026-03-04,0.0
2026-03-05,0.0
2026-03-06,0.0
2026-03-09,0.0
2026-03-10,-0.19351695526219093
2026-03-11,-0.09395394961034831
2026-03-12,-0.15846084645589098
2026-03-13,-0.20532808973864514
2026-03-16,-0.02969089784623402
2026-03-17,0.14004836431791712
2026-03-18,0.2610481591151248
2026-03-19,0.36574538954216385
2026-03-20,0.20211636519845966
2026-03-23,0.2476355876784373
2026-03-24,0.23708177930505947
2026-03-25,0.19084743462993803
2026-03-26,-0.02598273477581059
2026-03-27,-0.25992389689571693
2026-03-30,-0.6815858604160878
2026-03-31,-0.8248893716862331
2026-04-01,-0.9281089004880505
2026-04-02,-0.9440486734937443
2026-04-06,-0.9539907613023968
2026-04-07,-0.9594980022536592
2026-04-08,-0.9450689530784033
2026-04-09,-0.9078396580865575
2026-04-10,-0.6439559928089236
2026-04-13,0.23025954281460326
2026-04-14,0.884928290012797
2026-04-15,0.9958148625073684
2026-04-16,0.0
2026-04-17,0.0
2026-04-20,0.0
2026-04-21,0.0
2026-04-22,0.0
2026-04-23,0.0
2026-04-24,0.0
2026-04-27,0.0
2026-04-28,0.0
2026-04-29,0.0
2026-04-30,0.0
2026-05-01,4.440892098500626e-16
2026-05-04,0.18026913652890952
2026-05-05,0.5448141819519607
2026-05-06,0.7675860325636241
2026-05-07,0.7887288420654461
2026-05-08,0.8335850055056762
2026-05-11,0.9016880779588354
2026-05-12,0.9364710513561474
2026-05-13,0.9835726405779601
2026-05-14,0.9972747975285041
2026-05-15,0.0
2026-05-18,0.0
2026-05-19,0.0
2026-05-20,0.0
2026-05-21,0.0
2026-05-22,0.0
2026-05-26,0.0
2026-05-27,0.0
2026-05-28,0.0
2026-05-29,0.0
2026-06-01,0.0
2026-06-02,2.220446049250313e-16
2026-06-03,0.29685419729481977
2026-06-04,0.5178455453989343
2026-06-05,0.5618963051844088
2026-06-08,0.6834855212831312
2026-06-09,0.7663238043016083
2026-06-10,0.8116269447708493
2026-06-11,0.8936784997376952
2026-06-12,0.942392363811831
2026-06-15,0.9769916689496749
2026-06-16,0.9877744525627086
2026-06-17,0.9946801330052915
2026-06-18,0.0
2026-06-22,0.0
2026-06-23,0.0
2026-06-24,0.0
2026-06-25,0.0
2026-06-26,0.0
2026-06-29,0.0
2026-06-30,0.0
2026-07-01,0.0
2026-07-02,0.0
2026-07-06,0.0
2026-07-07,-1.3322676295501878e-15
2026-07-08,-0.1949752584058171
2026-07-09,-0.20303853074229283
2026-07-10,-0.2405755697637173
2026-07-13,-0.5650474395915124
2026-07-14,-0.7810825720301218
2026-07-15,-0.9184866953580686
2026-07-16,-0.9863565090994193
2026-07-17,-0.9989502490344695
2026-07-20,0.0
2026-07-21,0.0
2026-07-22,0.0
2026-07-23,0.0
2026-07-24,0.0
2026-07-27,0.0
