2020-09-30,0.0
2020-10-01,0.0
2020-10-02,0.0
2020-10-05,0.0
2020-10-06,0.0
2020-10-07,0.0
2020-10-08,0.0
2020-10-09,0.0
2020-10-12,0.0
2020-10-13,0.0
2020-10-14,0.0
2020-10-15,3.552713678800501e-15
2020-10-16,0.04673573035794876
2020-10-19,0.0031075496149464144
2020-10-20,-0.21499712842471497
2020-10-21,-0.44006347344856067
2020-10-22,-0.4076866606780436
2020-10-23,-0.4658816780410797
2020-10-26,-0.308034296698654
2020-10-27,0.3611121233274319
2020-10-28,0.7809800195520564
2020-10-29,0.9415355268492032
2020-10-30,0.9684388836229247
2020-11-02,0.9917486243157632
2020-11-03,0.0
2020-11-04,0.0
2020-11-05,0.0
2020-11-06,0.0
2020-11-09,0.0
2020-11-10,0.0
2020-11-11,0.0
2020-11-12,0.0
2020-11-13,0.0
2020-11-16,0.0
2020-11-17,0.0
2020-11-18,6.661338147750939e-16
2020-11-19,0.3891284849678467
2020-11-20,0.6267694147546783
2020-11-23,0.8789127858689567
2020-11-24,0.9857810674958916
2020-11-25,0.9998646891206033
2020-11-27,0.0
2020-11-30,0.0
2020-12-01,0.0
2020-12-02,0.0
2020-12-03,0.0
2020-12-04,0.0
2020-12-07,0.0
2020-12-08,0.0
2020-12-09,0.0
2020-12-10,0.0
2020-12-11,0.0
2020-12-14,1.5543122344752192e-15
2020-12-15,0.006441456072733054
2020-12-16,-0.042620525801184916
2020-12-17,0.048205112716127596
2020-12-18,0.0060585162682120774
2020-12-21,0.212692719555843
2020-12-22,0.3553266064242653
2020-12-23,0.5272580217821452
2020-12-24,0.6078770304314682
2020-12-28,0.5486257092953597
2020-12-29,0.41835308832663065
2020-12-30,0.31419027868840654
2020-12-31,0.0831225027302358
2021-01-04,-0.1598760753687929
2021-01-05,-0.29144146495037804
2021-01-06,-0.47962114043328596
2021-01-07,-0.5542297618231542
2021-01-08,-0.609905140605546
2021-01-11,-0.6243275695537784
2021-01-12,-0.6259941722817652
2021-01-13,-0.6594477391584559
2021-01-14,-0.7138129134692033
2021-01-15,-0.734856748552208
2021-01-19,-0.7185663207962714
2021-01-20,-0.7130250737100776
2021-01-21,-0.721173579839042
2021-01-22,-0.4237301060481784
2021-01-25,0.1954346120303745
2021-01-26,0.665212346312174
2021-01-27,0.9489451397963822
2021-01-28,0.9920251695157387
2021-01-29,0.0
2021-02-01,0.0
2021-02-02,0.0
2021-02-03,0.0
2021-02-04,0.0
2021-02-05,0.0
2021-02-08,0.0
2021-02-09,0.0
2021-02-10,0.0
2021-02-11,0.0
2021-02-12,0.0
2021-02-16,2.6645352591003757e-15
2021-02-17,-0.47820361077697005
2021-02-18,-0.844713717201218
2021-02-19,-0.9262394091166724
2021-02-22,-0.9738967782027994
2021-02-23,-0.9939979386217015
2021-02-24,0.0
2021-02-25,0.0
2021-02-26,0.0
2021-03-01,0.0
2021-03-02,0.0
2021-03-03,0.0
2021-03-04,0.0
2021-03-05,0.0
2021-03-08,0.0
2021-03-09,0.0
2021-03-10,0.0
2021-03-11,2.886579864025407e-15
2021-03-12,0.4400070112941181
2021-03-15,0.7256309344878429
2021-03-16,0.8078224163239542
2021-03-17,0.8432226069433546
2021-03-18,0.7933027300878606
2021-03-19,0.7655582031120751
2021-03-22,0.7287551465065265
2021-03-23,0.5933735957217898
2021-03-24,0.24423964527959963
2021-03-25,-0.0426754754347789
2021-03-26,-0.31223617829772365
2021-03-29,-0.6247384608532751
2021-03-30,-0.8057270737087812
2021-03-31,-0.8612328482084002
2021-04-01,-0.9095945548557505
2021-04-05,-0.9339505201943752
2021-04-06,-0.9551315165682546
2021-04-07,-0.9740783394909827
2021-04-08,-0.9818473959051848
2021-04-09,-0.9834685791648039
2021-04-12,-0.9888203036095218
2021-04-13,-0.9818708605391755
2021-04-14,-0.9856164122332736
2021-04-15,-0.9909460759072584
2021-04-16,0.0
2021-04-19,0.0
2021-04-20,0.0
2021-04-21,0.0
2021-04-22,0.0
2021-04-23,0.0
2021-04-26,0.0
2021-04-27,0.0
2021-04-28,0.0
2021-04-29,0.0
2021-04-30,0.0
2021-05-03,1.1102230246251565e-15
2021-05-04,-0.3670034626948089
2021-05-05,-0.7242046266494411
2021-05-06,-0.9561449857091759
2021-05-07,-0.9972425206745834
2021-05-10,0.0
2021-05-11,0.0
2021-05-12,0.0
2021-05-13,0.0
2021-05-14,0.0
2021-05-17,0.0
2021-05-18,0.0
2021-05-19,0.0
2021-05-20,0.0
2021-05-21,0.0
2021-05-24,0.0
2021-05-25,-2.220446049250313e-15
2021-05-26,0.38055620373255405
2021-05-27,0.7295511508281751
2021-05-28,0.9158879721359403
2021-06-01,0.9807043742675963
2021-06-02,0.9987724184253317
2021-06-03,0.0
2021-06-04,0.0
2021-06-07,0.0
2021-06-08,0.0
2021-06-09,0.0
2021-06-10,0.0
2021-06-11,0.0
2021-06-14,0.0
2021-06-15,0.0
2021-06-16,0.0
2021-06-17,0.0
2021-06-18,7.549516567451064e-15
2021-06-21,0.3458101710813486
2021-06-22,0.6066017677899762
2021-06-23,0.9001329357384502
2021-06-24,0.9878508587218844
2021-06-25,0.9994002719688548
2021-06-28,0.0
2021-06-29,0.0
2021-06-30,0.0
2021-07-01,0.0
2021-07-02,0.0
2021-07-06,0.0
2021-07-07,0.0
2021-07-08,0.0
2021-07-09,0.0
2021-07-12,0.0
2021-07-13,0.0
2021-07-14,-2.6645352591003757e-15
2021-07-15,-0.3220625664928183
2021-07-16,-0.5849225746651736
2021-07-19,-0.7555987243658162
2021-07-20,-0.8397277569151322
2021-07-21,-0.8872237744230764
2021-07-22,-0.9307189473249657
2021-07-23,-0.9614441912929375
2021-07-26,-0.976819764661665
2021-07-27,-0.9881762830523453
2021-07-28,-0.9919834349936112
2021-07-29,0.0
2021-07-30,0.0
2021-08-02,0.0
2021-08-03,0.0
2021-08-04,0.0
2021-08-05,0.0
2021-08-06,0.0
2021-08-09,0.0
2021-08-10,0.0
2021-08-11,0.0
2021-08-12,0.0
2021-08-13,2.220446049250313e-15
2021-08-16,0.35158124900147847
2021-08-17,0.5446717588348546
2021-08-18,0.8176862425640612
2021-08-19,0.895408475513827
2021-08-20,0.9374467061335192
2021-08-23,0.976656156854504
2021-08-24,0.9933300042784456
2021-08-25,0.0
2021-08-26,0.0
2021-08-27,0.0
2021-08-30,0.0
2021-08-31,0.0
2021-09-01,0.0
2021-09-02,0.0
2021-09-03,0.0
2021-09-07,0.0
2021-09-08,0.0
2021-09-09,0.0
2021-09-10,2.220446049250313e-15
2021-09-13,-0.028540343247149824
2021-09-14,0.07275777959997964
2021-09-15,0.3864464687420044
2021-09-16,0.8481197539479617
2021-09-17,0.9803499078656799
2021-09-20,0.9866200814092572
2021-09-21,0.9914785250020868
2021-09-22,0.0
2021-09-23,0.0
2021-09-24,0.0
2021-09-27,0.0
2021-09-28,0.0
2021-09-29,0.0
2021-09-30,0.0
2021-10-01,0.0
2021-10-04,0.0
2021-10-05,0.0
2021-10-06,0.0
2021-10-07,-1.1102230246251565e-15
2021-10-08,-0.19097485983358187
2021-10-11,-0.3559183468411722
2021-10-12,-0.48312468326006686
2021-10-13,-0.5593427927778574
2021-10-14,-0.6113583244674561
2021-10-15,-0.6766267030653987
2021-10-18,-0.7193283351219988
2021-10-19,-0.7375960419449061
2021-10-20,-0.7736060117469379
2021-10-21,-0.7845946763691054
2021-10-22,-0.807001806045349
2021-10-25,-0.7952622984666997
2021-10-26,-0.7798396789288511
2021-10-27,-0.7808366041995205
2021-10-28,-0.7616257582954491
2021-10-29,-0.7330687695950537
2021-11-01,-0.6750853078314887
2021-11-02,-0.6415769858520903
2021-11-03,-0.5978560516064446
2021-11-04,-0.5350905616050905
2021-11-05,-0.4945052470726097
2021-11-08,-0.4124006130791673
2021-11-09,-0.4660318472478133
2021-11-10,-0.5966217973276282
2021-11-11,-0.6861005887030742
2021-11-12,-0.7645378106962011
2021-11-15,-0.8123075641754198
2021-11-16,-0.8574234931085556
2021-11-17,-0.9028495378519827
2021-11-18,-0.9450298840445166
2021-11-19,-0.9707440069371576
2021-11-22,-0.9872008576436493
2021-11-23,-0.9948290805498532
2021-11-24,0.0
2021-11-26,0.0
2021-11-29,0.0
2021-11-30,0.0
2021-12-01,0.0
2021-12-02,0.0
2021-12-03,0.0
2021-12-06,0.0
2021-12-07,0.0
2021-12-08,0.0
2021-12-09,0.0
2021-12-10,8.881784197001252e-16
2021-12-13,-0.34954617138174604
2021-12-14,-0.5767378454202015
2021-12-15,-0.7113897073743098
2021-12-16,-0.8537444691842739
2021-12-17,-0.895788673831805
2021-12-20,-0.9625972497931061
2021-12-21,-0.9768500388319776
2021-12-22,-0.9860061608223631
2021-12-23,-0.9913084461393549
2021-12-27,0.0
2021-12-28,0.0
2021-12-29,0.0
2021-12-30,0.0
2021-12-31,0.0
2022-01-03,0.0
2022-01-04,0.0
2022-01-05,0.0
2022-01-06,0.0
2022-01-07,0.0
2022-01-10,0.0
2022-01-11,-3.552713678800501e-15
2022-01-12,-0.24004940075837067
2022-01-13,-0.5722078131108512
2022-01-14,-0.7878687308223995
2022-01-18,-0.9493134561552268
2022-01-19,-0.9935987414128284
2022-01-20,0.0
2022-01-21,0.0
2022-01-24,0.0
2022-01-25,0.0
2022-01-26,0.0
2022-01-27,0.0
2022-01-28,0.0
2022-01-31,0.0
2022-02-01,0.0
2022-02-02,0.0
2022-02-03,0.0
2022-02-04,2.4424906541753444e-15
2022-02-07,-0.08471025255028075
2022-02-08,-0.11122878843572792
2022-02-09,0.07594078569951979
2022-02-10,0.16188391903771704
2022-02-11,0.12502791472253838
2022-02-14,0.12486325163860212
2022-02-15,0.3518768139372239
2022-02-16,0.5012387281303687
2022-02-17,0.1568652786950917
2022-02-18,-0.374124340158293
2022-02-22,-0.8078230734236098
2022-02-23,-0.964382063011969
2022-02-24,-0.9863088182723923
2022-02-25,-0.996467858565329
2022-02-28,0.0
2022-03-01,0.0
2022-03-02,0.0
2022-03-03,0.0
2022-03-04,0.0
2022-03-07,0.0
2022-03-08,0.0
2022-03-09,0.0
2022-03-10,0.0
2022-03-11,0.0
2022-03-14,0.0
2022-03-15,-6.661338147750939e-16
2022-03-16,0.16295591324051384
2022-03-17,0.4915176318502319
2022-03-18,0.8156383788544324
2022-03-21,0.9349028167488715
2022-03-22,0.9917202097396585
2022-03-23,0.0
2022-03-24,0.0
2022-03-25,0.0
2022-03-28,0.0
2022-03-29,0.0
2022-03-30,0.0
2022-03-31,0.0
2022-04-01,0.0
2022-04-04,0.0
2022-04-05,0.0
2022-04-06,0.0
2022-04-07,2.220446049250313e-15
2022-04-08,-0.3472926830407135
2022-04-11,-0.6249107125185547
2022-04-12,-0.8354984006459101
2022-04-13,-0.9029625600911895
2022-04-14,-0.9667102333461892
2022-04-18,-0.9928558304190009
2022-04-19,0.0
2022-04-20,0.0
2022-04-21,0.0
2022-04-22,0.0
2022-04-25,0.0
2022-04-26,0.0
2022-04-27,0.0
2022-04-28,0.0
2022-04-29,0.0
2022-05-02,0.0
2022-05-03,0.0
2022-05-04,-1.7763568394002505e-15
2022-05-05,-0.3135386836222498
2022-05-06,-0.6655225358408579
2022-05-09,-0.9605799382626443
2022-05-10,-0.9982664268837789
2022-05-11,0.0
2022-05-12,0.0
2022-05-13,0.0
2022-05-16,0.0
2022-05-17,0.0
2022-05-18,0.0
2022-05-19,0.0
2022-05-20,0.0
2022-05-23,0.0
2022-05-24,0.0
2022-05-25,0.0
2022-05-26,-1.5543122344752192e-15
2022-05-27,0.3956734648315061
2022-05-31,0.6356753624724747
2022-06-01,0.7523014863100577
2022-06-02,0.9301620180570236
2022-06-03,0.9759257939358164
2022-06-06,0.992950179623437
2022-06-07,0.0
2022-06-08,0.0
2022-06-09,0.0
2022-06-10,0.0
2022-06-13,0.0
2022-06-14,0.0
2022-06-15,0.0
2022-06-16,0.0
2022-06-17,0.0
2022-06-21,0.0
2022-06-22,0.0
2022-06-23,-3.3306690738754696e-15
2022-06-24,0.5495223409642005
2022-06-27,0.7737378225122793
2022-06-28,0.8682297507542929
2022-06-29,0.9206779470941004
2022-06-30,0.9459618697096752
2022-07-01,0.9696746419787463
2022-07-05,0.9928140088869515
2022-07-06,0.0
2022-07-07,0.0
2022-07-08,0.0
2022-07-11,0.0
2022-07-12,0.0
2022-07-13,0.0
2022-07-14,0.0
2022-07-15,0.0
2022-07-18,0.0
2022-07-19,0.0
2022-07-20,0.0
2022-07-21,-1.5543122344752192e-15
2022-07-22,0.09379517435578055
2022-07-25,0.11611138388096842
2022-07-26,0.028300060807502803
2022-07-27,0.17867383063242115
2022-07-28,0.3511997501875139
2022-07-29,0.5590231446748992
2022-08-01,0.7378680632085812
2022-08-02,0.900161856582276
2022-08-03,0.9762482736218532
2022-08-04,0.996240905698283
2022-08-05,0.0
2022-08-08,0.0
2022-08-09,0.0
2022-08-10,0.0
2022-08-11,0.0
2022-08-12,0.0
2022-08-15,0.0
2022-08-16,0.0
2022-08-17,0.0
2022-08-18,0.0
2022-08-19,0.0
2022-08-22,-8.881784197001252e-16
2022-08-23,-0.3876329049860281
2022-08-24,-0.6565883802769115
2022-08-25,-0.7919768645604028
2022-08-26,-0.9102906862455067
2022-08-29,-0.9682875695845397
2022-08-30,-0.9901431306569466
2022-08-31,0.0
2022-09-01,0.0
2022-09-02,0.0
2022-09-06,0.0
2022-09-07,0.0
2022-09-08,0.0
2022-09-09,0.0
2022-09-12,0.0
2022-09-13,0.0
2022-09-14,0.0
2022-09-15,0.0
2022-09-16,0.0
2022-09-19,0.21391996962933235
2022-09-20,0.20128971423124042
2022-09-21,0.24769740418383135
2022-09-22,0.030556624901151963
2022-09-23,-0.1520442005754603
2022-09-26,-0.2210741907736482
2022-09-27,-0.21225292025472697
2022-09-28,0.024848289482202857
2022-09-29,0.3433605851969499
2022-09-30,0.6230460072797459
2022-10-03,0.8382662702000365
2022-10-04,0.9625991423673523
2022-10-05,0.9931295624978043
2022-10-06,0.0
2022-10-07,0.0
2022-10-10,0.0
2022-10-11,0.0
2022-10-12,0.0
2022-10-13,0.0
2022-10-14,0.0
2022-10-17,0.0
2022-10-18,0.0
2022-10-19,0.0
2022-10-20,0.0
2022-10-21,7.327471962526033e-15
2022-10-24,0.20244212402073547
2022-10-25,0.6614691937406265
2022-10-26,0.8682616637179303
2022-10-27,0.9603018322976888
2022-10-28,0.991159149346764
2022-10-31,0.0
2022-11-01,0.0
2022-11-02,0.0
2022-11-03,0.0
2022-11-04,0.0
2022-11-07,0.0
2022-11-08,0.0
2022-11-09,0.0
2022-11-10,0.0
2022-11-11,0.0
2022-11-14,0.0
2022-11-15,0.0
2022-11-16,0.0406543645461539
2022-11-17,-0.07479094536539588
2022-11-18,-0.255466513657872
2022-11-21,-0.46795716836956003
2022-11-22,-0.6289407246536938
2022-11-23,-0.7250197254182382
2022-11-25,-0.8107245992090246
2022-11-28,-0.8829240623583987
2022-11-29,-0.9340353031880342
2022-11-30,-0.9490922733014246
2022-12-01,-0.9475171239741498
2022-12-02,-0.9538695535651085
2022-12-05,-0.9722931662160275
2022-12-06,-0.9863155303776932
2022-12-07,-0.9929663137443454
2022-12-08,0.0
2022-12-09,0.0
2022-12-12,0.0
2022-12-13,0.0
2022-12-14,0.0
2022-12-15,0.0
2022-12-16,0.0
2022-12-19,0.0
2022-12-20,0.0
2022-12-21,0.0
2022-12-22,0.0
2022-12-23,-1.7763568394002505e-15
2022-12-27,-0.38919757253114673
2022-12-28,-0.6527010026709683
2022-12-29,-0.7521033343747523
2022-12-30,-0.8221705736689291
2023-01-03,-0.8776625824116704
2023-01-04,-0.8978429765207498
2023-01-05,-0.9358323071846775
2023-01-06,-0.9564593139505086
2023-01-09,-0.9669277320345278
2023-01-10,-0.968161690737418
2023-01-11,-0.9580637858240388
2023-01-12,-0.9444022020170542
2023-01-13,-0.9315178752242363
2023-01-17,-0.908308022440999
2023-01-18,-0.8966147004605103
2023-01-19,-0.8997871537479505
2023-01-20,-0.8766784365598204
2023-01-23,-0.8057361040692166
2023-01-24,-0.7718520150214263
2023-01-25,-0.7007365304148063
2023-01-26,-0.6149615075913797
2023-01-27,-0.4435049730501137
2023-01-30,-0.2978233076938699
2023-01-31,-0.026217730890506052
2023-02-01,0.3533014594052366
2023-02-02,0.7765255338879999
2023-02-03,0.9204548499510528
2023-02-06,0.9749993041678602
2023-02-07,0.9935618472573406
2023-02-08,0.0
2023-02-09,0.0
2023-02-10,0.0
2023-02-13,0.0
2023-02-14,0.0
2023-02-15,0.0
2023-02-16,0.0
2023-02-17,0.0
2023-02-21,0.0
2023-02-22,0.0
2023-02-23,0.0
2023-02-24,-1.9984014443252818e-15
2023-02-27,-0.13924917814994298
2023-02-28,-0.3105791532268163
2023-03-01,-0.4880672961467998
2023-03-02,-0.5828136342079002
2023-03-03,-0.6059362103046602
2023-03-06,-0.635007395438036
2023-03-07,-0.6615816591076178
2023-03-08,-0.7050719801844685
2023-03-09,-0.788738222762539
2023-03-10,-0.8744724804346038
2023-03-13,-0.905206365776416
2023-03-14,-0.9280149902231125
2023-03-15,-0.9452532070897401
2023-03-16,-0.9565653931238582
2023-03-17,-0.9675218495415363
2023-03-20,-0.9727566114682518
2023-03-21,-0.9716564997195831
2023-03-22,-0.9743372703453461
2023-03-23,-0.9751202088751747
2023-03-24,-0.9775877024130293
2023-03-27,-0.9815487174802309
2023-03-28,-0.9851587752593487
2023-03-29,-0.9864563896477305
2023-03-30,-0.9881229142268362
2023-03-31,-0.987643973656813
2023-04-03,-0.9876657853467945
2023-04-04,-0.9879028134801402
2023-04-05,-0.990327449409395
2023-04-06,0.0
2023-04-10,0.0
2023-04-11,0.0
2023-04-12,0.0
2023-04-13,0.0
2023-04-14,0.0
2023-04-17,0.0
2023-04-18,0.0
2023-04-19,0.0
2023-04-20,0.0
2023-04-21,0.0
2023-04-24,-5.995204332975845e-15
2023-04-25,-0.525719698909227
2023-04-26,-0.8321077144773072
2023-04-27,-0.9454020349407783
2023-04-28,-0.9874667775485422
2023-05-01,-0.9974054521603974
2023-05-02,0.0
2023-05-03,0.0
2023-05-04,0.0
2023-05-05,0.0
2023-05-08,0.0
2023-05-09,0.0
2023-05-10,0.0
2023-05-11,0.0
2023-05-12,0.0
2023-05-15,0.0
2023-05-16,0.0
2023-05-17,1.3322676295501878e-15
2023-05-18,0.5176597012468047
2023-05-19,0.8220295202363024
2023-05-22,0.952043513558998
2023-05-23,0.9939141966254894
2023-05-24,0.0
2023-05-25,0.0
2023-05-26,0.0
2023-05-30,0.0
2023-05-31,0.0
2023-06-01,0.0
2023-06-02,0.0
2023-06-05,0.0
2023-06-06,0.0
2023-06-07,0.0
2023-06-08,0.0
2023-06-09,-1.9984014443252818e-15
2023-06-12,0.27293132925611197
2023-06-13,0.5568206763107089
2023-06-14,0.7429307103841463
2023-06-15,0.901275545268466
2023-06-16,0.9611431988447701
2023-06-20,0.9805783397346846
2023-06-21,0.9802164808576734
2023-06-22,0.9716659595825441
2023-06-23,0.9604580551804134
2023-06-26,0.9441801796912821
2023-06-27,0.9444419694663864
2023-06-28,0.9601227872213167
2023-06-29,0.9703382932689535
2023-06-30,0.9794400284658873
2023-07-03,0.9872139998041582
2023-07-05,0.9929006409398495
2023-07-06,0.0
2023-07-07,0.0
2023-07-10,0.0
2023-07-11,0.0
2023-07-12,0.0
2023-07-13,0.0
2023-07-14,0.0
2023-07-17,0.0
2023-07-18,0.0
2023-07-19,0.0
2023-07-20,0.0
2023-07-21,-4.440892098500626e-15
2023-07-24,-0.0858545910981161
2023-07-25,-0.11146089829011152
2023-07-26,-0.1620536533176331
2023-07-27,-0.2676210539955184
2023-07-28,-0.022705897197370817
2023-07-31,0.5725021059456727
2023-08-01,0.892474364264672
2023-08-02,0.96712813880068
2023-08-03,0.9898644625591302
2023-08-04,0.9958970840629491
2023-08-07,0.0
2023-08-08,0.0
2023-08-09,0.0
2023-08-10,0.0
2023-08-11,0.0
2023-08-14,0.0
2023-08-15,0.0
2023-08-16,0.0
2023-08-17,0.0
2023-08-18,0.0
2023-08-21,0.0
2023-08-22,4.440892098500626e-16
2023-08-23,-0.02939383167413978
2023-08-24,-0.2750485124640365
2023-08-25,-0.4206378807781024
2023-08-28,-0.5281018683142868
2023-08-29,-0.5211587867460437
2023-08-30,-0.3826533131627379
2023-08-31,-0.4402882000381869
2023-09-01,-0.4663968399812046
2023-09-05,-0.48707825448891295
2023-09-06,-0.49559640246653847
2023-09-07,-0.5145759975514013
2023-09-08,-0.5415919037504557
2023-09-11,-0.4934942445566455
2023-09-12,-0.46863583172259116
2023-09-13,-0.44312777621916055
2023-09-14,-0.3908483449379183
2023-09-15,-0.39834144463674726
2023-09-18,-0.39067538121267886
2023-09-19,-0.41836215463209836
2023-09-20,-0.4878392170040837
2023-09-21,-0.6176588613883103
2023-09-22,-0.713211991346298
2023-09-25,-0.7841687976764502
2023-09-26,-0.8514936055562283
2023-09-27,-0.86998043077064
2023-09-28,-0.8519510167641711
2023-09-29,-0.8221905829603866
2023-10-02,-0.7953857966867086
2023-10-03,-0.8165760497747112
2023-10-04,-0.7976026875681619
2023-10-05,-0.773586859161727
2023-10-06,-0.7002447080809691
2023-10-09,-0.5365904885062762
2023-10-10,-0.3188682542218062
2023-10-11,-0.06353924686437695
2023-10-12,0.19517995090308604
2023-10-13,0.37740641001491615
2023-10-16,0.5360397195765549
2023-10-17,0.6963822156316601
2023-10-18,0.7846611453771204
2023-10-19,0.8467129952645758
2023-10-20,0.865477131516909
2023-10-23,0.8847090967414246
2023-10-24,0.911838766791323
2023-10-25,0.9122432826168299
2023-10-26,0.9058565399510585
2023-10-27,0.8937471586095622
2023-10-30,0.8697868950585101
2023-10-31,0.8460754740958751
2023-11-01,0.8241586399996517
2023-11-02,0.8970807226353674
2023-11-03,0.9553528292935025
2023-11-06,0.9807169993331692
2023-11-07,0.9929848276162372
2023-11-08,0.0
2023-11-09,0.0
2023-11-10,0.0
2023-11-13,0.0
2023-11-14,0.0
2023-11-15,0.0
2023-11-16,0.0
2023-11-17,0.0
2023-11-20,0.0
2023-11-21,0.0
2023-11-22,0.0
2023-11-24,3.9968028886505635e-15
2023-11-27,-0.16644055772856126
2023-11-28,-0.15616656768338766
2023-11-29,-0.11413003511916253
2023-11-30,-0.022995750875564713
2023-12-01,0.11513991656384426
2023-12-04,-0.18644885821223456
2023-12-05,-0.46765592831013736
2023-12-06,-0.812054978229851
2023-12-07,-0.9490246208706195
2023-12-08,-0.984194090866652
2023-12-11,-0.9957062918568238
2023-12-12,0.0
2023-12-13,0.0
2023-12-14,0.0
2023-12-15,0.0
2023-12-18,0.0
2023-12-19,0.0
2023-12-20,0.0
2023-12-21,0.0
2023-12-22,0.0
2023-12-26,0.0
2023-12-27,0.0
2023-12-28,1.0658141036401503e-14
2023-12-29,-0.37578710763775947
2024-01-02,-0.8554679686691904
2024-01-03,-0.9945039233983453
2024-01-04,0.0
2024-01-05,0.0
2024-01-08,0.0
2024-01-09,0.0
2024-01-10,0.0
2024-01-11,0.0
2024-01-12,0.0
2024-01-16,0.0
2024-01-17,0.0
2024-01-18,0.0
2024-01-19,0.0
2024-01-22,8.215650382226158e-15
2024-01-23,0.3879296582421716
2024-01-24,0.44360011976761937
2024-01-25,0.36622765203674534
2024-01-26,0.23837393779573457
2024-01-29,0.44589696763078845
2024-01-30,0.48869607003831517
2024-01-31,0.26960662290404014
2024-02-01,0.14549636876761807
2024-02-02,0.31682187489657854
2024-02-05,0.355977376312139
2024-02-06,0.9986713590835214
2024-02-07,0.0
2024-02-08,0.0
2024-02-09,0.0
2024-02-12,0.0
2024-02-13,0.0
2024-02-14,0.0
2024-02-15,0.0
2024-02-16,0.0
2024-02-20,0.0
2024-02-21,0.0
2024-02-22,0.0
2024-02-23,6.661338147750939e-15
2024-02-26,-0.13874889699622006
2024-02-27,-0.0306733561164938
2024-02-28,0.044438097562626844
2024-02-29,0.2614667362846159
2024-03-01,0.4200393642003557
2024-03-04,0.39661353815890354
2024-03-05,0.33070902042133365
2024-03-06,0.6551220375556865
2024-03-07,0.8696421302759274
2024-03-08,0.9490791220518062
2024-03-11,0.9727168159886208
2024-03-12,0.9785615956607638
2024-03-13,0.9860736560447114
2024-03-14,0.9870157776402115
2024-03-15,0.978607179295395
2024-03-18,0.9746569277327621
2024-03-19,0.9669533120330427
2024-03-20,0.9716841254695947
2024-03-21,0.9746676850626221
2024-03-22,0.9732968233199244
2024-03-25,0.9763424760654427
2024-03-26,0.9828551986503342
2024-03-27,0.984800875885055
2024-03-28,0.9709718701092334
2024-04-01,0.9448053243089689
2024-04-02,0.8975035941139384
2024-04-03,0.8237468758537849
2024-04-04,0.7012778147024328
2024-04-05,0.5878707732935768
2024-04-08,0.46054064302650044
2024-04-09,0.2950926502656548
2024-04-10,0.0650003973994393
2024-04-11,-0.10884105180922332
2024-04-12,-0.2955339718254928
2024-04-15,-0.5442524686627288
2024-04-16,-0.7321918374740646
2024-04-17,-0.8804715916452102
2024-04-18,-0.957213123805811
2024-04-19,-0.9904608092514655
2024-04-22,0.0
2024-04-23,0.0
2024-04-24,0.0
2024-04-25,0.0
2024-04-26,0.0
2024-04-29,0.0
2024-04-30,0.0
2024-05-01,0.0
2024-05-02,0.0
2024-05-03,0.0
2024-05-06,0.0
2024-05-07,-6.661338147750939e-16
2024-05-08,-0.1486146920877407
2024-05-09,-0.3550881356175317
2024-05-10,-0.599059629342076
2024-05-13,-0.7372497431024123
2024-05-14,-0.798107617666022
2024-05-15,-0.8313008597121281
2024-05-16,-0.8601378780864688
2024-05-17,-0.878911686292501
2024-05-20,-0.9007767279945051
2024-05-21,-0.9305349815928343
2024-05-22,-0.953255918893174
2024-05-23,-0.9747155753268755
2024-05-24,-0.9846790921085475
2024-05-28,-0.990650248173347
2024-05-29,0.0
2024-05-30,0.0
2024-05-31,0.0
2024-06-03,0.0
2024-06-04,0.0
2024-06-05,0.0
2024-06-06,0.0
2024-06-07,0.0
2024-06-10,0.0
2024-06-11,0.0
2024-06-12,0.0
2024-06-13,0.0
2024-06-14,0.19275032293149352
2024-06-17,0.6004510788188879
2024-06-18,0.8901786756263332
2024-06-20,0.9752954978027413
2024-06-21,0.9859186654372616
2024-06-24,0.9936071463475857
2024-06-25,0.0
2024-06-26,0.0
2024-06-27,0.0
2024-06-28,0.0
2024-07-01,0.0
2024-07-02,0.0
2024-07-03,0.0
2024-07-05,0.0
2024-07-08,0.0
2024-07-09,0.0
2024-07-10,0.0
2024-07-11,-6.661338147750939e-16
2024-07-12,0.2841644063569251
2024-07-15,0.5866545017393552
2024-07-16,0.7856424715844434
2024-07-17,0.8806735596644786
2024-07-18,0.9463712912878572
2024-07-19,0.976919976927872
2024-07-22,0.9900508743481082
2024-07-23,0.0
2024-07-24,0.0
2024-07-25,0.0
2024-07-26,0.0
2024-07-29,0.0
2024-07-30,0.0
2024-07-31,0.0
2024-08-01,0.0
2024-08-02,0.0
2024-08-05,0.0
2024-08-06,0.0
2024-08-07,-6.661338147750939e-16
2024-08-08,0.49285718338606177
2024-08-09,0.8510094987596368
2024-08-12,0.9579951298738025
2024-08-13,0.9949079565371042
2024-08-14,0.0
2024-08-15,0.0
2024-08-16,0.0
2024-08-19,0.0
2024-08-20,0.0
2024-08-21,0.0
2024-08-22,0.0
2024-08-23,0.0
2024-08-26,0.0
2024-08-27,0.0
2024-08-28,0.0
2024-08-29,-6.661338147750939e-15
2024-08-30,-0.016138970545938713
2024-09-03,-0.3020212958590154
2024-09-04,-0.518031637686716
2024-09-05,-0.7471206397075154
2024-09-06,-0.8670289064640198
2024-09-09,-0.3738553490108827
2024-09-10,0.3985396680347204
2024-09-11,0.8682948237420367
2024-09-12,0.9862215563283163
2024-09-13,0.9996439272394355
2024-09-16,0.0
2024-09-17,0.0
2024-09-18,0.0
2024-09-19,0.0
2024-09-20,0.0
2024-09-23,0.0
2024-09-24,0.0
2024-09-25,0.0
2024-09-26,0.0
2024-09-27,0.0
2024-09-30,0.0
2024-10-01,-3.552713678800501e-15
2024-10-02,0.2764806760788949
2024-10-03,0.9078956463938168
2024-10-04,0.9991960463017782
2024-10-07,0.0
2024-10-08,0.0
2024-10-09,0.0
2024-10-10,0.0
2024-10-11,0.0
2024-10-14,0.0
2024-10-15,0.0
2024-10-16,0.0
2024-10-17,0.0
2024-10-18,0.0
2024-10-21,0.0
2024-10-22,-6.439293542825908e-15
2024-10-23,0.03156328898180716
2024-10-24,0.21828709292138138
2024-10-25,0.5518910110319681
2024-10-28,0.7817067099233053
2024-10-29,0.9047983527340868
2024-10-30,0.9365522494348428
2024-10-31,0.9023217112179698
2024-11-01,0.8740133777979977
2024-11-04,0.8147968142739095
2024-11-05,0.9937681421399767
2024-11-06,0.0
2024-11-07,0.0
2024-11-08,0.0
2024-11-11,0.0
2024-11-12,0.0
2024-11-13,0.0
2024-11-14,0.0
2024-11-15,0.0
2024-11-18,0.0
2024-11-19,0.0
2024-11-20,0.0
2024-11-21,2.220446049250313e-15
2024-11-22,0.3074706531729896
2024-11-25,0.570537267635638
2024-11-26,0.7912121346232368
2024-11-27,0.914930262125875
2024-11-29,0.9754137131303264
2024-12-02,0.9928257983045792
2024-12-03,0.0
2024-12-04,0.0
2024-12-05,0.0
2024-12-06,0.0
2024-12-09,0.0
2024-12-10,0.0
2024-12-11,0.0
2024-12-12,0.0
2024-12-13,0.0
2024-12-16,0.0
2024-12-17,0.0
2024-12-18,5.995204332975845e-15
2024-12-19,0.12354790240553681
2024-12-20,0.7171470512167835
2024-12-23,0.9484436698341967
2024-12-24,0.9969085750297839
2024-12-26,0.0
2024-12-27,0.0
2024-12-30,0.0
2024-12-31,0.0
2025-01-02,0.0
2025-01-03,0.0
2025-01-06,0.0
2025-01-07,0.0
2025-01-08,0.0
2025-01-10,0.0
2025-01-13,0.0
2025-01-14,0.0
2025-01-15,-0.19719098564187987
2025-01-16,-0.33383099399301575
2025-01-17,-0.376102074287036
2025-01-21,-0.3764826257609726
2025-01-22,-0.26280590751502286
2025-01-23,-0.08371053701144104
2025-01-24,0.08981718338810141
2025-01-27,0.14708567050086363
2025-01-28,0.3341114072525051
2025-01-29,0.48429223085062656
2025-01-30,0.6373883770160922
2025-01-31,0.7714545447205017
2025-02-03,0.8736703035089894
2025-02-04,0.9879022141897742
2025-02-05,0.9992567778426156
2025-02-06,0.0
2025-02-07,0.0
2025-02-10,0.0
2025-02-11,0.0
2025-02-12,0.0
2025-02-13,0.0
2025-02-14,0.0
2025-02-18,0.0
2025-02-19,0.0
2025-02-20,0.0
2025-02-21,0.0
2025-02-24,2.4424906541753444e-15
2025-02-25,-0.5366894236474944
2025-02-26,-0.8293074603848842
2025-02-27,-0.963740651180611
2025-02-28,-0.9943836367917254
2025-03-03,0.0
2025-03-04,0.0
2025-03-05,0.0
2025-03-06,0.0
2025-03-07,0.0
2025-03-10,0.0
2025-03-11,0.0
2025-03-12,0.0
2025-03-13,0.0
2025-03-14,0.0
2025-03-17,0.0
2025-03-18,2.4424906541753444e-15
2025-03-19,0.16029283258470572
2025-03-20,0.36647568723648116
2025-03-21,0.6656473479542406
2025-03-24,0.9263114687414555
2025-03-25,0.9891710291725913
2025-03-26,0.9974356286326169
2025-03-27,0.0
2025-03-28,0.0
2025-03-31,0.0
2025-04-01,0.0
2025-04-02,0.0
2025-04-03,0.0
2025-04-04,0.0
2025-04-07,0.0
2025-04-08,0.0
2025-04-09,0.0
2025-04-10,0.0
2025-04-11,6.661338147750939e-16
2025-04-14,0.31422575355498794
2025-04-15,0.7101256102416302
2025-04-16,0.8394901697118935
2025-04-17,0.9242347020303283
2025-04-21,0.9541716729153751
2025-04-22,0.9808600135490719
2025-04-23,0.9968662351269519
2025-04-24,0.0
2025-04-25,0.0
2025-04-28,0.0
2025-04-29,0.0
2025-04-30,0.0
2025-05-01,0.0
2025-05-02,0.0
2025-05-05,0.0
2025-05-06,0.0
2025-05-07,0.0
2025-05-08,0.0
2025-05-09,-1.3322676295501878e-15
2025-05-12,0.1104142610788803
2025-05-13,0.5497355965870554
2025-05-14,0.8476009667909292
2025-05-15,0.9508958339489679
2025-05-16,0.9888453863780158
2025-05-19,0.9966670110903639
2025-05-20,0.0
2025-05-21,0.0
2025-05-22,0.0
2025-05-23,0.0
2025-05-27,0.0
2025-05-28,0.0
2025-05-29,0.0
2025-05-30,0.0
2025-06-02,0.0
2025-06-03,0.0
2025-06-04,0.0
2025-06-05,-1.9984014443252818e-15
2025-06-06,0.09467183045952599
2025-06-09,0.36374034562128177
2025-06-10,0.6011995975063933
2025-06-11,0.8322939933086202
2025-06-12,0.9317129371071253
2025-06-13,0.9813385194686413
2025-06-16,0.9976946896932002
2025-06-17,0.0
2025-06-18,0.0
2025-06-20,0.0
2025-06-23,0.0
2025-06-24,0.0
2025-06-25,0.0
2025-06-26,0.0
2025-06-27,0.0
2025-06-30,0.0
2025-07-01,0.0
2025-07-02,0.0
2025-07-03,0.0
2025-07-07,0.07480711430517539
2025-07-08,0.1693572822461753
2025-07-09,0.39007777951493194
2025-07-10,0.5497652851784567
2025-07-11,0.6656924649867726
2025-07-14,0.8693644390335253
2025-07-15,0.9547176187384567
2025-07-16,0.9900451892614672
2025-07-17,0.0
2025-07-18,0.0
2025-07-21,0.0
2025-07-22,0.0
2025-07-23,0.0
2025-07-24,0.0
2025-07-25,0.0
2025-07-28,0.0
2025-07-29,0.0
2025-07-30,0.0
2025-07-31,0.0
2025-08-01,0.0
2025-08-04,0.3910120345239454
2025-08-05,0.965780740323583
2025-08-06,0.9999680027306819
2025-08-07,0.0
2025-08-08,0.0
2025-08-11,0.0
2025-08-12,0.0
2025-08-13,0.0
2025-08-14,0.0
2025-08-15,0.0
2025-08-18,0.0
2025-08-19,0.0
2025-08-20,0.0
2025-08-21,0.0
2025-08-22,-4.440892098500626e-16
2025-08-25,-0.2808320619642659
2025-08-26,-0.4616436249750677
2025-08-27,-0.651913074452092
2025-08-28,-0.7752397103508066
2025-08-29,-0.866624000589072
2025-09-02,-0.9225522899567136
2025-09-03,-0.9603074553220436
2025-09-04,-0.9792685539329768
2025-09-05,-0.9909354028862507
2025-09-08,0.0
2025-09-09,0.0
2025-09-10,0.0
2025-09-11,0.0
2025-09-12,0.0
2025-09-15,0.0
2025-09-16,0.0
2025-09-17,0.0
2025-09-18,0.0
2025-09-19,0.0
2025-09-22,0.0
2025-09-23,3.1086244689504383e-15
2025-09-24,0.22845958746539452
2025-09-25,0.4143911974213472
2025-09-26,0.5371580465734214
2025-09-29,0.6584872229636665
2025-09-30,0.7928905996184468
2025-10-01,0.896515783369646
2025-10-02,0.9581652431721295
2025-10-03,0.9586682792977494
2025-10-06,0.9734909586265303
2025-10-07,0.9860651671995717
2025-10-08,0.9935741876298232
2025-10-09,0.0
2025-10-10,0.0
2025-10-13,0.0
2025-10-14,0.0
2025-10-15,0.0
2025-10-16,0.0
2025-10-17,0.0
2025-10-20,0.0
2025-10-21,0.0
2025-10-22,0.0
2025-10-23,0.0
2025-10-24,-3.9968028886505635e-15
2025-10-27,0.5858442590720743
2025-10-28,0.8923801189603306
2025-10-29,0.998025761995823
2025-10-30,0.0
2025-10-31,0.0
2025-11-03,0.0
2025-11-04,0.0
2025-11-05,0.0
2025-11-06,0.0
2025-11-07,0.0
2025-11-10,0.0
2025-11-11,0.0
2025-11-12,0.0
2025-11-13,0.0
2025-11-14,-6.661338147750939e-16
2025-11-17,-0.31492386837477215
2025-11-18,-0.619234831266569
2025-11-19,-0.8263797626704459
2025-11-20,-0.9580613590901605
2025-11-21,-0.9928189838820052
2025-11-24,0.0
2025-11-25,0.0
2025-11-26,0.0
2025-11-28,0.0
2025-12-01,0.0
2025-12-02,0.0
2025-12-03,0.0
2025-12-04,0.0
2025-12-05,0.0
2025-12-08,0.0
2025-12-09,0.0
2025-12-10,-2.220446049250313e-15
2025-12-11,0.3479545916448643
2025-12-12,0.5429993598964153
2025-12-15,0.6863576987925848
2025-12-16,0.8349440762993177
2025-12-17,0.8522952623124258
2025-12-18,0.9179014026767875
2025-12-19,0.973811547250955
2025-12-22,0.993079302982099
2025-12-23,0.0
2025-12-24,0.0
2025-12-26,0.0
2025-12-29,0.0
2025-12-30,0.0
2025-12-31,0.0
2026-01-02,0.0
2026-01-05,0.0
2026-01-06,0.0
2026-01-07,0.0
2026-01-08,0.0
2026-01-09,4.218847493575595e-15
2026-01-12,-0.05757370300156506
2026-01-13,-0.12280504469026177
2026-01-14,-0.19724303631732187
2026-01-15,-0.29721163715806886
2026-01-16,-0.5127612328284379
2026-01-20,-0.7124813780991293
2026-01-21,-0.8681717455671438
2026-01-22,-0.944161377867982
2026-01-23,-0.9719122485296943
2026-01-26,-0.9884549786475589
2026-01-27,-0.9961370023926117
2026-01-28,0.0
2026-01-29,0.0
2026-01-30,0.0
2026-02-02,0.0
2026-02-03,0.0
2026-02-04,0.0
2026-02-05,0.0
2026-02-06,0.0
2026-02-09,0.0
2026-02-10,0.0
2026-02-11,0.0
2026-02-12,-2.6645352591003757e-15
2026-02-13,-0.256819813803165
2026-02-17,-0.44279194343498807
2026-02-18,-0.5564414154096498
2026-02-19,-0.6565196570650911
2026-02-20,-0.7328133122533256
2026-02-23,-0.8313250915642003
2026-02-24,-0.9054164205323645
2026-02-25,-0.9326449933567351
2026-02-26,-0.9477250614439336
2026-02-27,-0.9566969671276357
2026-03-02,-0.9459243520525329
2026-03-03,-0.9270854357571781
2026-03-04,-0.8772466771540555
2026-03-05,-0.8112297874984913
2026-03-06,-0.6850911220280844
2026-03-09,-0.5294390012839196
2026-03-10,-0.41756389198822497
2026-03-11,-0.2926365308355725
2026-03-12,-0.13619519278528647
2026-03-13,-0.016563287570945162
2026-03-16,0.12491489203314665
2026-03-17,0.28988901631200825
2026-03-18,0.41061517149168925
2026-03-19,0.5486913859305194
2026-03-20,0.6190261220520898
2026-03-23,0.7564455010184306
2026-03-24,0.8225326693104014
2026-03-25,0.8738793463865688
2026-03-26,0.8874697767717274
2026-03-27,0.883903504656826
2026-03-30,0.8583260377605961
2026-03-31,0.868015469840465
2026-04-01,0.8778132010083848
2026-04-02,0.8935447719009635
2026-04-06,0.9058163120395402
2026-04-07,0.922264494650229
2026-04-08,0.9136795496753618
2026-04-09,0.8708310369911452
2026-04-10,0.8024445742641486
2026-04-13,0.7398473176147751
2026-04-14,0.6894047164911963
2026-04-15,0.6801627749278416
2026-04-16,0.6751530273945643
2026-04-17,0.6944886214577084
2026-04-20,0.7096496335805766
2026-04-21,0.7245592353669061
2026-04-22,0.7748124525000839
2026-04-23,0.7642649230374179
2026-04-24,0.7616888369996206
2026-04-27,0.7592195100019707
2026-04-28,0.7465619353408053
2026-04-29,0.7154434387344972
2026-04-30,0.6894315815753385
2026-05-01,0.693181211207061
2026-05-04,0.7083416081524487
2026-05-05,0.6628613518731097
2026-05-06,0.5992267429894222
2026-05-07,0.5543411752870249
2026-05-08,0.513220011433315
2026-05-11,0.46349059147163185
2026-05-12,0.4046464506782932
2026-05-13,0.29146933317859225
2026-05-14,0.20714084838228164
2026-05-15,0.12391633120062617
2026-05-18,0.05120012264229068
2026-05-19,-0.019879450196759407
2026-05-20,-0.07246290353693063
2026-05-21,-0.12166638870006397
2026-05-22,-0.17459293910621354
2026-05-26,-0.22855452684124522
2026-05-27,-0.3152008801225792
2026-05-28,-0.3092964208584159
2026-05-29,-0.19126103902336844
2026-06-01,-0.033696214632354726
2026-06-02,0.04889195062430818
2026-06-03,0.04296926363835918
2026-06-04,0.032747382966341165
2026-06-05,-0.030971196790909428
2026-06-08,-0.0857219878002784
2026-06-09,-0.17655086230091266
2026-06-10,-0.27910623091044795
2026-06-11,-0.3692858633221059
2026-06-12,-0.4749909020293981
2026-06-15,-0.5273004550489042
2026-06-16,-0.5849426333990642
2026-06-17,-0.651926002099013
2026-06-18,-0.7211206207084819
2026-06-22,-0.8126990152713018
2026-06-23,-0.8860865660221453
2026-06-24,-0.9389699393902529
2026-06-25,-0.9740078088347568
2026-06-26,-0.9882202448733537
2026-06-29,-0.9945699582732719
2026-06-30,0.0
2026-07-01,0.0
2026-07-02,0.0
2026-07-06,0.0
2026-07-07,0.0
2026-07-08,0.0
2026-07-09,0.0
2026-07-10,0.0
2026-07-13,0.0
2026-07-14,0.0
2026-07-15,0.0
2026-07-16,6.661338147750939e-16
2026-07-17,0.10801612967189267
2026-07-20,0.3043894962677518
2026-07-21,0.3959537727987612
2026-07-22,0.19073392661541178
2026-07-23,-0.06051095812585472
2026-07-24,-0.3078429617743772
2026-07-27,-0.2444363019518141
