2010-06-29,0.0
2010-06-30,0.0
2010-07-01,0.0
2010-07-02,0.0
2010-07-06,0.0
2010-07-07,0.0
2010-07-08,0.0
2010-07-09,0.0
2010-07-12,0.0
2010-07-13,0.0
2010-07-14,0.0
2010-07-15,2.220446049250313e-16
2010-07-16,0.11308878257722066
2010-07-19,0.30800158362646446
2010-07-20,0.3712840511701576
2010-07-21,0.4235722587179249
2010-07-22,0.5146309154717221
2010-07-23,0.6068894564578693
2010-07-26,0.6701538884258507
2010-07-27,0.7095659909054077
2010-07-28,0.7497997007355832
2010-07-29,0.7739175366722257
2010-07-30,0.7844066585370126
2010-08-02,0.8189336009168426
2010-08-03,0.8682478104251756
2010-08-04,0.8952492342385845
2010-08-05,0.9065456683038826
2010-08-06,0.9056267119601253
2010-08-09,0.9049695402426927
2010-08-10,0.8967477888550943
2010-08-11,0.870963175505377
2010-08-12,0.8358923487403696
2010-08-13,0.8112102664170138
2010-08-16,0.7951736781490693
2010-08-17,0.7871533222097753
2010-08-18,0.7705315976645011
2010-08-19,0.7540739206601685
2010-08-20,0.7449930480500604
2010-08-23,0.7605339648135905
2010-08-24,0.7542441265825333
2010-08-25,0.7639810213495555
2010-08-26,0.7700695275655995
2010-08-27,0.7749235875344911
2010-08-30,0.7831065514083657
2010-08-31,0.7832754431752968
2010-09-01,0.8020142229695231
2010-09-02,0.829427954827537
2010-09-03,0.8533064457629633
2010-09-07,0.867557086590732
2010-09-08,0.8847791822805307
2010-09-09,0.8979427749097799
2010-09-10,0.9044521543925597
2010-09-13,0.9155475593738343
2010-09-14,0.928554232465538
2010-09-15,0.945178621762601
2010-09-16,0.9529670854899561
2010-09-17,0.956293299576138
2010-09-20,0.9630749081397294
2010-09-21,0.9677803505876814
2010-09-22,0.9687755930301205
2010-09-23,0.9686337019732842
2010-09-24,0.9704016067019601
2010-09-27,0.9734251870944604
2010-09-28,0.9784707430740396
2010-09-29,0.9837917868147692
2010-09-30,0.985265717561105
2010-10-01,0.9869155392487354
2010-10-04,0.9889335354224709
2010-10-05,0.9908025232256168
2010-10-06,0.0
2010-10-07,0.0
2010-10-08,0.0
2010-10-11,0.0
2010-10-12,0.0
2010-10-13,0.0
2010-10-14,0.0
2010-10-15,0.0
2010-10-18,0.0
2010-10-19,0.0
2010-10-20,0.0
2010-10-21,1.0436096431476471e-14
2010-10-22,0.2733851350802785
2010-10-25,0.5944044064696787
2010-10-26,0.939844822400913
2010-10-27,0.9858378815181457
2010-10-28,0.9986422310205982
2010-10-29,0.0
2010-11-01,0.0
2010-11-02,0.0
2010-11-03,0.0
2010-11-04,0.0
2010-11-05,0.0
2010-11-08,0.0
2010-11-09,0.0
2010-11-10,0.0
2010-11-11,0.0
2010-11-12,0.0
2010-11-15,0.0
2010-11-16,0.275012550135898
2010-11-17,0.493395651712663
2010-11-18,0.67562422020525
2010-11-19,0.8282146491372453
2010-11-22,0.9418048937889056
2010-11-23,0.9865979648703227
2010-11-24,0.9979416551205063
2010-11-26,0.0
2010-11-29,0.0
2010-11-30,0.0
2010-12-01,0.0
2010-12-02,0.0
2010-12-03,0.0
2010-12-06,0.0
2010-12-07,0.0
2010-12-08,0.0
2010-12-09,0.0
2010-12-10,0.0
2010-12-13,2.6645352591003757e-15
2010-12-14,-0.4804987871054873
2010-12-15,-0.7195401527648229
2010-12-16,-0.8093530939476643
2010-12-17,-0.8520219648778002
2010-12-20,-0.8742342379155619
2010-12-21,-0.8757001737731458
2010-12-22,-0.8652566184172243
2010-12-23,-0.9248221933328085
2010-12-27,-0.9909947301884332
2010-12-28,0.0
2010-12-29,0.0
2010-12-30,0.0
2010-12-31,0.0
2011-01-03,0.0
2011-01-04,0.0
2011-01-05,0.0
2011-01-06,0.0
2011-01-07,0.0
2011-01-10,0.0
2011-01-11,0.0
2011-01-12,6.439293542825908e-15
2011-01-13,-0.28245151033515237
2011-01-14,-0.6168267605826039
2011-01-18,-0.8347965423707109
2011-01-19,-0.9849902932566688
2011-01-20,-0.9999004320799034
2011-01-21,0.0
2011-01-24,0.0
2011-01-25,0.0
2011-01-26,0.0
2011-01-27,0.0
2011-01-28,0.0
2011-01-31,0.0
2011-02-01,0.0
2011-02-02,0.0
2011-02-03,0.0
2011-02-04,0.0
2011-02-07,1.1102230246251565e-15
2011-02-08,0.1711349582356103
2011-02-09,-0.10147621537036255
2011-02-10,-0.34261567536934123
2011-02-11,-0.5331832924446576
2011-02-14,-0.7112371827322224
2011-02-15,-0.8573034351374906
2011-02-16,-0.7540951948119483
2011-02-17,-0.7970656615972764
2011-02-18,-0.8732787626722867
2011-02-22,-0.9731943337275872
2011-02-23,-0.9960901177139003
2011-02-24,0.0
2011-02-25,0.0
2011-02-28,0.0
2011-03-01,0.0
2011-03-02,0.0
2011-03-03,0.0
2011-03-04,0.0
2011-03-07,0.0
2011-03-08,0.0
2011-03-09,0.0
2011-03-10,0.0
2011-03-11,-1.1102230246251565e-15
2011-03-14,-0.28725909826246077
2011-03-15,-0.5928593130439355
2011-03-16,-0.8094233733086444
2011-03-17,-0.9220903560409752
2011-03-18,-0.9674004883579974
2011-03-21,-0.9898926516607034
2011-03-22,-0.9984762266498892
2011-03-23,0.0
2011-03-24,0.0
2011-03-25,0.0
2011-03-28,0.0
2011-03-29,0.0
2011-03-30,0.0
2011-03-31,0.0
2011-04-01,0.0
2011-04-04,0.0
2011-04-05,0.0
2011-04-06,0.0
2011-04-07,-1.5543122344752192e-15
2011-04-08,0.1687824398584099
2011-04-11,0.19961660923821123
2011-04-12,0.16835739987614562
2011-04-13,0.16560890330991396
2011-04-14,0.18239918418925805
2011-04-15,0.2368765207994714
2011-04-18,0.24147500764893448
2011-04-19,0.2566581645324033
2011-04-20,0.3174797075892022
2011-04-21,0.44432686225616025
2011-04-25,0.532448560898739
2011-04-26,0.6379893092653186
2011-04-27,0.7303951563088331
2011-04-28,0.8211752673647252
2011-04-29,0.8837272244788028
2011-05-02,0.9241700800212622
2011-05-03,0.9453204666606401
2011-05-04,0.9593527443771375
2011-05-05,0.9682462708499988
2011-05-06,0.9787474534640122
2011-05-09,0.9883243810220932
2011-05-10,0.9943783470285015
2011-05-11,0.0
2011-05-12,0.0
2011-05-13,0.0
2011-05-16,0.0
2011-05-17,0.0
2011-05-18,0.0
2011-05-19,0.0
2011-05-20,0.0
2011-05-23,0.0
2011-05-24,0.0
2011-05-25,0.0
2011-05-26,3.552713678800501e-15
2011-05-27,0.4144425396810658
2011-05-31,0.7692187683875162
2011-06-01,0.8434178038416418
2011-06-02,0.9067514316859673
2011-06-03,0.9746985917182232
2011-06-06,0.9857066975381326
2011-06-07,0.9901874710508805
2011-06-08,0.0
2011-06-09,0.0
2011-06-10,0.0
2011-06-13,0.0
2011-06-14,0.0
2011-06-15,0.0
2011-06-16,0.0
2011-06-17,0.0
2011-06-20,0.0
2011-06-21,0.0
2011-06-22,0.0
2011-06-23,-2.886579864025407e-15
2011-06-24,0.05809168714380375
2011-06-27,0.08148058012781911
2011-06-28,0.2718394195076759
2011-06-29,0.4750724057038427
2011-06-30,0.7585692318164294
2011-07-01,0.8997785304617263
2011-07-05,0.9666253067657351
2011-07-06,0.9887777820065582
2011-07-07,0.9983305609712154
2011-07-08,0.0
2011-07-11,0.0
2011-07-12,0.0
2011-07-13,0.0
2011-07-14,0.0
2011-07-15,0.0
2011-07-18,0.0
2011-07-19,0.0
2011-07-20,0.0
2011-07-21,0.0
2011-07-22,0.0
2011-07-25,-7.549516567451064e-15
2011-07-26,-0.10481880647792585
2011-07-27,-0.32031596034973253
2011-07-28,-0.3465847104925315
2011-07-29,-0.37111827044565016
2011-08-01,-0.2170759941363527
2011-08-02,-0.4757167548873271
2011-08-03,-0.6979342713668992
2011-08-04,-0.9792711871786379
2011-08-05,-0.9997980324308218
2011-08-08,0.0
2011-08-09,0.0
2011-08-10,0.0
2011-08-11,0.0
2011-08-12,0.0
2011-08-15,0.0
2011-08-16,0.0
2011-08-17,0.0
2011-08-18,0.0
2011-08-19,0.0
2011-08-22,0.0
2011-08-23,0.0
2011-08-24,-0.0867660602368252
2011-08-25,-0.26675059771684073
2011-08-26,-0.3501468754234376
2011-08-29,-0.31269873789006475
2011-08-30,-0.2864348144927382
2011-08-31,-0.24895606973819606
2011-09-01,-0.29584801254068593
2011-09-02,-0.4334640301909336
2011-09-06,-0.5621200668336117
2011-09-07,-0.602346576193785
2011-09-08,-0.6548609704330772
2011-09-09,-0.7384314173836606
2011-09-12,-0.8084810318455071
2011-09-13,-0.8168958524630381
2011-09-14,-0.8144053332320811
2011-09-15,-0.7917851700678955
2011-09-16,-0.719295354880745
2011-09-19,-0.6366097931895136
2011-09-20,-0.5267289894969123
2011-09-21,-0.41761154951732293
2011-09-22,-0.32008196074961126
2011-09-23,-0.15586455485230566
2011-09-26,-0.06421031069744765
2011-09-27,0.08291998502313791
2011-09-28,0.09103324766483079
2011-09-29,0.05995726010147284
2011-09-30,0.05179737297328013
2011-10-03,-0.009754556001203563
2011-10-04,-0.07532978488758868
2011-10-05,-0.003970321741505245
2011-10-06,0.18862409407572756
2011-10-07,0.3685038715078206
2011-10-10,0.5766859418336403
2011-10-11,0.7239122468497299
2011-10-12,0.8352845869677286
2011-10-13,0.910203299128524
2011-10-14,0.9553063314856995
2011-10-17,0.9758744132970909
2011-10-18,0.9901487639881217
2011-10-19,0.0
2011-10-20,0.0
2011-10-21,0.0
2011-10-24,0.0
2011-10-25,0.0
2011-10-26,0.0
2011-10-27,0.0
2011-10-28,0.0
2011-10-31,0.0
2011-11-01,0.0
2011-11-02,0.0
2011-11-03,2.220446049250313e-15
2011-11-04,0.5261953155266714
2011-11-07,0.7600641357606637
2011-11-08,0.9131932773798361
2011-11-09,0.9586159466903241
2011-11-10,0.9848825638325234
2011-11-11,0.9986325690462643
2011-11-14,0.0
2011-11-15,0.0
2011-11-16,0.0
2011-11-17,0.0
2011-11-18,0.0
2011-11-21,0.0
2011-11-22,0.0
2011-11-23,0.0
2011-11-25,0.0
2011-11-28,0.0
2011-11-29,0.0
2011-11-30,8.659739592076221e-15
2011-12-01,-0.019971367389816752
2011-12-02,0.10060344658496989
2011-12-05,0.40912616425809256
2011-12-06,0.6959444688669081
2011-12-07,0.8182012598847157
2011-12-08,0.6319020443159893
2011-12-09,0.3977680264289192
2011-12-12,0.024423563746559296
2011-12-13,-0.472342181151713
2011-12-14,-0.851947695770682
2011-12-15,-0.9727753344134165
2011-12-16,-0.9977633335250264
2011-12-19,0.0
2011-12-20,0.0
2011-12-21,0.0
2011-12-22,0.0
2011-12-23,0.0
2011-12-27,0.0
2011-12-28,0.0
2011-12-29,0.0
2011-12-30,0.0
2012-01-03,0.0
2012-01-04,0.0
2012-01-05,-1.5543122344752192e-15
2012-01-06,-0.4701111822165469
2012-01-09,-0.6942845771930348
2012-01-10,-0.7691950939269003
2012-01-11,-0.7060774558688403
2012-01-12,-0.6323550996319252
2012-01-13,-0.9993293756283252
2012-01-17,0.0
2012-01-18,0.0
2012-01-19,0.0
2012-01-20,0.0
2012-01-23,0.0
2012-01-24,0.0
2012-01-25,0.0
2012-01-26,0.0
2012-01-27,0.0
2012-01-30,0.0
2012-01-31,0.0
2012-02-01,6.661338147750939e-16
2012-02-02,0.38717094258298257
2012-02-03,0.7564721760803308
2012-02-06,0.944567898832201
2012-02-07,0.9900831213607544
2012-02-08,0.0
2012-02-09,0.0
2012-02-10,0.0
2012-02-13,0.0
2012-02-14,0.0
2012-02-15,0.0
2012-02-16,0.0
2012-02-17,0.0
2012-02-21,0.0
2012-02-22,0.0
2012-02-23,0.0
2012-02-24,0.0
2012-02-27,0.04904202040624628
2012-02-28,0.1255790626049531
2012-02-29,0.13322296994975935
2012-03-01,0.28976516767530325
2012-03-02,0.3783347039530458
2012-03-05,0.4240878270543873
2012-03-06,0.3859366672249456
2012-03-07,0.3502473061254405
2012-03-08,0.3094932698186481
2012-03-09,0.46611740854372563
2012-03-12,0.7027837573162492
2012-03-13,0.8551722193734328
2012-03-14,0.9168732900142165
2012-03-15,0.949209971048655
2012-03-16,0.9731699698346317
2012-03-19,0.9843070375920155
2012-03-20,0.9909127662210653
2012-03-21,0.0
2012-03-22,0.0
2012-03-23,0.0
2012-03-26,0.0
2012-03-27,0.0
2012-03-28,0.0
2012-03-29,0.0
2012-03-30,0.0
2012-04-02,0.0
2012-04-03,0.0
2012-04-04,0.0
2012-04-05,-2.886579864025407e-15
2012-04-09,-0.42789551955168603
2012-04-10,-0.7731457709111709
2012-04-11,-0.9115298155250602
2012-04-12,-0.9652806697601486
2012-04-13,-0.9866144705146802
2012-04-16,-0.9974844464809374
2012-04-17,0.0
2012-04-18,0.0
2012-04-19,0.0
2012-04-20,0.0
2012-04-23,0.0
2012-04-24,0.0
2012-04-25,0.0
2012-04-26,0.0
2012-04-27,0.0
2012-04-30,0.0
2012-05-01,0.0
2012-05-02,4.440892098500626e-15
2012-05-03,-0.16242991743722657
2012-05-04,-0.479088761188996
2012-05-07,-0.5804688234002309
2012-05-08,-0.9278841678072609
2012-05-09,-0.9945194723519462
2012-05-10,0.0
2012-05-11,0.0
2012-05-14,0.0
2012-05-15,0.0
2012-05-16,0.0
2012-05-17,0.0
2012-05-18,0.0
2012-05-21,0.0
2012-05-22,0.0
2012-05-23,0.0
2012-05-24,0.0
2012-05-25,2.886579864025407e-15
2012-05-29,0.23123268578169864
2012-05-30,0.2695021034775995
2012-05-31,0.18914266294742177
2012-06-01,-0.062103067359218
2012-06-04,-0.3244151769973296
2012-06-05,-0.5378800457927226
2012-06-06,-0.5993725353742438
2012-06-07,-0.6743521520850013
2012-06-08,-0.6609491573947959
2012-06-11,-0.7125993754490079
2012-06-12,-0.7261655485464966
2012-06-13,-0.7327159839030117
2012-06-14,-0.7594479034676378
2012-06-15,-0.7578378777343979
2012-06-18,-0.6450328660054159
2012-06-19,-0.4900590695496523
2012-06-20,-0.1574551206071073
2012-06-21,0.04585119050599373
2012-06-22,0.3771669759514642
2012-06-25,0.5959795810282509
2012-06-26,0.6813317623619863
2012-06-27,0.7676299935042636
2012-06-28,0.8150048747333052
2012-06-29,0.850236767319116
2012-07-02,0.8549750422587801
2012-07-03,0.8667710170022855
2012-07-05,0.8912906092996695
2012-07-06,0.906960487976133
2012-07-09,0.9288045921652082
2012-07-10,0.9431029327228941
2012-07-11,0.9571996564795364
2012-07-12,0.9762509750998514
2012-07-13,0.99175089651161
2012-07-16,0.0
2012-07-17,0.0
2012-07-18,0.0
2012-07-19,0.0
2012-07-20,0.0
2012-07-23,0.0
2012-07-24,0.0
2012-07-25,0.0
2012-07-26,0.0
2012-07-27,0.0
2012-07-30,0.0
2012-07-31,2.4424906541753444e-15
2012-08-01,-0.3589571292773184
2012-08-02,-0.6392840574601082
2012-08-03,-0.7758739718436765
2012-08-06,-0.8393250859225847
2012-08-07,-0.8369882140671665
2012-08-08,-0.8648609939158771
2012-08-09,-0.8814181492504773
2012-08-10,-0.8857470571234225
2012-08-13,-0.8649960183474366
2012-08-14,-0.880864370692851
2012-08-15,-0.8951378272227
2012-08-16,-0.8931125966276079
2012-08-17,-0.8961281055101284
2012-08-20,-0.9067001355083053
2012-08-21,-0.9213231249251226
2012-08-22,-0.9241233037633307
2012-08-23,-0.917441350277004
2012-08-24,-0.9257790585421906
2012-08-27,-0.9445028282448689
2012-08-28,-0.9561852922969056
2012-08-29,-0.9670675843857617
2012-08-30,-0.9753562153035298
2012-08-31,-0.9812764035763142
2012-09-04,-0.9867496517446444
2012-09-05,-0.9910151629877715
2012-09-06,0.0
2012-09-07,0.0
2012-09-10,0.0
2012-09-11,0.0
2012-09-12,0.0
2012-09-13,0.0
2012-09-14,0.0
2012-09-17,0.0
2012-09-18,0.0
2012-09-19,0.0
2012-09-20,0.0
2012-09-21,0.0
2012-09-24,0.1269186002824889
2012-09-25,-0.160771979144124
2012-09-26,-0.42483147111770103
2012-09-27,-0.543274270679404
2012-09-28,-0.5737025339370998
2012-10-01,-0.6116377425556905
2012-10-02,-0.5952279494905066
2012-10-03,-0.6194935550675711
2012-10-04,-0.6346894533344476
2012-10-05,-0.6836897717148411
2012-10-08,-0.7050069709210904
2012-10-09,-0.7719445141670382
2012-10-10,-0.8241895360894815
2012-10-11,-0.8681524918581465
2012-10-12,-0.9178026236037007
2012-10-15,-0.9543690194477914
2012-10-16,-0.9695838298198165
2012-10-17,-0.9747192784426013
2012-10-18,-0.9834709818548666
2012-10-19,-0.9902979810425421
2012-10-22,0.0
2012-10-23,0.0
2012-10-24,0.0
2012-10-25,0.0
2012-10-26,0.0
2012-10-31,0.0
2012-11-01,0.0
2012-11-02,0.0
2012-11-05,0.0
2012-11-06,0.0
2012-11-07,0.0
2012-11-08,1.3322676295501878e-15
2012-11-09,0.14487735624593667
2012-11-12,0.36118768649987665
2012-11-13,0.5869981195929874
2012-11-14,0.734082117332457
2012-11-15,0.8098153146260105
2012-11-16,0.8986315692513622
2012-11-19,0.9638431374685565
2012-11-20,0.9889310341382456
2012-11-21,0.9962433267633595
2012-11-23,0.0
2012-11-26,0.0
2012-11-27,0.0
2012-11-28,0.0
2012-11-29,0.0
2012-11-30,0.0
2012-12-03,0.0
2012-12-04,0.0
2012-12-05,0.0
2012-12-06,0.0
2012-12-07,0.0
2012-12-10,-6.8833827526759706e-15
2012-12-11,0.4197805475212879
2012-12-12,0.7107917753316173
2012-12-13,0.7072447742265109
2012-12-14,0.7297133533474276
2012-12-17,0.8105538957835843
2012-12-18,0.8816391311076262
2012-12-19,0.9287716088912688
2012-12-20,0.9533758626778606
2012-12-21,0.9607559872355222
2012-12-24,0.9721017477688263
2012-12-26,0.9698738328728016
2012-12-27,0.9694954181728734
2012-12-28,0.9599804715385425
2012-12-31,0.9636170432614619
2013-01-02,0.985897636750205
2013-01-03,0.9926041794701164
2013-01-04,0.0
2013-01-07,0.0
2013-01-08,0.0
2013-01-09,0.0
2013-01-10,0.0
2013-01-11,0.0
2013-01-14,0.0
2013-01-15,0.0
2013-01-16,0.0
2013-01-17,0.0
2013-01-18,0.0
2013-01-22,2.4424906541753444e-15
2013-01-23,0.6272719798382775
2013-01-24,0.9676807444697217
2013-01-25,0.9990392362435863
2013-01-28,0.0
2013-01-29,0.0
2013-01-30,0.0
2013-01-31,0.0
2013-02-01,0.0
2013-02-04,0.0
2013-02-05,0.0
2013-02-06,0.0
2013-02-07,0.0
2013-02-08,0.0
2013-02-11,0.0
2013-02-12,-6.8833827526759706e-15
2013-02-13,0.05530810147707732
2013-02-14,0.04960890546323471
2013-02-15,-0.3228006494558664
2013-02-19,-0.025685661268449067
2013-02-20,0.04932993724477153
2013-02-21,-0.6984978874048351
2013-02-22,-0.9191865338223999
2013-02-25,-0.997284026145691
2013-02-26,0.0
2013-02-27,0.0
2013-02-28,0.0
2013-03-01,0.0
2013-03-04,0.0
2013-03-05,0.0
2013-03-06,0.0
2013-03-07,0.0
2013-03-08,0.0
2013-03-11,0.0
2013-03-12,0.0
2013-03-13,-1.5543122344752192e-15
2013-03-14,-0.0061346468891612105
2013-03-15,-0.18578082060541123
2013-03-18,-0.35876275691204285
2013-03-19,-0.5109224147567475
2013-03-20,-0.5722889525280632
2013-03-21,-0.6221455407792573
2013-03-22,-0.6279077257488082
2013-03-25,-0.57388948326202
2013-03-26,-0.4948107324550586
2013-03-27,-0.3895633328726098
2013-03-28,-0.30310659864563316
2013-04-01,0.29323026670267494
2013-04-02,0.7515441311647992
2013-04-03,0.8827463022184094
2013-04-04,0.9602357752299469
2013-04-05,0.9862979029286452
2013-04-08,0.9963310240547665
2013-04-09,0.0
2013-04-10,0.0
2013-04-11,0.0
2013-04-12,0.0
2013-04-15,0.0
2013-04-16,0.0
2013-04-17,0.0
2013-04-18,0.0
2013-04-19,0.0
2013-04-22,0.0
2013-04-23,0.0
2013-04-24,-3.1086244689504383e-15
2013-04-25,0.37576527596681175
2013-04-26,0.6224651088378437
2013-04-29,0.8733294965848519
2013-04-30,0.9609647904069809
2013-05-01,0.9882660669735726
2013-05-02,0.9973762788647045
2013-05-03,0.0
2013-05-06,0.0
2013-05-07,0.0
2013-05-08,0.0
2013-05-09,0.0
2013-05-10,0.0
2013-05-13,0.0
2013-05-14,0.0
2013-05-15,0.0
2013-05-16,0.0
2013-05-17,0.0
2013-05-20,0.0
2013-05-21,0.17966204180530942
2013-05-22,0.33394622193651746
2013-05-23,0.5255788437781708
2013-05-24,0.7075325266226735
2013-05-28,0.8861658078476806
2013-05-29,0.9537117915950664
2013-05-30,0.9830764038811197
2013-05-31,0.9921850744555922
2013-06-03,0.0
2013-06-04,0.0
2013-06-05,0.0
2013-06-06,0.0
2013-06-07,0.0
2013-06-10,0.0
2013-06-11,0.0
2013-06-12,0.0
2013-06-13,0.0
2013-06-14,0.0
2013-06-17,0.0
2013-06-18,0.0
2013-06-19,0.39678057528805555
2013-06-20,0.5096797648904796
2013-06-21,0.5567261678999558
2013-06-24,0.672854422856715
2013-06-25,0.7868682265473168
2013-06-26,0.9150466705835356
2013-06-27,0.9840599424896264
2013-06-28,0.9967376440102087
2013-07-01,0.0
2013-07-02,0.0
2013-07-03,0.0
2013-07-05,0.0
2013-07-08,0.0
2013-07-09,0.0
2013-07-10,0.0
2013-07-11,0.0
2013-07-12,0.0
2013-07-15,0.0
2013-07-16,0.0
2013-07-17,3.3306690738754696e-15
2013-07-18,-0.069846587024603
2013-07-19,-0.10983665414851007
2013-07-22,-0.04722603367939637
2013-07-23,0.022533992398651836
2013-07-24,0.05236177020324195
2013-07-25,0.15863517710331432
2013-07-26,0.41362167271775685
2013-07-29,0.7190952493560374
2013-07-30,0.8599328546992788
2013-07-31,0.9489696737263278
2013-08-01,0.9858619774014532
2013-08-02,0.9975115476532155
2013-08-05,0.0
2013-08-06,0.0
2013-08-07,0.0
2013-08-08,0.0
2013-08-09,0.0
2013-08-12,0.0
2013-08-13,0.0
2013-08-14,0.0
2013-08-15,0.0
2013-08-16,0.0
2013-08-19,0.0
2013-08-20,-3.3306690738754696e-15
2013-08-21,0.12438223925173308
2013-08-22,0.5385840578756409
2013-08-23,0.8645306162060338
2013-08-26,0.9789322463570398
2013-08-27,0.9985901586707262
2013-08-28,0.0
2013-08-29,0.0
2013-08-30,0.0
2013-09-03,0.0
2013-09-04,0.0
2013-09-05,0.0
2013-09-06,0.0
2013-09-09,0.0
2013-09-10,0.0
2013-09-11,0.0
2013-09-12,0.0
2013-09-13,1.532107773982716e-14
2013-09-16,-0.000458649018915791
2013-09-17,-0.027387799008461222
2013-09-18,-0.05319387053243663
2013-09-19,0.6537146498684003
2013-09-20,0.9817878155490267
2013-09-23,0.9995530140354927
2013-09-24,0.0
2013-09-25,0.0
2013-09-26,0.0
2013-09-27,0.0
2013-09-30,0.0
2013-10-01,0.0
2013-10-02,0.0
2013-10-03,0.0
2013-10-04,0.0
2013-10-07,0.0
2013-10-08,0.0
2013-10-09,-2.4424906541753444e-15
2013-10-10,-0.2760406246483549
2013-10-11,-0.37197741857662603
2013-10-14,-0.4339534647878527
2013-10-15,-0.39966300133414734
2013-10-16,-0.3752989940560276
2013-10-17,-0.3685324957019964
2013-10-18,-0.3498075342324116
2013-10-21,-0.5383508987699632
2013-10-22,-0.6992599281976593
2013-10-23,-0.8692463302126416
2013-10-24,-0.9177195016980415
2013-10-25,-0.9592283431859332
2013-10-28,-0.9881084687482637
2013-10-29,-0.9965803389424635
2013-10-30,0.0
2013-10-31,0.0
2013-11-01,0.0
2013-11-04,0.0
2013-11-05,0.0
2013-11-06,0.0
2013-11-07,0.0
2013-11-08,0.0
2013-11-11,0.0
2013-11-12,0.0
2013-11-13,0.0
2013-11-14,1.9984014443252818e-15
2013-11-15,-0.24250567603543693
2013-11-18,-0.6036954106141401
2013-11-19,-0.7966185224736124
2013-11-20,-0.920696490466774
2013-11-21,-0.9717276969393036
2013-11-22,-0.9912218677530165
2013-11-25,0.0
2013-11-26,0.0
2013-11-27,0.0
2013-11-29,0.0
2013-12-02,0.0
2013-12-03,0.0
2013-12-04,0.0
2013-12-05,0.0
2013-12-06,0.0
2013-12-09,0.0
2013-12-10,0.0
2013-12-11,2.6645352591003757e-15
2013-12-12,0.3274788939734774
2013-12-13,0.5877623842326005
2013-12-16,0.769516680896356
2013-12-17,0.9071076271752296
2013-12-18,0.955938663623376
2013-12-19,0.9676153306127486
2013-12-20,0.9799080171440517
2013-12-23,0.9879057584654072
2013-12-24,0.995982521043302
2013-12-26,0.0
2013-12-27,0.0
2013-12-30,0.0
2013-12-31,0.0
2014-01-02,0.0
2014-01-03,0.0
2014-01-06,0.0
2014-01-07,0.0
2014-01-08,0.0
2014-01-09,0.0
2014-01-10,0.0
2014-01-13,7.549516567451064e-15
2014-01-14,0.5985917001863239
2014-01-15,0.9293042308170283
2014-01-16,0.998371200972483
2014-01-17,0.0
2014-01-21,0.0
2014-01-22,0.0
2014-01-23,0.0
2014-01-24,0.0
2014-01-27,0.0
2014-01-28,0.0
2014-01-29,0.0
2014-01-30,0.0
2014-01-31,0.0
2014-02-03,0.0
2014-02-04,-4.440892098500626e-15
2014-02-05,-0.13839666905547432
2014-02-06,-0.06662343179649843
2014-02-07,0.3847469294242072
2014-02-10,0.9009391987989135
2014-02-11,0.9936995766806374
2014-02-12,0.0
2014-02-13,0.0
2014-02-14,0.0
2014-02-18,0.0
2014-02-19,0.0
2014-02-20,0.0
2014-02-21,0.0
2014-02-24,0.0
2014-02-25,0.0
2014-02-26,0.0
2014-02-27,0.0
2014-02-28,-1.1102230246251565e-15
2014-03-03,0.2889393894838137
2014-03-04,0.5539876991317398
2014-03-05,0.7303738431739055
2014-03-06,0.8466582015483575
2014-03-07,0.9040281555122232
2014-03-10,0.9306739870792986
2014-03-11,0.9449201393226452
2014-03-12,0.9627421941553911
2014-03-13,0.9726751422261155
2014-03-14,0.976486955307988
2014-03-17,0.981132055007897
2014-03-18,0.9868948730947056
2014-03-19,0.9899450374009371
2014-03-20,0.9921078115833499
2014-03-21,0.0
2014-03-24,0.0
2014-03-25,0.0
2014-03-26,0.0
2014-03-27,0.0
2014-03-28,0.0
2014-03-31,0.0
2014-04-01,0.0
2014-04-02,0.0
2014-04-03,0.0
2014-04-04,0.0
2014-04-07,2.220446049250313e-15
2014-04-08,-0.039642753101927
2014-04-09,-0.03787453716661604
2014-04-10,-0.3472557721858591
2014-04-11,-0.5988195200927215
2014-04-14,-0.8311565513949848
2014-04-15,-0.9549267061947637
2014-04-16,-0.9858272606695393
2014-04-17,-0.9963576536320162
2014-04-21,0.0
2014-04-22,0.0
2014-04-23,0.0
2014-04-24,0.0
2014-04-25,0.0
2014-04-28,0.0
2014-04-29,0.0
2014-04-30,0.0
2014-05-01,0.0
2014-05-02,0.0
2014-05-05,0.0
2014-05-06,5.329070518200751e-15
2014-05-07,-0.24616137208690203
2014-05-08,-0.9025676989282827
2014-05-09,-0.9939762042430473
2014-05-12,0.0
2014-05-13,0.0
2014-05-14,0.0
2014-05-15,0.0
2014-05-16,0.0
2014-05-19,0.0
2014-05-20,0.0
2014-05-21,0.0
2014-05-22,0.0
2014-05-23,0.0
2014-05-27,0.0
2014-05-28,3.9968028886505635e-15
2014-05-29,0.3028843381129773
2014-05-30,0.501721978268935
2014-06-02,0.6094286716433488
2014-06-03,0.6997044826222492
2014-06-04,0.761123409646266
2014-06-05,0.8349938948450182
2014-06-06,0.8949594193956718
2014-06-09,0.9235860697277696
2014-06-10,0.9348218113012345
2014-06-11,0.9505800832766638
2014-06-12,0.9605636102446986
2014-06-13,0.9733472976092492
2014-06-16,0.9943926801522178
2014-06-17,0.0
2014-06-18,0.0
2014-06-19,0.0
2014-06-20,0.0
2014-06-23,0.0
2014-06-24,0.0
2014-06-25,0.0
2014-06-26,0.0
2014-06-27,0.0
2014-06-30,0.0
2014-07-01,0.0
2014-07-02,3.774758283725532e-15
2014-07-03,-0.212649356819814
2014-07-07,-0.626136854920404
2014-07-08,-0.9033850485859847
2014-07-09,-0.9704771252956685
2014-07-10,-0.9955633267915325
2014-07-11,0.0
2014-07-14,0.0
2014-07-15,0.0
2014-07-16,0.0
2014-07-17,0.0
2014-07-18,0.0
2014-07-21,0.0
2014-07-22,0.0
2014-07-23,0.0
2014-07-24,0.0
2014-07-25,0.0
2014-07-28,5.551115123125783e-15
2014-07-29,0.26416391031440156
2014-07-30,0.6650181900874927
2014-07-31,0.7342382904121958
2014-08-01,0.9547142084181073
2014-08-04,0.9987251546814111
2014-08-05,0.0
2014-08-06,0.0
2014-08-07,0.0
2014-08-08,0.0
2014-08-11,0.0
2014-08-12,0.0
2014-08-13,0.0
2014-08-14,0.0
2014-08-15,0.0
2014-08-18,0.0
2014-08-19,0.0
2014-08-20,-7.771561172376096e-15
2014-08-21,-0.02928482000709276
2014-08-22,0.017009757036509754
2014-08-25,0.224901768399681
2014-08-26,0.386263394536035
2014-08-27,0.5543453596442096
2014-08-28,0.6954867441115806
2014-08-29,0.8575074664944433
2014-09-02,0.9807169078845162
2014-09-03,0.9979436861013897
2014-09-04,0.0
2014-09-05,0.0
2014-09-08,0.0
2014-09-09,0.0
2014-09-10,0.0
2014-09-11,0.0
2014-09-12,0.0
2014-09-15,0.0
2014-09-16,0.0
2014-09-17,0.0
2014-09-18,0.0
2014-09-19,5.551115123125783e-15
2014-09-22,-0.4145244703023234
2014-09-23,-0.7026023922171039
2014-09-24,-0.8572510301184808
2014-09-25,-0.9522625092032211
2014-09-26,-0.9865664133149878
2014-09-29,-0.9969893304855388
2014-09-30,0.0
2014-10-01,0.0
2014-10-02,0.0
2014-10-03,0.0
2014-10-06,0.0
2014-10-07,0.0
2014-10-08,0.0
2014-10-09,0.0
2014-10-10,0.0
2014-10-13,0.0
2014-10-14,0.0
2014-10-15,-3.1086244689504383e-15
2014-10-16,-0.30314359190409323
2014-10-17,-0.5336777532385524
2014-10-20,-0.6767648996172237
2014-10-21,-0.7463509421760386
2014-10-22,-0.8271116325115444
2014-10-23,-0.8663683783333267
2014-10-24,-0.8972051115458999
2014-10-27,-0.9524709013474217
2014-10-28,-0.951791348155139
2014-10-29,-0.9590904960796043
2014-10-30,-0.9645086225842381
2014-10-31,-0.9654510204019051
2014-11-03,-0.9652967546018656
2014-11-04,-0.9695314096722936
2014-11-05,-0.980093550707448
2014-11-06,-0.980918589652743
2014-11-07,-0.9824007326170914
2014-11-10,-0.98270073532856
2014-11-11,-0.9765257834323309
2014-11-12,-0.9708207460763418
2014-11-13,-0.961187228093326
2014-11-14,-0.9380585752602069
2014-11-17,-0.9167533473981788
2014-11-18,-0.88027070081155
2014-11-19,-0.8678806180818674
2014-11-20,-0.8517280785479735
2014-11-21,-0.8550236909550808
2014-11-24,-0.845337386826619
2014-11-25,-0.8306373106088922
2014-11-26,-0.8140471954131421
2014-11-28,-0.8120323043414337
2014-12-01,-0.8541608755964276
2014-12-02,-0.8885166358870151
2014-12-03,-0.919730107741237
2014-12-04,-0.94444289383115
2014-12-05,-0.9664419318151172
2014-12-08,-0.9849335149901672
2014-12-09,-0.9931458999089167
2014-12-10,0.0
2014-12-11,0.0
2014-12-12,0.0
2014-12-15,0.0
2014-12-16,0.0
2014-12-17,0.0
2014-12-18,0.0
2014-12-19,0.0
2014-12-22,0.0
2014-12-23,0.0
2014-12-24,0.0
2014-12-26,1.9984014443252818e-15
2014-12-29,0.2799542143785816
2014-12-30,0.44515662859153493
2014-12-31,0.5834071826960536
2015-01-02,0.6513581548533094
2015-01-05,0.584641351557504
2015-01-06,0.5344239638593318
2015-01-07,0.47904336131459635
2015-01-08,0.4183921743939809
2015-01-09,0.29001285373486074
2015-01-12,0.07889182842465337
2015-01-13,-0.0921787975138586
2015-01-14,-0.4352129945096783
2015-01-15,-0.6992547257416835
2015-01-16,-0.8532111766531343
2015-01-20,-0.9392834658757181
2015-01-21,-0.971537699466239
2015-01-22,-0.9833680133118712
2015-01-23,-0.9906479761970339
2015-01-26,0.0
2015-01-27,0.0
2015-01-28,0.0
2015-01-29,0.0
2015-01-30,0.0
2015-02-02,0.0
2015-02-03,0.0
2015-02-04,0.0
2015-02-05,0.0
2015-02-06,0.0
2015-02-09,0.0
2015-02-10,-1.7763568394002505e-15
2015-02-11,0.03272154813484174
2015-02-12,-0.22425428807066816
2015-02-13,-0.42251471007438823
2015-02-17,-0.5718567694532877
2015-02-18,-0.6877435923058923
2015-02-19,-0.674113211422041
2015-02-20,-0.5684669052275104
2015-02-23,-0.632502048393853
2015-02-24,-0.7319124773546737
2015-02-25,-0.811503832933405
2015-02-26,-0.8431849954757933
2015-02-27,-0.8949668374965669
2015-03-02,-0.9526662292359056
2015-03-03,-0.9769258544666681
2015-03-04,-0.9866743648329057
2015-03-05,-0.9934341916393461
2015-03-06,0.0
2015-03-09,0.0
2015-03-10,0.0
2015-03-11,0.0
2015-03-12,0.0
2015-03-13,0.0
2015-03-16,0.0
2015-03-17,0.0
2015-03-18,0.0
2015-03-19,0.0
2015-03-20,0.0
2015-03-23,-6.439293542825908e-15
2015-03-24,0.4071317182395202
2015-03-25,0.3875540012202625
2015-03-26,0.1707896875366406
2015-03-27,-0.32071390984085757
2015-03-30,-0.4829707670031953
2015-03-31,-0.6737230567502204
2015-04-01,-0.8291732338153497
2015-04-02,-0.8757184414285382
2015-04-06,-0.6825750574448166
2015-04-07,-0.36847996589073184
2015-04-08,0.2056672200425349
2015-04-09,0.7286973270107384
2015-04-10,0.9486373277715907
2015-04-13,0.9931954713380815
2015-04-14,0.0
2015-04-15,0.0
2015-04-16,0.0
2015-04-17,0.0
2015-04-20,0.0
2015-04-21,0.0
2015-04-22,0.0
2015-04-23,0.0
2015-04-24,0.0
2015-04-27,0.0
2015-04-28,0.0
2015-04-29,-2.4424906541753444e-15
2015-04-30,0.20501949933356656
2015-05-01,0.3831254736257925
2015-05-04,0.5961525131811329
2015-05-05,0.7724047195198316
2015-05-06,0.8660832792462745
2015-05-07,0.944947352293257
2015-05-08,0.9792599411763809
2015-05-11,0.994031321394313
2015-05-12,0.0
2015-05-13,0.0
2015-05-14,0.0
2015-05-15,0.0
2015-05-18,0.0
2015-05-19,0.0
2015-05-20,0.0
2015-05-21,0.0
2015-05-22,0.0
2015-05-26,0.0
2015-05-27,0.0
2015-05-28,0.0
2015-05-29,0.361634185565884
2015-06-01,0.5500291800480233
2015-06-02,0.6339197754658543
2015-06-03,0.7331141736498965
2015-06-04,0.6802717905035953
2015-06-05,0.7711739508034259
2015-06-08,0.9629095563124039
2015-06-09,0.9962121576892282
2015-06-10,0.0
2015-06-11,0.0
2015-06-12,0.0
2015-06-15,0.0
2015-06-16,0.0
2015-06-17,0.0
2015-06-18,0.0
2015-06-19,0.0
2015-06-22,0.0
2015-06-23,0.0
2015-06-24,0.0
2015-06-25,-7.105427357601002e-15
2015-06-26,0.26620546456931216
2015-06-29,0.35520241592765034
2015-06-30,0.579362034125456
2015-07-01,0.7540255252364898
2015-07-02,0.9389174218564722
2015-07-06,0.9887963582527846
2015-07-07,0.994495880585329
2015-07-08,0.0
2015-07-09,0.0
2015-07-10,0.0
2015-07-13,0.0
2015-07-14,0.0
2015-07-15,0.0
2015-07-16,0.0
2015-07-17,0.0
2015-07-20,0.0
2015-07-21,0.0
2015-07-22,0.0
2015-07-23,6.661338147750939e-15
2015-07-24,-0.00872854256889144
2015-07-27,-0.36112188574927684
2015-07-28,-0.371714991869049
2015-07-29,-0.4055420998096295
2015-07-30,-0.36933739951523004
2015-07-31,-0.3494203063608423
2015-08-03,-0.4634804110748354
2015-08-04,-0.44141539879745273
2015-08-05,-0.34018018343431544
2015-08-06,-0.6799465842015406
2015-08-07,-0.8961512223028179
2015-08-10,-0.9768082740672714
2015-08-11,-0.997216571450791
2015-08-12,0.0
2015-08-13,0.0
2015-08-14,0.0
2015-08-17,0.0
2015-08-18,0.0
2015-08-19,0.0
2015-08-20,0.0
2015-08-21,0.0
2015-08-24,0.0
2015-08-25,0.0
2015-08-26,0.0
2015-08-27,2.220446049250313e-15
2015-08-28,0.14318935180681702
2015-08-31,0.2804225935773399
2015-09-01,0.2584253385438937
2015-09-02,0.3599072027675787
2015-09-03,0.4245475825717455
2015-09-04,0.4416306761221078
2015-09-08,0.5246068336976326
2015-09-09,0.6036332039620844
2015-09-10,0.6677809741085758
2015-09-11,0.7344485792818989
2015-09-14,0.80502732871313
2015-09-15,0.8603562884110347
2015-09-16,0.9245602273475231
2015-09-17,0.961055902804123
2015-09-18,0.9797338515454608
2015-09-21,0.991172588788688
2015-09-22,0.0
2015-09-23,0.0
2015-09-24,0.0
2015-09-25,0.0
2015-09-28,0.0
2015-09-29,0.0
2015-09-30,0.0
2015-10-01,0.0
2015-10-02,0.0
2015-10-05,0.0
2015-10-06,0.0
2015-10-07,0.0
2015-10-08,-0.4912151560328992
2015-10-09,-0.8509347174386619
2015-10-12,-0.9791921825643295
2015-10-13,-0.9975543541670822
2015-10-14,0.0
2015-10-15,0.0
2015-10-16,0.0
2015-10-19,0.0
2015-10-20,0.0
2015-10-21,0.0
2015-10-22,0.0
2015-10-23,0.0
2015-10-26,0.0
2015-10-27,0.0
2015-10-28,0.0
2015-10-29,5.551115123125783e-15
2015-10-30,-0.28896604481577115
2015-11-02,-0.3343617260024676
2015-11-03,-0.5198199773823409
2015-11-04,-0.05443619549257672
2015-11-05,0.4079882654192162
2015-11-06,0.7404262073847987
2015-11-09,0.8500761755877637
2015-11-10,0.8483197685507871
2015-11-11,0.8702698669246896
2015-11-12,0.8362360169787673
2015-11-13,0.7250472375649863
2015-11-16,0.6958906247899819
2015-11-17,0.6614918304174469
2015-11-18,0.7299127574450517
2015-11-19,0.7941650885233931
2015-11-20,0.8292706402469348
2015-11-23,0.8405327178375976
2015-11-24,0.8548992174774721
2015-11-25,0.9313132783680182
2015-11-27,0.9740095538951565
2015-11-30,0.9902381184348987
2015-12-01,0.0
2015-12-02,0.0
2015-12-03,0.0
2015-12-04,0.0
2015-12-07,0.0
2015-12-08,0.0
2015-12-09,0.0
2015-12-10,0.0
2015-12-11,0.0
2015-12-14,0.0
2015-12-15,0.0
2015-12-16,5.773159728050814e-15
2015-12-17,0.19319381184812445
2015-12-18,0.27294510091547464
2015-12-21,0.404867736782458
2015-12-22,0.4519614994829131
2015-12-23,0.48874830243637235
2015-12-24,0.5421751626264555
2015-12-28,0.5562534845395968
2015-12-29,0.7182130633612624
2015-12-30,0.839357360298636
2015-12-31,0.92476056847505
2016-01-04,0.8901469692476518
2016-01-05,0.8466370418595586
2016-01-06,0.7403276610491578
2016-01-07,0.5376692990619092
2016-01-08,0.172738693064993
2016-01-11,-0.2905934364791092
2016-01-12,-0.6219182461236046
2016-01-13,-0.900766853455117
2016-01-14,-0.9740137975840766
2016-01-15,-0.9951874183749898
2016-01-19,0.0
2016-01-20,0.0
2016-01-21,0.0
2016-01-22,0.0
2016-01-25,0.0
2016-01-26,0.0
2016-01-27,0.0
2016-01-28,0.0
2016-01-29,0.0
2016-02-01,0.0
2016-02-02,0.0
2016-02-03,3.552713678800501e-15
2016-02-04,-0.4241574600695257
2016-02-05,-0.8565081127978984
2016-02-08,-0.9937104716646277
2016-02-09,0.0
2016-02-10,0.0
2016-02-11,0.0
2016-02-12,0.0
2016-02-16,0.0
2016-02-17,0.0
2016-02-18,0.0
2016-02-19,0.0
2016-02-22,0.0
2016-02-23,0.0
2016-02-24,0.0
2016-02-25,4.440892098500626e-16
2016-02-26,0.3849804323044397
2016-02-29,0.6821493250336612
2016-03-01,0.826604690685433
2016-03-02,0.9175438058319798
2016-03-03,0.9732996682854234
2016-03-04,0.9941610907300908
2016-03-07,0.0
2016-03-08,0.0
2016-03-09,0.0
2016-03-10,0.0
2016-03-11,0.0
2016-03-14,0.0
2016-03-15,0.0
2016-03-16,0.0
2016-03-17,0.0
2016-03-18,0.0
2016-03-21,0.0
2016-03-22,2.886579864025407e-15
2016-03-23,0.07971477194521626
2016-03-24,0.23773134023135611
2016-03-28,0.4126975366265593
2016-03-29,0.5560171694125633
2016-03-30,0.6388016798854788
2016-03-31,0.731650561289201
2016-04-01,0.8482439614198194
2016-04-04,0.9439737878212913
2016-04-05,0.9880289217500215
2016-04-06,0.9988734354182336
2016-04-07,0.0
2016-04-08,0.0
2016-04-11,0.0
2016-04-12,0.0
2016-04-13,0.0
2016-04-14,0.0
2016-04-15,0.0
2016-04-18,0.0
2016-04-19,0.0
2016-04-20,0.0
2016-04-21,0.0
2016-04-22,-1.554312234475219e-14
2016-04-25,0.01562201700254695
2016-04-26,0.1589541026944774
2016-04-27,0.14544570085337472
2016-04-28,-0.10413351639014534
2016-04-29,-0.6634422645633049
2016-05-02,-0.9044154225569627
2016-05-03,-0.99751750233001
2016-05-04,0.0
2016-05-05,0.0
2016-05-06,0.0
2016-05-09,0.0
2016-05-10,0.0
2016-05-11,0.0
2016-05-12,0.0
2016-05-13,0.0
2016-05-16,0.0
2016-05-17,0.0
2016-05-18,0.0
2016-05-19,1.3322676295501878e-15
2016-05-20,0.41547775944242327
2016-05-23,0.5921761911166294
2016-05-24,0.7624780055322351
2016-05-25,0.8904248526368039
2016-05-26,0.9770975897636702
2016-05-27,0.995063990686289
2016-05-31,0.0
2016-06-01,0.0
2016-06-02,0.0
2016-06-03,0.0
2016-06-06,0.0
2016-06-07,0.0
2016-06-08,0.0
2016-06-09,0.0
2016-06-10,0.0
2016-06-13,0.0
2016-06-14,0.0
2016-06-15,-1.7763568394002505e-15
2016-06-16,-0.14880540005133014
2016-06-17,-0.35635519482293754
2016-06-20,-0.4185791673618642
2016-06-21,-0.4767449169998257
2016-06-22,-0.8850529674022791
2016-06-23,-0.9865433644234309
2016-06-24,-0.9994065964713716
2016-06-27,0.0
2016-06-28,0.0
2016-06-29,0.0
2016-06-30,0.0
2016-07-01,0.0
2016-07-05,0.0
2016-07-06,0.0
2016-07-07,0.0
2016-07-08,0.0
2016-07-11,0.0
2016-07-12,0.0
2016-07-13,2.220446049250313e-15
2016-07-14,0.193440497591991
2016-07-15,0.3362141892850543
2016-07-18,0.575206507201703
2016-07-19,0.7323333698010657
2016-07-20,0.8647394996445243
2016-07-21,0.8968483554749263
2016-07-22,0.9296680944925679
2016-07-25,0.9718430050044313
2016-07-26,0.9892122508069692
2016-07-27,0.9957905280767265
2016-07-28,0.0
2016-07-29,0.0
2016-08-01,0.0
2016-08-02,0.0
2016-08-03,0.0
2016-08-04,0.0
2016-08-05,0.0
2016-08-08,0.0
2016-08-09,0.0
2016-08-10,0.0
2016-08-11,0.0
2016-08-12,1.9984014443252818e-15
2016-08-15,-0.20482301267497016
2016-08-16,-0.5024906239305391
2016-08-17,-0.7292365887150234
2016-08-18,-0.8598821308289817
2016-08-19,-0.9120801140458488
2016-08-22,-0.963385153900661
2016-08-23,-0.9789412900512662
2016-08-24,-0.9926671433946439
2016-08-25,0.0
2016-08-26,0.0
2016-08-29,0.0
2016-08-30,0.0
2016-08-31,0.0
2016-09-01,0.0
2016-09-02,0.0
2016-09-06,0.0
2016-09-07,0.0
2016-09-08,0.0
2016-09-09,0.0
2016-09-12,0.0
2016-09-13,-0.23379013113776836
2016-09-14,-0.4263854135163101
2016-09-15,-0.5158334113496237
2016-09-16,-0.5129903273918863
2016-09-19,-0.4952577851951614
2016-09-20,-0.5060871755469396
2016-09-21,-0.5075971573053164
2016-09-22,-0.49090594861493564
2016-09-23,-0.4593640540732178
2016-09-26,-0.4044993509424004
2016-09-27,-0.4002747180713715
2016-09-28,-0.3893565824556966
2016-09-29,-0.460572043304859
2016-09-30,-0.48068313264576057
2016-10-03,-0.3651298919644508
2016-10-04,-0.27968919205161513
2016-10-05,-0.23893731944443486
2016-10-06,-0.30930745465717235
2016-10-07,-0.43350470739203883
2016-10-10,-0.49134833312509074
2016-10-11,-0.5539177959055022
2016-10-12,-0.5958571491316225
2016-10-13,-0.6463852993359016
2016-10-14,-0.722119268856424
2016-10-17,-0.8006384471719508
2016-10-18,-0.834648181404636
2016-10-19,-0.8421287785174916
2016-10-20,-0.8695582131025972
2016-10-21,-0.8889876650363424
2016-10-24,-0.8967098423142004
2016-10-25,-0.905240823218918
2016-10-26,-0.9133594400548226
2016-10-27,-0.915827973584503
2016-10-28,-0.9288106312229405
2016-10-31,-0.9445203955643906
2016-11-01,-0.966918854073483
2016-11-02,-0.982932399070481
2016-11-03,-0.9917969985766022
2016-11-04,0.0
2016-11-07,0.0
2016-11-08,0.0
2016-11-09,0.0
2016-11-10,0.0
2016-11-11,0.0
2016-11-14,0.0
2016-11-15,0.0
2016-11-16,0.0
2016-11-17,0.0
2016-11-18,0.0
2016-11-21,1.5543122344752192e-15
2016-11-22,0.19371937451348442
2016-11-23,0.4511909217900403
2016-11-25,0.7492903357712395
2016-11-28,0.8972237021648624
2016-11-29,0.9115659127621631
2016-11-30,0.9221903329883685
2016-12-01,0.8401360369072766
2016-12-02,0.7038563015872326
2016-12-05,0.6741968126364468
2016-12-06,0.6184659759044324
2016-12-07,0.7456038783687118
2016-12-08,0.8234126898099532
2016-12-09,0.8787551988019477
2016-12-12,0.9203040956622826
2016-12-13,0.9731508333887486
2016-12-14,0.9927149379779663
2016-12-15,0.0
2016-12-16,0.0
2016-12-19,0.0
2016-12-20,0.0
2016-12-21,0.0
2016-12-22,0.0
2016-12-23,0.0
2016-12-27,0.0
2016-12-28,0.0
2016-12-29,0.0
2016-12-30,0.0
2017-01-03,2.6645352591003757e-15
2017-01-04,0.48240048475683284
2017-01-05,0.7842708803590834
2017-01-06,0.9387989148081586
2017-01-09,0.9891455858150047
2017-01-10,0.9982861447854825
2017-01-11,0.0
2017-01-12,0.0
2017-01-13,0.0
2017-01-17,0.0
2017-01-18,0.0
2017-01-19,0.0
2017-01-20,0.0
2017-01-23,0.0
2017-01-24,0.0
2017-01-25,0.0
2017-01-26,0.0
2017-01-27,-3.3306690738754696e-15
2017-01-30,0.16660876397063307
2017-01-31,0.3420767031780403
2017-02-01,0.44144310979570944
2017-02-02,0.565059002830556
2017-02-03,0.6627767253220087
2017-02-06,0.8037961868232673
2017-02-07,0.8906301370251595
2017-02-08,0.9550928435218453
2017-02-09,0.9894918674793833
2017-02-10,0.9979857991852408
2017-02-13,0.0
2017-02-14,0.0
2017-02-15,0.0
2017-02-16,0.0
2017-02-17,0.0
2017-02-21,0.0
2017-02-22,0.0
2017-02-23,0.0
2017-02-24,0.0
2017-02-27,0.0
2017-02-28,0.0
2017-03-01,-1.7763568394002505e-15
2017-03-02,-0.2547454673109799
2017-03-03,-0.45432700622202016
2017-03-06,-0.6168234513379578
2017-03-07,-0.7591124413225505
2017-03-08,-0.863178423367662
2017-03-09,-0.9313715394580764
2017-03-10,-0.9690886796009599
2017-03-13,-0.98523128757883
2017-03-14,-0.9879762239100138
2017-03-15,-0.9911881007531036
2017-03-16,0.0
2017-03-17,0.0
2017-03-20,0.0
2017-03-21,0.0
2017-03-22,0.0
2017-03-23,0.0
2017-03-24,0.0
2017-03-27,0.0
2017-03-28,0.0
2017-03-29,0.0
2017-03-30,0.0
2017-03-31,5.995204332975845e-15
2017-04-03,0.6319860832308386
2017-04-04,0.9388636874526237
2017-04-05,0.9894336647293409
2017-04-06,0.9990032358068945
2017-04-07,0.0
2017-04-10,0.0
2017-04-11,0.0
2017-04-12,0.0
2017-04-13,0.0
2017-04-17,0.0
2017-04-18,0.0
2017-04-19,0.0
2017-04-20,0.0
2017-04-21,0.0
2017-04-24,0.0
2017-04-25,2.4424906541753444e-15
2017-04-26,0.22183073186380886
2017-04-27,0.35440364739964814
2017-04-28,0.6370110034502048
2017-05-01,0.9238037984829728
2017-05-02,0.9832995063217158
2017-05-03,0.9908293819507108
2017-05-04,0.0
2017-05-05,0.0
2017-05-08,0.0
2017-05-09,0.0
2017-05-10,0.0
2017-05-11,0.0
2017-05-12,0.0
2017-05-15,0.0
2017-05-16,0.0
2017-05-17,0.0
2017-05-18,0.0
2017-05-19,0.0
2017-05-22,-0.09037733891971333
2017-05-23,-0.31968377448438323
2017-05-24,-0.3881796179903705
2017-05-25,-0.32052716389106917
2017-05-26,-0.08000209217753884
2017-05-30,0.3515439324675773
2017-05-31,0.7430242924763539
2017-06-01,0.9218079916302595
2017-06-02,0.9810632506222359
2017-06-05,0.9979560773738596
2017-06-06,0.0
2017-06-07,0.0
2017-06-08,0.0
2017-06-09,0.0
2017-06-12,0.0
2017-06-13,0.0
2017-06-14,0.0
2017-06-15,0.0
2017-06-16,0.0
2017-06-19,0.0
2017-06-20,0.0
2017-06-21,1.3322676295501878e-15
2017-06-22,0.3413967590530931
2017-06-23,0.6193406277313012
2017-06-26,0.7331032237138169
2017-06-27,0.635368533125346
2017-06-28,0.6614601852661228
2017-06-29,0.5337231552237953
2017-06-30,0.407384853873344
2017-07-03,0.10083220296776418
2017-07-05,-0.6241316691497798
2017-07-06,-0.9778132117127516
2017-07-07,-0.9995766624433093
2017-07-10,0.0
2017-07-11,0.0
2017-07-12,0.0
2017-07-13,0.0
2017-07-14,0.0
2017-07-17,0.0
2017-07-18,0.0
2017-07-19,0.0
2017-07-20,0.0
2017-07-21,0.0
2017-07-24,0.0
2017-07-25,1.3322676295501878e-14
2017-07-26,0.44700159971296327
2017-07-27,0.5774604426139642
2017-07-28,0.6916890556307556
2017-07-31,0.5924164754334531
2017-08-01,0.39778701368984737
2017-08-02,0.33636921557778576
2017-08-03,0.6899665325955335
2017-08-04,0.9378171675047557
2017-08-07,0.9912799017357234
2017-08-08,0.0
2017-08-09,0.0
2017-08-10,0.0
2017-08-11,0.0
2017-08-14,0.0
2017-08-15,0.0
2017-08-16,0.0
2017-08-17,0.0
2017-08-18,0.0
2017-08-21,0.0
2017-08-22,0.0
2017-08-23,-3.9968028886505635e-15
2017-08-24,-0.05462130100867024
2017-08-25,-0.21580941878992577
2017-08-28,-0.40560253252209266
2017-08-29,-0.5338411768264377
2017-08-30,-0.5529263252347363
2017-08-31,-0.5290796157718076
2017-09-01,-0.5140751281273874
2017-09-05,-0.5852767731970845
2017-09-06,-0.7059064598192311
2017-09-07,-0.742160524645163
2017-09-08,-0.8306303181380166
2017-09-11,-0.7526806493615512
2017-09-12,-0.6676289096558516
2017-09-13,-0.52559897335573
2017-09-14,-0.18376767124298876
2017-09-15,0.21860178855643086
2017-09-18,0.6180880529589183
2017-09-19,0.7904228850802422
2017-09-20,0.890336511330343
2017-09-21,0.9267572554944845
2017-09-22,0.9082300514692518
2017-09-25,0.8586322668651016
2017-09-26,0.7947149866977021
2017-09-27,0.6783115637633954
2017-09-28,0.5151989561431969
2017-09-29,0.34049285273537944
2017-10-02,0.15605615015629204
2017-10-03,0.058162908826363324
2017-10-04,0.054859969791414276
2017-10-05,0.055918186716361395
2017-10-06,0.07739407541361465
2017-10-09,-0.083598347074751
2017-10-10,-0.0776704083308084
2017-10-11,-0.08448159081240836
2017-10-12,-0.07755857388135579
2017-10-13,-0.07215637669871988
2017-10-16,-0.12799597202679758
2017-10-17,-0.12007284045858269
2017-10-18,-0.06522547702539616
2017-10-19,-0.10516867831534871
2017-10-20,-0.2219229398377085
2017-10-23,-0.4164808257842536
2017-10-24,-0.5792629726121341
2017-10-25,-0.779266085530776
2017-10-26,-0.897306667076236
2017-10-27,-0.9649694164344447
2017-10-30,-0.9903261815935462
2017-10-31,0.0
2017-11-01,0.0
2017-11-02,0.0
2017-11-03,0.0
2017-11-06,0.0
2017-11-07,0.0
2017-11-08,0.0
2017-11-09,0.0
2017-11-10,0.0
2017-11-13,0.0
2017-11-14,0.0
2017-11-15,6.661338147750939e-15
2017-11-16,0.07448658152925902
2017-11-17,0.20035955075409828
2017-11-20,0.17985040013389475
2017-11-21,0.34572391084762244
2017-11-22,0.3961243247103001
2017-11-24,0.49160562842196653
2017-11-27,0.5922522867831215
2017-11-28,0.6847557759205474
2017-11-29,0.6510845188973549
2017-11-30,0.6334479524317378
2017-12-01,0.5871553943449415
2017-12-04,0.5219677984608753
2017-12-05,0.43295062032836507
2017-12-06,0.48009960601485857
2017-12-07,0.4972338689730953
2017-12-08,0.5619386623931177
2017-12-11,0.7514217144658804
2017-12-12,0.9213765596758992
2017-12-13,0.9788604152062157
2017-12-14,0.9951023626486999
2017-12-15,0.0
2017-12-18,0.0
2017-12-19,0.0
2017-12-20,0.0
2017-12-21,0.0
2017-12-22,0.0
2017-12-26,0.0
2017-12-27,0.0
2017-12-28,0.0
2017-12-29,0.0
2018-01-02,0.0
2018-01-03,0.0
2018-01-04,-0.2028096173918994
2018-01-05,-0.34410968827867205
2018-01-08,-0.10829620567287868
2018-01-09,0.07065930877231619
2018-01-10,0.2551781270941371
2018-01-11,0.46436050789983185
2018-01-12,0.6103709620907467
2018-01-16,0.7583264860831438
2018-01-17,0.8934363496742435
2018-01-18,0.952828890199303
2018-01-19,0.9856337487103062
2018-01-22,0.9965266593815911
2018-01-23,0.0
2018-01-24,0.0
2018-01-25,0.0
2018-01-26,0.0
2018-01-29,0.0
2018-01-30,0.0
2018-01-31,0.0
2018-02-01,0.0
2018-02-02,0.0
2018-02-05,0.0
2018-02-06,0.0
2018-02-07,1.2656542480726785e-14
2018-02-08,-0.7680013743597993
2018-02-09,-0.9873261207447084
2018-02-12,-0.9995381520133204
2018-02-13,0.0
2018-02-14,0.0
2018-02-15,0.0
2018-02-16,0.0
2018-02-20,0.0
2018-02-21,0.0
2018-02-22,0.0
2018-02-23,0.0
2018-02-26,0.0
2018-02-27,0.0
2018-02-28,0.0
2018-03-01,-6.661338147750939e-15
2018-03-02,-0.07018926084344179
2018-03-05,-0.16781465913169602
2018-03-06,-0.34432115015421916
2018-03-07,-0.43398484619867994
2018-03-08,-0.5550671775934499
2018-03-09,-0.6749604005367109
2018-03-12,-0.5868822222865804
2018-03-13,-0.5375683861195659
2018-03-14,-0.6586429888557555
2018-03-15,-0.7612569454557812
2018-03-16,-0.8595843230365827
2018-03-19,-0.9425784193841993
2018-03-20,-0.9818713453924683
2018-03-21,-0.9931523262131046
2018-03-22,0.0
2018-03-23,0.0
2018-03-26,0.0
2018-03-27,0.0
2018-03-28,0.0
2018-03-29,0.0
2018-04-02,0.0
2018-04-03,0.0
2018-04-04,0.0
2018-04-05,0.0
2018-04-06,0.0
2018-04-09,1.7763568394002505e-15
2018-04-10,0.21629778467895178
2018-04-11,0.3677081250657741
2018-04-12,0.4383074185634104
2018-04-13,0.5495564218051556
2018-04-16,0.5809842155692917
2018-04-17,0.5864177510715529
2018-04-18,0.6277640413920742
2018-04-19,0.7012914679630642
2018-04-20,0.7162425177878622
2018-04-23,0.6971102059969376
2018-04-24,0.6787585560364391
2018-04-25,0.6462314347737657
2018-04-26,0.6391606620657151
2018-04-27,0.6757139196353461
2018-04-30,0.7078952097069193
2018-05-01,0.7605151995799018
2018-05-02,0.8086338164021978
2018-05-03,0.7994210129501069
2018-05-04,0.8201763937103532
2018-05-07,0.8605990729468147
2018-05-08,0.8912676936732831
2018-05-09,0.9230021529404011
2018-05-10,0.944243797149138
2018-05-11,0.9566906125343793
2018-05-14,0.9597322156165542
2018-05-15,0.9563531602523963
2018-05-16,0.9548897151949152
2018-05-17,0.9517406826382402
2018-05-18,0.940851340163005
2018-05-21,0.9372327629825334
2018-05-22,0.9220954362882523
2018-05-23,0.9105471396037981
2018-05-24,0.896083827501293
2018-05-25,0.8819947026062416
2018-05-29,0.8758763109085517
2018-05-30,0.8837019686398977
2018-05-31,0.8795137536579278
2018-06-01,0.8872069856160596
2018-06-04,0.9016362333093906
2018-06-05,0.9069958802565172
2018-06-06,0.9427922367459787
2018-06-07,0.9639560488210528
2018-06-08,0.9784588433909156
2018-06-11,0.9905022645652666
2018-06-12,0.0
2018-06-13,0.0
2018-06-14,0.0
2018-06-15,0.0
2018-06-18,0.0
2018-06-19,0.0
2018-06-20,0.0
2018-06-21,0.0
2018-06-22,0.0
2018-06-25,0.0
2018-06-26,0.0
2018-06-27,-3.1086244689504383e-15
2018-06-28,0.015242336131637169
2018-06-29,-0.10027586530365062
2018-07-02,-0.33923013348521724
2018-07-03,-0.7924213630070587
2018-07-05,-0.9614546528020087
2018-07-06,-0.9954688250072401
2018-07-09,0.0
2018-07-10,0.0
2018-07-11,0.0
2018-07-12,0.0
2018-07-13,0.0
2018-07-16,0.0
2018-07-17,0.0
2018-07-18,0.0
2018-07-19,0.0
2018-07-20,0.0
2018-07-23,0.0
2018-07-24,-1.5543122344752192e-15
2018-07-25,-0.18250690749937837
2018-07-26,-0.3920485463345369
2018-07-27,-0.7176810571974732
2018-07-30,-0.930664141689105
2018-07-31,-0.9772682653723577
2018-08-01,-0.9916445565649674
2018-08-02,0.0
2018-08-03,0.0
2018-08-06,0.0
2018-08-07,0.0
2018-08-08,0.0
2018-08-09,0.0
2018-08-10,0.0
2018-08-13,0.0
2018-08-14,0.0
2018-08-15,0.0
2018-08-16,0.0
2018-08-17,0.0
2018-08-20,-0.4531453417327498
2018-08-21,-0.6658320910294555
2018-08-22,-0.8093907770667663
2018-08-23,-0.9014594460530116
2018-08-24,-0.9476301295720715
2018-08-27,-0.976103633011639
2018-08-28,-0.9920523804979424
2018-08-29,0.0
2018-08-30,0.0
2018-08-31,0.0
2018-09-04,0.0
2018-09-05,0.0
2018-09-06,0.0
2018-09-07,0.0
2018-09-10,0.0
2018-09-11,0.0
2018-09-12,0.0
2018-09-13,0.0
2018-09-14,-3.1086244689504383e-15
2018-09-17,0.11468913288749216
2018-09-18,0.04467169203533672
2018-09-19,0.21985024168695455
2018-09-20,0.3642296877750755
2018-09-21,0.49871375720910605
2018-09-24,0.6167911601294429
2018-09-25,0.7228113950956025
2018-09-26,0.8536367037053201
2018-09-27,0.9221973137993795
2018-09-28,0.8046773152720625
2018-10-01,0.9016621763184156
2018-10-02,0.9328044692691098
2018-10-03,0.9421355845500146
2018-10-04,0.9194323397461168
2018-10-05,0.8004157312073121
2018-10-08,0.48718608432652255
2018-10-09,0.18929028598416786
2018-10-10,-0.19908160259946195
2018-10-11,-0.5751168760290108
2018-10-12,-0.7810538485779963
2018-10-15,-0.8981309698571764
2018-10-16,-0.9258253539104953
2018-10-17,-0.9544561668217098
2018-10-18,-0.979566535485294
2018-10-19,-0.9926976216503851
2018-10-22,0.0
2018-10-23,0.0
2018-10-24,0.0
2018-10-25,0.0
2018-10-26,0.0
2018-10-29,0.0
2018-10-30,0.0
2018-10-31,0.0
2018-11-01,0.0
2018-11-02,0.0
2018-11-05,0.0
2018-11-06,-1.7763568394002505e-15
2018-11-07,0.21108477228392153
2018-11-08,0.4162887323232596
2018-11-09,0.576899637535532
2018-11-12,0.6107286133048917
2018-11-13,0.6752788962690868
2018-11-14,0.749166682134482
2018-11-15,0.8202497227807033
2018-11-16,0.8845665446042061
2018-11-19,0.9265089828522892
2018-11-20,0.948720920228447
2018-11-21,0.9577165051409231
2018-11-23,0.9562526826442528
2018-11-26,0.9686693917662941
2018-11-27,0.9767686899603467
2018-11-28,0.9840862333730007
2018-11-29,0.9876168283577322
2018-11-30,0.9920150629040267
2018-12-03,0.0
2018-12-04,0.0
2018-12-06,0.0
2018-12-07,0.0
2018-12-10,0.0
2018-12-11,0.0
2018-12-12,0.0
2018-12-13,0.0
2018-12-14,0.0
2018-12-17,0.0
2018-12-18,0.0
2018-12-19,0.0
2018-12-20,-0.6469676491427654
2018-12-21,-0.9105250795169104
2018-12-24,-0.9963696730079732
2018-12-26,0.0
2018-12-27,0.0
2018-12-28,0.0
2018-12-31,0.0
2019-01-02,0.0
2019-01-03,0.0
2019-01-04,0.0
2019-01-07,0.0
2019-01-08,0.0
2019-01-09,0.0
2019-01-10,0.0
2019-01-11,4.218847493575595e-15
2019-01-14,0.09575350320955578
2019-01-15,0.3245650942237448
2019-01-16,0.5322661106339366
2019-01-17,0.7000417146926226
2019-01-18,0.42956509483412364
2019-01-22,0.056387456964539506
2019-01-23,-0.4382298912185407
2019-01-24,-0.7444812204091438
2019-01-25,-0.886641611301116
2019-01-28,-0.9565571080699149
2019-01-29,-0.9845436376121868
2019-01-30,-0.9918709528411527
2019-01-31,0.0
2019-02-01,0.0
2019-02-04,0.0
2019-02-05,0.0
2019-02-06,0.0
2019-02-07,0.0
2019-02-08,0.0
2019-02-11,0.0
2019-02-12,0.0
2019-02-13,0.0
2019-02-14,0.0
2019-02-15,9.769962616701378e-15
2019-02-19,-0.21976851253121166
2019-02-20,-0.5168246059933521
2019-02-21,-0.9062719412793161
2019-02-22,-0.9843497929370413
2019-02-25,-0.9964962171446379
2019-02-26,0.0
2019-02-27,0.0
2019-02-28,0.0
2019-03-01,0.0
2019-03-04,0.0
2019-03-05,0.0
2019-03-06,0.0
2019-03-07,0.0
2019-03-08,0.0
2019-03-11,0.0
2019-03-12,0.0
2019-03-13,1.7763568394002505e-15
2019-03-14,-0.012756916300565191
2019-03-15,-0.23832248723513283
2019-03-18,-0.502680667980389
2019-03-19,-0.7136053757402911
2019-03-20,-0.8153635907700716
2019-03-21,-0.8827528141297343
2019-03-22,-0.948490773271218
2019-03-25,-0.9824152722550978
2019-03-26,-0.9924002926243018
2019-03-27,0.0
2019-03-28,0.0
2019-03-29,0.0
2019-04-01,0.0
2019-04-02,0.0
2019-04-03,0.0
2019-04-04,0.0
2019-04-05,0.0
2019-04-08,0.0
2019-04-09,0.0
2019-04-10,0.0
2019-04-11,-1.5543122344752192e-15
2019-04-12,-0.2817500013332672
2019-04-15,-0.5413349986866773
2019-04-16,-0.6115862106196697
2019-04-17,-0.704444524924877
2019-04-18,-0.7521590364427841
2019-04-22,-0.8860773058252485
2019-04-23,-0.9488253604033114
2019-04-24,-0.9858475080037292
2019-04-25,-0.9988273207950993
2019-04-26,0.0
2019-04-29,0.0
2019-04-30,0.0
2019-05-01,0.0
2019-05-02,0.0
2019-05-03,0.0
2019-05-06,0.0
2019-05-07,0.0
2019-05-08,0.0
2019-05-09,0.0
2019-05-10,0.0
2019-05-13,0.0
2019-05-14,-0.2574426467307891
2019-05-15,-0.48093073122009455
2019-05-16,-0.7081615261110488
2019-05-17,-0.9506842103734043
2019-05-20,-0.997228072991942
2019-05-21,0.0
2019-05-22,0.0
2019-05-23,0.0
2019-05-24,0.0
2019-05-28,0.0
2019-05-29,0.0
2019-05-30,0.0
2019-05-31,0.0
2019-06-03,0.0
2019-06-04,0.0
2019-06-05,0.0
2019-06-06,8.881784197001252e-16
2019-06-07,0.33374019731083204
2019-06-10,0.7387374732329652
2019-06-11,0.9440334234755907
2019-06-12,0.9833626224545171
2019-06-13,0.9972828823677904
2019-06-14,0.0
2019-06-17,0.0
2019-06-18,0.0
2019-06-19,0.0
2019-06-20,0.0
2019-06-21,0.0
2019-06-24,0.0
2019-06-25,0.0
2019-06-26,0.0
2019-06-27,0.0
2019-06-28,0.0
2019-07-01,-3.552713678800501e-15
2019-07-02,0.13548113380915483
2019-07-03,0.7366458711827546
2019-07-05,0.938464186596949
2019-07-08,0.9825590849214496
2019-07-09,0.9954460841954365
2019-07-10,0.0
2019-07-11,0.0
2019-07-12,0.0
2019-07-15,0.0
2019-07-16,0.0
2019-07-17,0.0
2019-07-18,0.0
2019-07-19,0.0
2019-07-22,0.0
2019-07-23,0.0
2019-07-24,0.0
2019-07-25,-6.661338147750939e-16
2019-07-26,-0.44673764751328227
2019-07-29,-0.6553298976451785
2019-07-30,-0.7345562698365842
2019-07-31,-0.8022923367148036
2019-08-01,-0.8975934211114598
2019-08-02,-0.9487126046467358
2019-08-05,-0.9827506525991752
2019-08-06,-0.9938761138118246
2019-08-07,0.0
2019-08-08,0.0
2019-08-09,0.0
2019-08-12,0.0
2019-08-13,0.0
2019-08-14,0.0
2019-08-15,0.0
2019-08-16,0.0
2019-08-19,0.0
2019-08-20,0.0
2019-08-21,0.0
2019-08-22,-4.218847493575595e-15
2019-08-23,-0.43798385594013656
2019-08-26,-0.6763095761257447
2019-08-27,-0.8382807743726841
2019-08-28,-0.9173209079000897
2019-08-29,-0.9358517056049973
2019-08-30,-0.9338041506974133
2019-09-03,-0.9347978749056038
2019-09-04,-0.9526301976955698
2019-09-05,-0.9360977403520185
2019-09-06,-0.9267825473527413
2019-09-09,-0.8927922200117273
2019-09-10,-0.8180554180222308
2019-09-11,-0.5507687442208464
2019-09-12,-0.18526786393794414
2019-09-13,0.19798309536863723
2019-09-16,0.48877174444447635
2019-09-17,0.7282217722570339
2019-09-18,0.8648610032830877
2019-09-19,0.9491304652142452
2019-09-20,0.9757694555118743
2019-09-23,0.9895335893644464
2019-09-24,0.9852516360147567
2019-09-25,0.985594526609386
2019-09-26,0.9943826352604794
2019-09-27,0.0
2019-09-30,0.0
2019-10-01,0.0
2019-10-02,0.0
2019-10-03,0.0
2019-10-04,0.0
2019-10-07,0.0
2019-10-08,0.0
2019-10-09,0.0
2019-10-10,0.0
2019-10-11,0.0
2019-10-14,-8.881784197001252e-16
2019-10-15,0.4814658451312397
2019-10-16,0.8125960779211399
2019-10-17,0.9578013013970426
2019-10-18,0.9880622275472681
2019-10-21,0.9955570648418073
2019-10-22,0.0
2019-10-23,0.0
2019-10-24,0.0
2019-10-25,0.0
2019-10-28,0.0
2019-10-29,0.0
2019-10-30,0.0
2019-10-31,0.0
2019-11-01,0.0
2019-11-04,0.0
2019-11-05,0.0
2019-11-06,8.881784197001252e-16
2019-11-07,0.2419215760503186
2019-11-08,0.45837952463371345
2019-11-11,0.6694770599558968
2019-11-12,0.8264266821516424
2019-11-13,0.908974544115154
2019-11-14,0.9578205140324498
2019-11-15,0.982775389611648
2019-11-18,0.9929936911627322
2019-11-19,0.0
2019-11-20,0.0
2019-11-21,0.0
2019-11-22,0.0
2019-11-25,0.0
2019-11-26,0.0
2019-11-27,0.0
2019-11-29,0.0
2019-12-02,0.0
2019-12-03,0.0
2019-12-04,0.0
2019-12-05,4.6629367034256575e-15
2019-12-06,-0.051413569837820416
2019-12-09,-0.026699890061373965
2019-12-10,0.17392210486055193
2019-12-11,0.41554894044699586
2019-12-12,0.6888168116522178
2019-12-13,0.845675106947894
2019-12-16,0.9790990303143763
2019-12-17,0.9980573149730494
2019-12-18,0.0
2019-12-19,0.0
2019-12-20,0.0
2019-12-23,0.0
2019-12-24,0.0
2019-12-26,0.0
2019-12-27,0.0
2019-12-30,0.0
2019-12-31,0.0
2020-01-02,0.0
2020-01-03,0.0
2020-01-06,2.886579864025407e-15
2020-01-07,0.5655671932296182
2020-01-08,0.9395328654123778
2020-01-09,0.9937060589456219
2020-01-10,0.0
2020-01-13,0.0
2020-01-14,0.0
2020-01-15,0.0
2020-01-16,0.0
2020-01-17,0.0
2020-01-21,0.0
2020-01-22,0.0
2020-01-23,0.0
2020-01-24,0.0
2020-01-27,0.0
2020-01-28,1.9984014443252818e-15
2020-01-29,0.30853625626352277
2020-01-30,0.8075636056954312
2020-01-31,0.9745063681010417
2020-02-03,0.9999728983114728
2020-02-04,0.0
2020-02-05,0.0
2020-02-06,0.0
2020-02-07,0.0
2020-02-10,0.0
2020-02-11,0.0
2020-02-12,0.0
2020-02-13,0.0
2020-02-14,0.0
2020-02-18,0.0
2020-02-19,0.0
2020-02-20,-4.440892098500626e-16
2020-02-21,0.30679590100800214
2020-02-24,0.3700801748100906
2020-02-25,0.33143176644099603
2020-02-26,0.2331520643775078
2020-02-27,-0.16016607003326566
2020-02-28,-0.5239060558979196
2020-03-02,-0.6460834200224697
2020-03-03,-0.7392034246425976
2020-03-04,-0.8062447106182566
2020-03-05,-0.878777946082139
2020-03-06,-0.9367628742854841
2020-03-09,-0.98592275073733
2020-03-10,-0.9964310116766768
2020-03-11,0.0
2020-03-12,0.0
2020-03-13,0.0
2020-03-16,0.0
2020-03-17,0.0
2020-03-18,0.0
2020-03-19,0.0
2020-03-20,0.0
2020-03-23,0.0
2020-03-24,0.0
2020-03-25,0.0
2020-03-26,0.0
2020-03-27,0.07902554987170851
2020-03-30,0.118452374271945
2020-03-31,0.21163689198448088
2020-04-01,0.19238155845872917
2020-04-02,0.10778656984823454
2020-04-03,0.08877715255842933
2020-04-06,0.1555069954248689
2020-04-07,0.2818210704291748
2020-04-08,0.40205962420004737
2020-04-09,0.5484680012545409
2020-04-13,0.761402806911784
2020-04-14,0.9184646258259297
2020-04-15,0.9804253329351034
2020-04-16,0.9967553758223235
2020-04-17,0.0
2020-04-20,0.0
2020-04-21,0.0
2020-04-22,0.0
2020-04-23,0.0
2020-04-24,0.0
2020-04-27,0.0
2020-04-28,0.0
2020-04-29,0.0
2020-04-30,0.0
2020-05-01,0.0
2020-05-04,6.661338147750939e-16
2020-05-05,0.12468540335580713
2020-05-06,0.3140086172964538
2020-05-07,0.4632316904956646
2020-05-08,0.7194986894911628
2020-05-11,0.8560927834297947
2020-05-12,0.9298916879295049
2020-05-13,0.9577618468546183
2020-05-14,0.9793647150091154
2020-05-15,0.9895782299819784
2020-05-18,0.9960251734420864
2020-05-19,0.0
2020-05-20,0.0
2020-05-21,0.0
2020-05-22,0.0
2020-05-26,0.0
2020-05-27,0.0
2020-05-28,0.0
2020-05-29,0.0
2020-06-01,0.0
2020-06-02,0.0
2020-06-03,0.0
2020-06-04,4.440892098500626e-15
2020-06-05,0.3026326014395826
2020-06-08,0.7966396811444685
2020-06-09,0.956938277390921
2020-06-10,0.9992475873653228
2020-06-11,0.0
2020-06-12,0.0
2020-06-15,0.0
2020-06-16,0.0
2020-06-17,0.0
2020-06-18,0.0
2020-06-19,0.0
2020-06-22,0.0
2020-06-23,0.0
2020-06-24,0.0
2020-06-25,0.0
2020-06-26,-9.325873406851315e-15
2020-06-29,0.2869263457921427
2020-06-30,0.8930152713822095
2020-07-01,0.9989063614107156
2020-07-02,0.0
2020-07-06,0.0
2020-07-07,0.0
2020-07-08,0.0
2020-07-09,0.0
2020-07-10,0.0
2020-07-13,0.0
2020-07-14,0.0
2020-07-15,0.0
2020-07-16,0.0
2020-07-17,0.0
2020-07-20,2.220446049250313e-15
2020-07-21,0.2128699461370771
2020-07-22,0.43555086984794555
2020-07-23,0.5058505966681066
2020-07-24,0.43521623851871216
2020-07-27,0.5370095758104307
2020-07-28,0.5492032125322801
2020-07-29,0.5871741150203718
2020-07-30,0.6093078550470326
2020-07-31,0.5696194226863791
2020-08-03,0.5895792541519174
2020-08-04,0.6103633503413337
2020-08-05,0.6279801361949242
2020-08-06,0.6487242593176417
2020-08-07,0.6357843483416248
2020-08-10,0.5915518182325927
2020-08-11,0.5011929815535328
2020-08-12,0.5897206503429508
2020-08-13,0.7158553427254772
2020-08-14,0.8253357508897579
2020-08-17,0.9451108969187345
2020-08-18,0.9890195675965852
2020-08-19,0.9982876364048539
2020-08-20,0.0
2020-08-21,0.0
2020-08-24,0.0
2020-08-25,0.0
2020-08-26,0.0
2020-08-27,0.0
2020-08-28,0.0
2020-08-31,0.0
2020-09-01,0.0
2020-09-02,0.0
2020-09-03,0.0
2020-09-04,-2.4424906541753444e-15
2020-09-08,-0.6339911777854939
2020-09-09,-0.8483584355399758
2020-09-10,-0.940829933733063
2020-09-11,-0.978654932855104
2020-09-14,-0.9801835756682653
2020-09-15,-0.9668992683938837
2020-09-16,-0.9548223356445527
2020-09-17,-0.9560096599332066
2020-09-18,-0.9419546824814586
2020-09-21,-0.9170328425415641
2020-09-22,-0.9195364897955134
2020-09-23,-0.9595367492134819
2020-09-24,-0.978037281157367
2020-09-25,-0.9836841434947243
2020-09-28,-0.9846444941846888
2020-09-29,-0.9860631345071122
2020-09-30,-0.9850825239036123
2020-10-01,-0.9785261600141755
2020-10-02,-0.9817152414007952
2020-10-05,-0.981668307873083
2020-10-06,-0.9846349014101203
2020-10-07,-0.9846901931834624
2020-10-08,-0.9846240786680909
2020-10-09,-0.9826536502499252
2020-10-12,-0.9781617903683189
2020-10-13,-0.9712713696412245
2020-10-14,-0.955492918678108
2020-10-15,-0.9424403310830773
2020-10-16,-0.9339116948164297
2020-10-19,-0.9315447990104095
2020-10-20,-0.9357117153182741
2020-10-21,-0.9391488144387501
2020-10-22,-0.9403866792926665
2020-10-23,-0.9447724652036575
2020-10-26,-0.9490213318765206
2020-10-27,-0.9506330175279334
2020-10-28,-0.9610175655022482
2020-10-29,-0.9676279252264564
2020-10-30,-0.9794427466415938
2020-11-02,-0.9850555688790816
2020-11-03,-0.9855795285206388
2020-11-04,-0.9865713961038385
2020-11-05,-0.9846368180150271
2020-11-06,-0.9840947983067807
2020-11-09,-0.9851371722606999
2020-11-10,-0.987785079717094
2020-11-11,-0.9891293461741884
2020-11-12,-0.9909314381606655
2020-11-13,0.0
2020-11-16,0.0
2020-11-17,0.0
2020-11-18,0.0
2020-11-19,0.0
2020-11-20,0.0
2020-11-23,0.0
2020-11-24,0.0
2020-11-25,0.0
2020-11-27,0.0
2020-11-30,0.0
2020-12-01,-2.220446049250313e-16
2020-12-02,0.19546556694897244
2020-12-03,0.43604195484698827
2020-12-04,0.635428815766955
2020-12-07,0.8320477361729965
2020-12-08,0.9362052421710607
2020-12-09,0.9676267627478832
2020-12-10,0.9872624283890767
2020-12-11,0.994355386660345
2020-12-14,0.0
2020-12-15,0.0
2020-12-16,0.0
2020-12-17,0.0
2020-12-18,0.0
2020-12-21,0.0
2020-12-22,0.0
2020-12-23,0.0
2020-12-24,0.0
2020-12-28,0.0
2020-12-29,0.0
2020-12-30,-3.552713678800501e-15
2020-12-31,0.46472337064758884
2021-01-04,0.8620142404408973
2021-01-05,0.9812602188837012
2021-01-06,0.999321716223398
2021-01-07,0.0
2021-01-08,0.0
2021-01-11,0.0
2021-01-12,0.0
2021-01-13,0.0
2021-01-14,0.0
2021-01-15,0.0
2021-01-19,0.0
2021-01-20,0.0
2021-01-21,0.0
2021-01-22,0.0
2021-01-25,-1.2878587085651816e-14
2021-01-26,0.3730918104373333
2021-01-27,0.5154322052995997
2021-01-28,0.41721132242703174
2021-01-29,-0.06575021594919894
2021-02-01,-0.11798438736532635
2021-02-02,0.12296856647845966
2021-02-03,0.1946273358606101
2021-02-04,0.2236851285680581
2021-02-05,0.26852174780814675
2021-02-08,0.391200043881339
2021-02-09,0.40827576923288733
2021-02-10,0.10481639161902079
2021-02-11,-0.1522251920045059
2021-02-12,-0.355863806890516
2021-02-16,-0.6328881527394872
2021-02-17,-0.8094737378991541
2021-02-18,-0.927550965621537
2021-02-19,-0.9796446893319712
2021-02-22,-0.9993027002221391
2021-02-23,0.0
2021-02-24,0.0
2021-02-25,0.0
2021-02-26,0.0
2021-03-01,0.0
2021-03-02,0.0
2021-03-03,0.0
2021-03-04,0.0
2021-03-05,0.0
2021-03-08,0.0
2021-03-09,0.0
2021-03-10,1.9984014443252818e-15
2021-03-11,0.15109378738500112
2021-03-12,0.2631076129284442
2021-03-15,0.4140808455618459
2021-03-16,0.44228491631045563
2021-03-17,0.544328713486677
2021-03-18,0.4966418483132329
2021-03-19,0.45475079682068276
2021-03-22,0.4591701659429117
2021-03-23,0.4409481514527962
2021-03-24,0.3279501467334498
2021-03-25,0.2447719795485932
2021-03-26,0.09319042570508107
2021-03-29,-0.07896978886852546
2021-03-30,-0.16790046054134278
2021-03-31,-0.15621194491832457
2021-04-01,-0.1631514472905513
2021-04-05,-0.08470387270153878
2021-04-06,-0.006489289584891367
2021-04-07,0.010466844550845344
2021-04-08,0.06280836229690423
2021-04-09,0.09473208448290116
2021-04-12,0.19212370168829507
2021-04-13,0.4290100895278903
2021-04-14,0.5653726193519477
2021-04-15,0.6884181919456698
2021-04-16,0.7848584418551934
2021-04-19,0.8328465475822249
2021-04-20,0.8748735185200462
2021-04-21,0.9216474801120904
2021-04-22,0.943463862661051
2021-04-23,0.9624467190004589
2021-04-26,0.9771061189169781
2021-04-27,0.9820871125247568
2021-04-28,0.9847997622812148
2021-04-29,0.9851596329486942
2021-04-30,0.9888553368679203
2021-05-03,0.9897850713660472
2021-05-04,0.9897322364985024
2021-05-05,0.9894655188799761
2021-05-06,0.9885571963754685
2021-05-07,0.9884263025036404
2021-05-10,0.9837801762039253
2021-05-11,0.9757822192824714
2021-05-12,0.9580184992073355
2021-05-13,0.9232508005105495
2021-05-14,0.8807396266650558
2021-05-17,0.811899813032726
2021-05-18,0.7204719211262356
2021-05-19,0.5842448610501441
2021-05-20,0.4578295134008714
2021-05-21,0.3062616355583314
2021-05-24,0.19354058196568458
2021-05-25,0.0750583512580063
2021-05-26,-0.015096315903971425
2021-05-27,-0.08114900699242344
2021-05-28,-0.15632423167752396
2021-06-01,-0.23146047544919313
2021-06-02,-0.3361700669906691
2021-06-03,-0.4837831699200832
2021-06-04,-0.5759136712178747
2021-06-07,-0.6493515304420057
2021-06-08,-0.7149721859794695
2021-06-09,-0.7752997247746563
2021-06-10,-0.8169496451462774
2021-06-11,-0.8523169152454184
2021-06-14,-0.8776787366642045
2021-06-15,-0.9074845312669604
2021-06-16,-0.9290095470797621
2021-06-17,-0.9427533964552752
2021-06-18,-0.9524612239360148
2021-06-21,-0.961174316784811
2021-06-22,-0.9679193243794715
2021-06-23,-0.9683705983559663
2021-06-24,-0.9646978011132616
2021-06-25,-0.9623106549902403
2021-06-28,-0.9562224151769416
2021-06-29,-0.9513624024857252
2021-06-30,-0.9464025873095328
2021-07-01,-0.9415925928179902
2021-07-02,-0.936205525739779
2021-07-06,-0.9363914805972038
2021-07-07,-0.9408229392585947
2021-07-08,-0.9428163046990206
2021-07-09,-0.9436637248035418
2021-07-12,-0.936672116517459
2021-07-13,-0.9342885862608925
2021-07-14,-0.9363187936261459
2021-07-15,-0.939049946742696
2021-07-16,-0.9433221488778047
2021-07-19,-0.946826642803116
2021-07-20,-0.9467674576834095
2021-07-21,-0.9479546135216879
2021-07-22,-0.9504861556720368
2021-07-23,-0.9541444554157144
2021-07-26,-0.9546791684598037
2021-07-27,-0.9577627416267527
2021-07-28,-0.9602431469353245
2021-07-29,-0.956987656010849
2021-07-30,-0.951465685754018
2021-08-02,-0.9398926589363805
2021-08-03,-0.9262370297878508
2021-08-04,-0.9098872712627728
2021-08-05,-0.889398060918364
2021-08-06,-0.8729270255613768
2021-08-09,-0.8471898980878434
2021-08-10,-0.8201931204082711
2021-08-11,-0.7915174663072078
2021-08-12,-0.749310133758389
2021-08-13,-0.7061486203679626
2021-08-16,-0.6862516714713283
2021-08-17,-0.683711071550889
2021-08-18,-0.6605866135965435
2021-08-19,-0.651000633760257
2021-08-20,-0.6349979651861766
2021-08-23,-0.5931930030572687
2021-08-24,-0.5467084767213142
2021-08-25,-0.49474105974189175
2021-08-26,-0.45196286153869014
2021-08-27,-0.3948344803127619
2021-08-30,-0.3116132406973229
2021-08-31,-0.21875043773544123
2021-09-01,-0.12559419512761738
2021-09-02,-0.03369224509759694
2021-09-03,0.059580273085750646
2021-09-07,0.17704224031183147
2021-09-08,0.2910524118075406
2021-09-09,0.3992988082768538
2021-09-10,0.4786090628526707
2021-09-13,0.5583756858808719
2021-09-14,0.6315035339670514
2021-09-15,0.7049422107455858
2021-09-16,0.768222663275592
2021-09-17,0.8222158845242058
2021-09-20,0.8529819386283239
2021-09-21,0.8829095256650472
2021-09-22,0.9115848033873588
2021-09-23,0.9345832584050782
2021-09-24,0.9559658591915046
2021-09-27,0.9729972015775818
2021-09-28,0.982951023206698
2021-09-29,0.9896745228559445
2021-09-30,0.9937304007509378
2021-10-01,0.0
2021-10-04,0.0
2021-10-05,0.0
2021-10-06,0.0
2021-10-07,0.0
2021-10-08,0.0
2021-10-11,0.0
2021-10-12,0.0
2021-10-13,0.0
2021-10-14,0.0
2021-10-15,0.0
2021-10-18,-6.8833827526759706e-15
2021-10-19,0.4440797729347796
2021-10-20,0.7495334027057814
2021-10-21,0.9458649491966737
2021-10-22,0.9947404609384156
2021-10-25,0.0
2021-10-26,0.0
2021-10-27,0.0
2021-10-28,0.0
2021-10-29,0.0
2021-11-01,0.0
2021-11-02,0.0
2021-11-03,0.0
2021-11-04,0.0
2021-11-05,0.0
2021-11-08,0.0
2021-11-09,2.220446049250313e-15
2021-11-10,-0.1476686184017546
2021-11-11,-0.29055687443667355
2021-11-12,-0.47611902852085897
2021-11-15,-0.6549361008893282
2021-11-16,-0.7356790549151058
2021-11-17,-0.7639876044822969
2021-11-18,-0.7817575446598999
2021-11-19,-0.7578598970217358
2021-11-22,-0.711460547201411
2021-11-23,-0.7188518366509706
2021-11-24,-0.7185195305185665
2021-11-26,-0.7531448504518112
2021-11-29,-0.7319699837724847
2021-11-30,-0.7025035368742931
2021-12-01,-0.7246015112383086
2021-12-02,-0.7544200353925841
2021-12-03,-0.8325590694791185
2021-12-06,-0.89160921150251
2021-12-07,-0.9170608887868388
2021-12-08,-0.9317168907758053
2021-12-09,-0.95890165062175
2021-12-10,-0.9742096692559652
2021-12-13,-0.9879661366185346
2021-12-14,-0.9949037574422355
2021-12-15,0.0
2021-12-16,0.0
2021-12-17,0.0
2021-12-20,0.0
2021-12-21,0.0
2021-12-22,0.0
2021-12-23,0.0
2021-12-27,0.0
2021-12-28,0.0
2021-12-29,0.0
2021-12-30,0.0
2021-12-31,-1.5543122344752192e-15
2022-01-03,0.5215439577083345
2022-01-04,0.7633221041539575
2022-01-05,0.8415838786283043
2022-01-06,0.8775621085176852
2022-01-07,0.8782553834149918
2022-01-10,0.9013682466933799
2022-01-11,0.9234042645811091
2022-01-12,0.9558309532885849
2022-01-13,0.9567957674289627
2022-01-14,0.9628467480686229
2022-01-18,0.9634239375934419
2022-01-19,0.9545690091655206
2022-01-20,0.9447654702899622
2022-01-21,0.9104114313321701
2022-01-24,0.8531051441987842
2022-01-25,0.7632782052849396
2022-01-26,0.6697864396205273
2022-01-27,0.38449596600719627
2022-01-28,0.07057898979486765
2022-01-31,-0.07518066992190375
2022-02-01,-0.22409789336193353
2022-02-02,-0.40327223546068725
2022-02-03,-0.5762957109920483
2022-02-04,-0.6780200160787908
2022-02-07,-0.7743086214357302
2022-02-08,-0.8368636477133231
2022-02-09,-0.8791806718587922
2022-02-10,-0.9221801316524276
2022-02-11,-0.9611147267535167
2022-02-14,-0.9800468913776124
2022-02-15,-0.987091978148513
2022-02-16,-0.9917110973080374
2022-02-17,0.0
2022-02-18,0.0
2022-02-22,0.0
2022-02-23,0.0
2022-02-24,0.0
2022-02-25,0.0
2022-02-28,0.0
2022-03-01,0.0
2022-03-02,0.0
2022-03-03,0.0
2022-03-04,0.0
2022-03-07,4.440892098500626e-15
2022-03-08,-0.06825017524946975
2022-03-09,0.07268203122530403
2022-03-10,0.08596217565950082
2022-03-11,-0.1382323166127175
2022-03-14,-0.4740560645817189
2022-03-15,-0.5970089351398014
2022-03-16,-0.5670148898590213
2022-03-17,-0.4111728597733699
2022-03-18,-0.08336241856690418
2022-03-21,0.3138709532199302
2022-03-22,0.8103614218878232
2022-03-23,0.9729088040663276
2022-03-24,0.9983959086565792
2022-03-25,0.0
2022-03-28,0.0
2022-03-29,0.0
2022-03-30,0.0
2022-03-31,0.0
2022-04-01,0.0
2022-04-04,0.0
2022-04-05,0.0
2022-04-06,0.0
2022-04-07,0.0
2022-04-08,0.0
2022-04-11,2.6645352591003757e-15
2022-04-12,-0.3687675921679421
2022-04-13,-0.5281165434547981
2022-04-14,-0.7510118294813968
2022-04-18,-0.8542450142494857
2022-04-19,-0.8934557877342808
2022-04-20,-0.957264944461887
2022-04-21,-0.9762088378174851
2022-04-22,-0.9876613502068416
2022-04-25,-0.9943456662116099
2022-04-26,0.0
2022-04-27,0.0
2022-04-28,0.0
2022-04-29,0.0
2022-05-02,0.0
2022-05-03,0.0
2022-05-04,0.0
2022-05-05,0.0
2022-05-06,0.0
2022-05-09,0.0
2022-05-10,0.0
2022-05-11,-2.6645352591003757e-15
2022-05-12,-0.4642626196936659
2022-05-13,-0.6859583655205728
2022-05-16,-0.8823922596190852
2022-05-17,-0.9466730571612663
2022-05-18,-0.9872334323054135
2022-05-19,-0.9974713945423264
2022-05-20,0.0
2022-05-23,0.0
2022-05-24,0.0
2022-05-25,0.0
2022-05-26,0.0
2022-05-27,0.0
2022-05-31,0.0
2022-06-01,0.0
2022-06-02,0.0
2022-06-03,0.0
2022-06-06,0.0
2022-06-07,-4.440892098500626e-16
2022-06-08,0.08322497853964306
2022-06-09,0.12969429654100773
2022-06-10,0.0722748704490428
2022-06-13,-0.1969156573412585
2022-06-14,-0.373382732609173
2022-06-15,-0.3983216919989627
2022-06-16,-0.6087939309345369
2022-06-17,-0.7382217191336344
2022-06-21,-0.7209856733270952
2022-06-22,-0.7102613274455292
2022-06-23,-0.7064878169617774
2022-06-24,-0.631699973159273
2022-06-27,-0.5562082432685438
2022-06-28,-0.5741033699016955
2022-06-29,-0.6205104945664244
2022-06-30,-0.6869577906531179
2022-07-01,-0.7288513327232216
2022-07-05,-0.73695931351233
2022-07-06,-0.7513144059006613
2022-07-07,-0.7005113035622519
2022-07-08,-0.6068022013398227
2022-07-11,-0.6111851934044688
2022-07-12,-0.6232344249194584
2022-07-13,-0.6112223310402285
2022-07-14,-0.5916184229810666
2022-07-15,-0.5610435434523802
2022-07-18,-0.5269937366762929
2022-07-19,-0.4586334823196627
2022-07-20,-0.373256678110248
2022-07-21,-0.09417028493070001
2022-07-22,0.19466045297875967
2022-07-25,0.4278602529098867
2022-07-26,0.5658079687224813
2022-07-27,0.7498106258232211
2022-07-28,0.8832419069274728
2022-07-29,0.967109038788246
2022-08-01,0.9928134094637726
2022-08-02,0.0
2022-08-03,0.0
2022-08-04,0.0
2022-08-05,0.0
2022-08-08,0.0
2022-08-09,0.0
2022-08-10,0.0
2022-08-11,0.0
2022-08-12,0.0
2022-08-15,0.0
2022-08-16,0.0
2022-08-17,-5.551115123125783e-15
2022-08-18,0.10821797177987746
2022-08-19,0.06754950054623854
2022-08-22,-0.11884115386860383
2022-08-23,-0.15367259436231984
2022-08-24,-0.17327917867142473
2022-08-25,-0.211808241997693
2022-08-26,-0.3912488181129192
2022-08-29,-0.5884541875010942
2022-08-30,-0.8002226699408064
2022-08-31,-0.9232966259737698
2022-09-01,-0.9723844659880221
2022-09-02,-0.9943893033249791
2022-09-06,0.0
2022-09-07,0.0
2022-09-08,0.0
2022-09-09,0.0
2022-09-12,0.0
2022-09-13,0.0
2022-09-14,0.0
2022-09-15,0.0
2022-09-16,0.0
2022-09-19,0.0
2022-09-20,0.0
2022-09-21,0.0
2022-09-22,-0.1871076860000418
2022-09-23,-0.5702540483861545
2022-09-26,-0.8025428020715601
2022-09-27,-0.8891009770908302
2022-09-28,-0.9234979321542309
2022-09-29,-0.9824312333362772
2022-09-30,-0.997394936207928
2022-10-03,0.0
2022-10-04,0.0
2022-10-05,0.0
2022-10-06,0.0
2022-10-07,0.0
2022-10-10,0.0
2022-10-11,0.0
2022-10-12,0.0
2022-10-13,0.0
2022-10-14,0.0
2022-10-17,0.0
2022-10-18,-1.9984014443252818e-15
2022-10-19,-0.07320480910153337
2022-10-20,-0.36648962340418834
2022-10-21,-0.5131030828135383
2022-10-24,-0.6634210270149308
2022-10-25,-0.6853907080326422
2022-10-26,-0.6869217280776558
2022-10-27,-0.6849647651141815
2022-10-28,-0.6544495572075562
2022-10-31,-0.6327421153869368
2022-11-01,-0.6090465522970812
2022-11-02,-0.6922510754226072
2022-11-03,-0.758191563346106
2022-11-04,-0.8485667207936416
2022-11-07,-0.9347468890540145
2022-11-08,-0.9797830933756286
2022-11-09,-0.9971297246646813
2022-11-10,0.0
2022-11-11,0.0
2022-11-14,0.0
2022-11-15,0.0
2022-11-16,0.0
2022-11-17,0.0
2022-11-18,0.0
2022-11-21,0.0
2022-11-22,0.0
2022-11-23,0.0
2022-11-25,0.0
2022-11-28,3.774758283725532e-15
2022-11-29,-0.08290533718924875
2022-11-30,0.1787486056815668
2022-12-01,0.4062818191866453
2022-12-02,0.5913614256900881
2022-12-05,0.5502336045465208
2022-12-06,0.46385560551889826
2022-12-07,0.2637344606303671
2022-12-08,0.043228221990131876
2022-12-09,-0.05874936977802414
2022-12-12,-0.3624971748692505
2022-12-13,-0.6904120414002763
2022-12-14,-0.8981039219700047
2022-12-15,-0.9729465026685922
2022-12-16,-0.9966317731008993
2022-12-19,0.0
2022-12-20,0.0
2022-12-21,0.0
2022-12-22,0.0
2022-12-23,0.0
2022-12-27,0.0
2022-12-28,0.0
2022-12-29,0.0
2022-12-30,0.0
2023-01-03,0.0
2023-01-04,0.0
2023-01-05,-8.881784197001252e-16
2023-01-06,-0.16034596137247226
2023-01-09,-0.20089576208685633
2023-01-10,-0.2520395199646428
2023-01-11,-0.2370960057440139
2023-01-12,-0.21841952863531344
2023-01-13,-0.21678368353614985
2023-01-17,-0.09220311694483163
2023-01-18,-0.008399301331563302
2023-01-19,0.05029936400770141
2023-01-20,0.18497052207790832
2023-01-23,0.424524706996674
2023-01-24,0.6182114674468613
2023-01-25,0.7639382250045057
2023-01-26,0.9142193011446926
2023-01-27,0.9871550407301228
2023-01-30,0.9978621999438011
2023-01-31,0.0
2023-02-01,0.0
2023-02-02,0.0
2023-02-03,0.0
2023-02-06,0.0
2023-02-07,0.0
2023-02-08,0.0
2023-02-09,0.0
2023-02-10,0.0
2023-02-13,0.0
2023-02-14,0.0
2023-02-15,-4.440892098500626e-15
2023-02-16,0.1203628095764464
2023-02-17,0.33683461444437546
2023-02-21,0.35329650119083844
2023-02-22,0.4210987481634014
2023-02-23,0.49807562636704583
2023-02-24,0.5015542236710839
2023-02-27,0.6287411952692221
2023-02-28,0.7126441403546777
2023-03-01,0.7584431070925886
2023-03-02,0.709445303284769
2023-03-03,0.7160657617288
2023-03-06,0.6905346227698281
2023-03-07,0.6097852372948838
2023-03-08,0.4598457143349539
2023-03-09,0.17849438396057327
2023-03-10,-0.11037758503927075
2023-03-13,-0.36440396739094005
2023-03-14,-0.4909106483186727
2023-03-15,-0.6233015265277195
2023-03-16,-0.7040087972273283
2023-03-17,-0.7927449046657804
2023-03-20,-0.8458939467391422
2023-03-21,-0.8314974889798106
2023-03-22,-0.8450964217400292
2023-03-23,-0.8534303806399859
2023-03-24,-0.867867991516249
2023-03-27,-0.8762858654506711
2023-03-28,-0.8921462925023724
2023-03-29,-0.8930823730474655
2023-03-30,-0.8899792724188833
2023-03-31,-0.8459191372097956
2023-04-03,-0.8445824619722582
2023-04-04,-0.8513522944983762
2023-04-05,-0.8805104265786383
2023-04-06,-0.9056784512610134
2023-04-10,-0.9271372412292498
2023-04-11,-0.9404515094942267
2023-04-12,-0.9595105651698403
2023-04-13,-0.968118861892707
2023-04-14,-0.9756837316772937
2023-04-17,-0.9803227175156539
2023-04-18,-0.9854487152288132
2023-04-19,-0.9905535527525908
2023-04-20,0.0
2023-04-21,0.0
2023-04-24,0.0
2023-04-25,0.0
2023-04-26,0.0
2023-04-27,0.0
2023-04-28,0.0
2023-05-01,0.0
2023-05-02,0.0
2023-05-03,0.0
2023-05-04,0.0
2023-05-05,6.8833827526759706e-15
2023-05-08,0.525719202551671
2023-05-09,0.7674369031260548
2023-05-10,0.8902097255159467
2023-05-11,0.9730583050113721
2023-05-12,0.9885754757516012
2023-05-15,0.9936598972771478
2023-05-16,0.0
2023-05-17,0.0
2023-05-18,0.0
2023-05-19,0.0
2023-05-22,0.0
2023-05-23,0.0
2023-05-24,0.0
2023-05-25,0.0
2023-05-26,0.0
2023-05-30,0.0
2023-05-31,0.0
2023-06-01,-4.218847493575595e-15
2023-06-02,0.4493029377391722
2023-06-05,0.780520961939287
2023-06-06,0.9417136490839919
2023-06-07,0.9902187829011384
2023-06-08,0.0
2023-06-09,0.0
2023-06-12,0.0
2023-06-13,0.0
2023-06-14,0.0
2023-06-15,0.0
2023-06-16,0.0
2023-06-20,0.0
2023-06-21,0.0
2023-06-22,0.0
2023-06-23,0.0
2023-06-26,1.7763568394002505e-15
2023-06-27,-0.0932554592229109
2023-06-28,-0.06088725638414494
2023-06-29,-0.006683622714059201
2023-06-30,0.12253277332681045
2023-07-03,0.5240406825263306
2023-07-05,0.8057880788548943
2023-07-06,0.9157630472551752
2023-07-07,0.9634232740270303
2023-07-10,0.9807328128906265
2023-07-11,0.9902171235284798
2023-07-12,0.0
2023-07-13,0.0
2023-07-14,0.0
2023-07-17,0.0
2023-07-18,0.0
2023-07-19,0.0
2023-07-20,0.0
2023-07-21,0.0
2023-07-24,0.0
2023-07-25,0.0
2023-07-26,0.0
2023-07-27,-1.1102230246251565e-15
2023-07-28,-0.12192576515915143
2023-07-31,-0.2169207749747657
2023-08-01,-0.39375796978441335
2023-08-02,-0.6181384618105634
2023-08-03,-0.7352988289556857
2023-08-04,-0.8508051396325256
2023-08-07,-0.9273999917800768
2023-08-08,-0.9693427769444254
2023-08-09,-0.9916396111613905
2023-08-10,0.0
2023-08-11,0.0
2023-08-14,0.0
2023-08-15,0.0
2023-08-16,0.0
2023-08-17,0.0
2023-08-18,0.0
2023-08-21,0.0
2023-08-22,0.0
2023-08-23,0.0
2023-08-24,0.0
2023-08-25,1.5543122344752192e-15
2023-08-28,0.15184912893543978
2023-08-29,0.6382652575922625
2023-08-30,0.8849785125238518
2023-08-31,0.9743477208479867
2023-09-01,0.9875244187866168
2023-09-05,0.9977241162629551
2023-09-06,0.0
2023-09-07,0.0
2023-09-08,0.0
2023-09-11,0.0
2023-09-12,0.0
2023-09-13,0.0
2023-09-14,0.0
2023-09-15,0.0
2023-09-18,0.0
2023-09-19,0.0
2023-09-20,0.0
2023-09-21,-4.6629367034256575e-15
2023-09-22,-0.4108910893036075
2023-09-25,-0.6742459793307347
2023-09-26,-0.859109997420219
2023-09-27,-0.9572060298383454
2023-09-28,-0.9836038709361454
2023-09-29,-0.9922171644561617
2023-10-02,0.0
2023-10-03,0.0
2023-10-04,0.0
2023-10-05,0.0
2023-10-06,0.0
2023-10-09,0.0
2023-10-10,0.0
2023-10-11,0.0
2023-10-12,0.0
2023-10-13,0.0
2023-10-16,0.0
2023-10-17,-2.4424906541753444e-15
2023-10-18,-0.5431235696439043
2023-10-19,-0.989469224201569
2023-10-20,-0.999996522209325
2023-10-23,0.0
2023-10-24,0.0
2023-10-25,0.0
2023-10-26,0.0
2023-10-27,0.0
2023-10-30,0.0
2023-10-31,0.0
2023-11-01,0.0
2023-11-02,0.0
2023-11-03,0.0
2023-11-06,0.0
2023-11-07,3.9968028886505635e-15
2023-11-08,0.28427404910132714
2023-11-09,0.23665838936263217
2023-11-10,0.30479561288235457
2023-11-13,0.5509944027030569
2023-11-14,0.8693807099057143
2023-11-15,0.982808603229854
2023-11-16,0.996779382658787
2023-11-17,0.0
2023-11-20,0.0
2023-11-21,0.0
2023-11-22,0.0
2023-11-24,0.0
2023-11-27,0.0
2023-11-28,0.0
2023-11-29,0.0
2023-11-30,0.0
2023-12-01,0.0
2023-12-04,0.0
2023-12-05,-1.5543122344752192e-15
2023-12-06,0.05291281947309057
2023-12-07,0.2703174220751885
2023-12-08,0.505418913547901
2023-12-11,0.5432497878578215
2023-12-12,0.47618614269473536
2023-12-13,0.49791975279931777
2023-12-14,0.8310329157930787
2023-12-15,0.9708209459650892
2023-12-18,0.9959138288133871
2023-12-19,0.0
2023-12-20,0.0
2023-12-21,0.0
2023-12-22,0.0
2023-12-26,0.0
2023-12-27,0.0
2023-12-28,0.0
2023-12-29,0.0
2024-01-02,0.0
2024-01-03,0.0
2024-01-04,0.0
2024-01-05,0.0
2024-01-08,-0.24422747328944472
2024-01-09,-0.5659475827442346
2024-01-10,-0.7904333711030118
2024-01-11,-0.9435331864194159
2024-01-12,-0.9944634310900999
2024-01-16,0.0
2024-01-17,0.0
2024-01-18,0.0
2024-01-19,0.0
2024-01-22,0.0
2024-01-23,0.0
2024-01-24,0.0
2024-01-25,0.0
2024-01-26,0.0
2024-01-29,0.0
2024-01-30,0.0
2024-01-31,8.881784197001252e-16
2024-02-01,-0.20855370577207877
2024-02-02,-0.40278457240748433
2024-02-05,-0.634873459051732
2024-02-06,-0.7638921675512789
2024-02-07,-0.83956231997967
2024-02-08,-0.8851067208094041
2024-02-09,-0.9057371158513887
2024-02-12,-0.9365784837395843
2024-02-13,-0.9640657934197774
2024-02-14,-0.9758716374411511
2024-02-15,-0.9739556190901746
2024-02-16,-0.9726059624699468
2024-02-20,-0.9773616301390746
2024-02-21,-0.9805328900599368
2024-02-22,-0.9814552748278407
2024-02-23,-0.9856681236458165
2024-02-26,-0.9852521551011906
2024-02-27,-0.98468299345312
2024-02-28,-0.9827577855361249
2024-02-29,-0.9808338980957771
2024-03-01,-0.9782698135692378
2024-03-04,-0.985054370143446
2024-03-05,-0.9922174534353387
2024-03-06,0.0
2024-03-07,0.0
2024-03-08,0.0
2024-03-11,0.0
2024-03-12,0.0
2024-03-13,0.0
2024-03-14,0.0
2024-03-15,0.0
2024-03-18,0.0
2024-03-19,0.0
2024-03-20,0.0
2024-03-21,-4.884981308350689e-15
2024-03-22,-0.08604130459295534
2024-03-25,-0.09423642105130758
2024-03-26,0.09146964165155902
2024-03-27,0.33577062716800055
2024-03-28,0.41858188421378895
2024-04-01,0.4760151034241169
2024-04-02,0.27432651715023004
2024-04-03,0.12126528919506407
2024-04-04,0.060021937627738664
2024-04-05,-0.1940219861324186
2024-04-08,-0.1879020007694725
2024-04-09,-0.06502346963518169
2024-04-10,-0.09798140670259614
2024-04-11,-0.04707387717427314
2024-04-12,-0.09947155203422087
2024-04-15,-0.4013757971457168
2024-04-16,-0.7133065820106819
2024-04-17,-0.899630641643379
2024-04-18,-0.9830319101497658
2024-04-19,-0.9986437040329208
2024-04-22,0.0
2024-04-23,0.0
2024-04-24,0.0
2024-04-25,0.0
2024-04-26,0.0
2024-04-29,0.0
2024-04-30,0.0
2024-05-01,0.0
2024-05-02,0.0
2024-05-03,0.0
2024-05-06,0.0
2024-05-07,8.881784197001252e-16
2024-05-08,0.032733813035285
2024-05-09,0.02620289866299297
2024-05-10,-0.025206575586126156
2024-05-13,-0.030406073670196543
2024-05-14,0.03357453812164812
2024-05-15,0.051790302933028665
2024-05-16,0.07878198971724215
2024-05-17,0.1334398708968656
2024-05-20,0.15807022041209762
2024-05-21,0.30031527227312105
2024-05-22,0.3679420040803947
2024-05-23,0.37329293374250083
2024-05-24,0.4265722360177766
2024-05-28,0.455580514723843
2024-05-29,0.47853420320925366
2024-05-30,0.519744274167075
2024-05-31,0.5529525645718425
2024-06-03,0.5719981602577846
2024-06-04,0.5802565707562632
2024-06-05,0.5897362564659354
2024-06-06,0.6167270458030432
2024-06-07,0.6393465473152835
2024-06-10,0.6403785242426072
2024-06-11,0.6240372385044588
2024-06-12,0.6446287820062553
2024-06-13,0.6899337987326821
2024-06-14,0.710320071186725
2024-06-17,0.7680851161558184
2024-06-18,0.8076016066910019
2024-06-20,0.8315616611694914
2024-06-21,0.85659717892774
2024-06-24,0.8772596222247957
2024-06-25,0.9044148755358357
2024-06-26,0.9386668611576923
2024-06-27,0.9625648047971376
2024-06-28,0.9780294608717115
2024-07-01,0.9907955332820102
2024-07-02,0.0
2024-07-03,0.0
2024-07-05,0.0
2024-07-08,0.0
2024-07-09,0.0
2024-07-10,0.0
2024-07-11,0.0
2024-07-12,0.0
2024-07-15,0.0
2024-07-16,0.0
2024-07-17,0.0
2024-07-18,-2.220446049250313e-15
2024-07-19,-0.27624157493728574
2024-07-22,-0.23908355246763136
2024-07-23,-0.3186502293306066
2024-07-24,-0.8326854103827865
2024-07-25,-0.9703876158050937
2024-07-26,-0.9966981275362237
2024-07-29,0.0
2024-07-30,0.0
2024-07-31,0.0
2024-08-01,0.0
2024-08-02,0.0
2024-08-05,0.0
2024-08-06,0.0
2024-08-07,0.0
2024-08-08,0.0
2024-08-09,0.0
2024-08-12,0.0
2024-08-13,1.9984014443252818e-15
2024-08-14,-0.11986520144291912
2024-08-15,-0.03505436010158447
2024-08-16,0.07365873328001205
2024-08-19,0.2657579125179088
2024-08-20,0.41317468293207105
2024-08-21,0.5605879909429008
2024-08-22,0.5656833470896916
2024-08-23,0.6562571051439803
2024-08-26,0.678832871805457
2024-08-27,0.6699858892230974
2024-08-28,0.6346480317326773
2024-08-29,0.60329429825474
2024-08-30,0.6349669382333691
2024-09-03,0.6384362244624455
2024-09-04,0.7024431563346101
2024-09-05,0.8110594794819534
2024-09-06,0.8116568076093729
2024-09-09,0.8357018615718159
2024-09-10,0.8887394509614772
2024-09-11,0.9302310947164334
2024-09-12,0.959543391720211
2024-09-13,0.9776335638632427
2024-09-16,0.9864839539567549
2024-09-17,0.9922797488777764
2024-09-18,0.0
2024-09-19,0.0
2024-09-20,0.0
2024-09-23,0.0
2024-09-24,0.0
2024-09-25,0.0
2024-09-26,0.0
2024-09-27,0.0
2024-09-30,0.0
2024-10-01,0.0
2024-10-02,0.0
2024-10-03,-3.1086244689504383e-15
2024-10-04,0.011222823325003795
2024-10-07,-0.16796071223505438
2024-10-08,-0.2595073768294953
2024-10-09,-0.4014109529723231
2024-10-10,-0.5550256003050902
2024-10-11,-0.8574899339781139
2024-10-14,-0.9644552569946372
2024-10-15,-0.9930162998690202
2024-10-16,0.0
2024-10-17,0.0
2024-10-18,0.0
2024-10-21,0.0
2024-10-22,0.0
2024-10-23,0.0
2024-10-24,0.0
2024-10-25,0.0
2024-10-28,0.0
2024-10-29,0.0
2024-10-30,0.0
2024-10-31,8.881784197001252e-16
2024-11-01,0.0968522792673927
2024-11-04,0.12677809696592335
2024-11-05,0.23311472749138873
2024-11-06,0.603748338910302
2024-11-07,0.8558129687381504
2024-11-08,0.9785718713233078
2024-11-11,0.9993216859095866
2024-11-12,0.0
2024-11-13,0.0
2024-11-14,0.0
2024-11-15,0.0
2024-11-18,0.0
2024-11-19,0.0
2024-11-20,0.0
2024-11-21,0.0
2024-11-22,0.0
2024-11-25,0.0
2024-11-26,0.0
2024-11-27,-5.773159728050814e-15
2024-11-29,0.19985129783770428
2024-12-02,0.5603142475752114
2024-12-03,0.7400833395743751
2024-12-04,0.8913301841577119
2024-12-05,0.9788236659907394
2024-12-06,0.9992823785983809
2024-12-09,0.0
2024-12-10,0.0
2024-12-11,0.0
2024-12-12,0.0
2024-12-13,0.0
2024-12-16,0.0
2024-12-17,0.0
2024-12-18,0.0
2024-12-19,0.0
2024-12-20,0.0
2024-12-23,0.0
2024-12-24,1.9984014443252818e-15
2024-12-26,0.17446757147658776
2024-12-27,0.15267495627434502
2024-12-30,0.019522255471750904
2024-12-31,-0.20817473270299258
2025-01-02,-0.5560401653116853
2025-01-03,-0.6604040167084704
2025-01-06,-0.7412966288796512
2025-01-07,-0.8501689487405653
2025-01-08,-0.9166578993510359
2025-01-10,-0.9557954631955081
2025-01-13,-0.973039966921236
2025-01-14,-0.9860843897198939
2025-01-15,-0.9857633755789443
2025-01-16,-0.9893373293039407
2025-01-17,-0.9894893498726374
2025-01-21,-0.9901770791356657
2025-01-22,0.0
2025-01-23,0.0
2025-01-24,0.0
2025-01-27,0.0
2025-01-28,0.0
2025-01-29,0.0
2025-01-30,0.0
2025-01-31,0.0
2025-02-03,0.0
2025-02-04,0.0
2025-02-05,0.0
2025-02-06,-1.9984014443252818e-15
2025-02-07,-0.538060700700985
2025-02-10,-0.8995176134507465
2025-02-11,-0.9966318323387953
2025-02-12,0.0
2025-02-13,0.0
2025-02-14,0.0
2025-02-18,0.0
2025-02-19,0.0
2025-02-20,0.0
2025-02-21,0.0
2025-02-24,0.0
2025-02-25,0.0
2025-02-26,0.0
2025-02-27,0.0
2025-02-28,1.7763568394002505e-15
2025-03-03,-0.3279095019308318
2025-03-04,-0.6478360787965158
2025-03-05,-0.820289582533765
2025-03-06,-0.9372359648751769
2025-03-07,-0.9815655477523517
2025-03-10,-0.9983738139614344
2025-03-11,0.0
2025-03-12,0.0
2025-03-13,0.0
2025-03-14,0.0
2025-03-17,0.0
2025-03-18,0.0
2025-03-19,0.0
2025-03-20,0.0
2025-03-21,0.0
2025-03-24,0.0
2025-03-25,0.0
2025-03-26,1.5543122344752192e-15
2025-03-27,0.25986807747603646
2025-03-28,0.39031710026763466
2025-03-31,0.46518821729174276
2025-04-01,0.5997938764637867
2025-04-02,0.7788906654082974
2025-04-03,0.8389866738670548
2025-04-04,0.7887058955240254
2025-04-07,0.700716847085114
2025-04-08,0.5232477954129282
2025-04-09,0.6528713619259787
2025-04-10,0.658694623062811
2025-04-11,0.6639685022791433
2025-04-14,0.6693810360040744
2025-04-15,0.6831764605399391
2025-04-16,0.6355634854083365
2025-04-17,0.5848693238241176
2025-04-21,0.44940721349957036
2025-04-22,0.3705497128020241
2025-04-23,0.3739554071683271
2025-04-24,0.4313255800867508
2025-04-25,0.6172863449764479
2025-04-28,0.759997404101854
2025-04-29,0.8716900592285122
2025-04-30,0.9240186368736676
2025-05-01,0.9553590592464787
2025-05-02,0.9779923249430562
2025-05-05,0.9879120918217743
2025-05-06,0.9927411491839688
2025-05-07,0.0
2025-05-08,0.0
2025-05-09,0.0
2025-05-12,0.0
2025-05-13,0.0
2025-05-14,0.0
2025-05-15,0.0
2025-05-16,0.0
2025-05-19,0.0
2025-05-20,0.0
2025-05-21,0.0
2025-05-22,-1.9984014443252818e-15
2025-05-23,0.11314701408283012
2025-05-27,0.3962591289078896
2025-05-28,0.5821979288368659
2025-05-29,0.7279676251441631
2025-05-30,0.7913157275415041
2025-06-02,0.8303729927727863
2025-06-03,0.8659860761454792
2025-06-04,0.8694230976586015
2025-06-05,0.7388111414007406
2025-06-06,0.5994302766224402
2025-06-09,0.5032620837326263
2025-06-10,0.493850548424978
2025-06-11,0.48662447407491705
2025-06-12,0.44292901359057746
2025-06-13,0.4312770377301962
2025-06-16,0.43914212014974563
2025-06-17,0.38339738874642193
2025-06-18,0.35673651409985285
2025-06-20,0.33115693314705386
2025-06-23,0.43532398391353055
2025-06-24,0.49335708732790984
2025-06-25,0.49303692109598285
2025-06-26,0.48533621934293314
2025-06-27,0.46877914413585264
2025-06-30,0.42679424137713795
2025-07-01,0.30742164581389453
2025-07-02,0.2547136324390489
2025-07-03,0.200779601283694
2025-07-07,0.04432316946999304
2025-07-08,-0.09169147058354699
2025-07-09,-0.23076035375751824
2025-07-10,-0.30011582377071666
2025-07-11,-0.35050072396148035
2025-07-14,-0.38471054429433127
2025-07-15,-0.44102395013659557
2025-07-16,-0.4537538158406025
2025-07-17,-0.47434729230640404
2025-07-18,-0.45749248980023594
2025-07-21,-0.44499750393846815
2025-07-22,-0.4193466353658788
2025-07-23,-0.39201224187388495
2025-07-24,-0.4637766250778599
2025-07-25,-0.49446312223416133
2025-07-28,-0.4925044876879163
2025-07-29,-0.5050167304698747
2025-07-30,-0.5240353832368667
2025-07-31,-0.5747117591416955
2025-08-01,-0.6364967136729511
2025-08-04,-0.6755442400930058
2025-08-05,-0.7124277500482041
2025-08-06,-0.722329176651112
2025-08-07,-0.7268845830203752
2025-08-08,-0.715636447532547
2025-08-11,-0.6830582328797394
2025-08-12,-0.6442336076675401
2025-08-13,-0.6070306388186006
2025-08-14,-0.5785320012823052
2025-08-15,-0.563202828153847
2025-08-18,-0.5349321550585524
2025-08-19,-0.5228858711480062
2025-08-20,-0.5261989289296465
2025-08-21,-0.5399481368027557
2025-08-22,-0.49814360315613504
2025-08-25,-0.4353171625970287
2025-08-26,-0.3537879235711303
2025-08-27,-0.2757655066904179
2025-08-28,-0.2080570803702404
2025-08-29,-0.18079181785990617
2025-09-02,-0.16888814122744922
2025-09-03,-0.14117274525753598
2025-09-04,-0.09863628970405713
2025-09-05,-0.014695979907998646
2025-09-08,0.05351276851232689
2025-09-09,0.12242935996166393
2025-09-10,0.19230451384169123
2025-09-11,0.324704107066093
2025-09-12,0.5187324379945024
2025-09-15,0.7036449346094997
2025-09-16,0.8466471394023345
2025-09-17,0.9318992216793482
2025-09-18,0.9707660929581032
2025-09-19,0.9898166266018902
2025-09-22,0.9971845255036145
2025-09-23,0.0
2025-09-24,0.0
2025-09-25,0.0
2025-09-26,0.0
2025-09-29,0.0
2025-09-30,0.0
2025-10-01,0.0
2025-10-02,0.0
2025-10-03,0.0
2025-10-06,0.0
2025-10-07,0.0
2025-10-08,6.217248937900877e-15
2025-10-09,-0.07688273233340448
2025-10-10,-0.5423472660780577
2025-10-13,-0.5754755074946898
2025-10-14,-0.6870346528188982
2025-10-15,-0.7163798302747655
2025-10-16,-0.7977687999539831
2025-10-17,-0.7847767723069858
2025-10-20,-0.6991400332201951
2025-10-21,-0.6528065970205552
2025-10-22,-0.6442722084277888
2025-10-23,-0.5229440588183343
2025-10-24,-0.5775620076748285
2025-10-27,-0.408492534229999
2025-10-28,-0.10431187342478765
2025-10-29,0.21785872676282936
2025-10-30,0.22603938996363082
2025-10-31,0.4423489559084657
2025-11-03,0.7194990455610959
2025-11-04,0.7486615886195569
2025-11-05,0.8691046787584045
2025-11-06,0.8898412863877763
2025-11-07,0.843401243900785
2025-11-10,0.8643367293851054
2025-11-11,0.8604616199683126
2025-11-12,0.8143248883072736
2025-11-13,0.5378725575863008
2025-11-14,0.15720498075108758
2025-11-17,-0.20267967645426976
2025-11-18,-0.5843059410765334
2025-11-19,-0.8124175248076857
2025-11-20,-0.9471498793792237
2025-11-21,-0.9906647272271689
2025-11-24,0.0
2025-11-25,0.0
2025-11-26,0.0
2025-11-28,0.0
2025-12-01,0.0
2025-12-02,0.0
2025-12-03,0.0
2025-12-04,0.0
2025-12-05,0.0
2025-12-08,0.0
2025-12-09,0.0
2025-12-10,-2.886579864025407e-15
2025-12-11,0.16081723444115514
2025-12-12,0.4735336052379804
2025-12-15,0.8236317106938409
2025-12-16,0.9785104341054205
2025-12-17,0.9945501505117778
2025-12-18,0.0
2025-12-19,0.0
2025-12-22,0.0
2025-12-23,0.0
2025-12-24,0.0
2025-12-26,0.0
2025-12-29,0.0
2025-12-30,0.0
2025-12-31,0.0
2026-01-02,0.0
2026-01-05,0.0
2026-01-06,2.6645352591003757e-15
2026-01-07,-0.36331722146193735
2026-01-08,-0.6056180652825058
2026-01-09,-0.7230040456645184
2026-01-12,-0.7920112755557285
2026-01-13,-0.851042811589459
2026-01-14,-0.9131464555117315
2026-01-15,-0.9517545654876529
2026-01-16,-0.9747763885416116
2026-01-20,-0.9928171550366918
2026-01-21,0.0
2026-01-22,0.0
2026-01-23,0.0
2026-01-26,0.0
2026-01-27,0.0
2026-01-28,0.0
2026-01-29,0.0
2026-01-30,0.0
2026-02-02,0.0
2026-02-03,0.0
2026-02-04,0.0
2026-02-05,-1.7763568394002505e-15
2026-02-06,-0.2222295354862056
2026-02-09,-0.3372742319925943
2026-02-10,-0.3456397223999632
2026-02-11,-0.31770741206409925
2026-02-12,-0.41771841525914644
2026-02-13,-0.5019277456689468
2026-02-17,-0.6319084792091303
2026-02-18,-0.7294306782168776
2026-02-19,-0.8025159199782939
2026-02-20,-0.8574175616276467
2026-02-23,-0.9279676059584943
2026-02-24,-0.9535936953477986
2026-02-25,-0.9618529518190981
2026-02-26,-0.9764744583901432
2026-02-27,-0.9884549259680138
2026-03-02,-0.994362167349155
2026-03-03,0.0
2026-03-04,0.0
2026-03-05,0.0
2026-03-06,0.0
2026-03-09,0.0
2026-03-10,0.0
2026-03-11,0.0
2026-03-12,0.0
2026-03-13,0.0
2026-03-16,0.0
2026-03-17,0.0
2026-03-18,4.6629367034256575e-15
2026-03-19,-0.6324026045326452
2026-03-20,-0.980191018201725
2026-03-23,-0.9978171337894106
2026-03-24,0.0
2026-03-25,0.0
2026-03-26,0.0
2026-03-27,0.0
2026-03-30,0.0
2026-03-31,0.0
2026-04-01,0.0
2026-04-02,0.0
2026-04-06,0.0
2026-04-07,0.0
2026-04-08,0.0
2026-04-09,4.218847493575595e-15
2026-04-10,-0.20687531737654763
2026-04-13,-0.3433277423417851
2026-04-14,-0.32181284678709066
2026-04-15,0.05420461966829149
2026-04-16,0.36385133839708517
2026-04-17,0.7002086718921703
2026-04-20,0.8525468085758308
2026-04-21,0.9200262375073232
2026-04-22,0.960123942145616
2026-04-23,0.9686876643154219
2026-04-24,0.9775812331015201
2026-04-27,0.985337486659918
2026-04-28,0.9894668566206715
2026-04-29,0.9914602426710588
2026-04-30,0.0
2026-05-01,0.0
2026-05-04,0.0
2026-05-05,0.0
2026-05-06,0.0
2026-05-07,0.0
2026-05-08,0.0
2026-05-11,0.0
2026-05-12,0.0
2026-05-13,0.0
2026-05-14,0.0
2026-05-15,1.5543122344752192e-15
2026-05-18,-0.04810309448017813
2026-05-19,-0.1442634383951673
2026-05-20,-0.12200340113684804
2026-05-21,-0.09635314282596652
2026-05-22,-0.0064971614070483685
2026-05-26,0.1372073905093827
2026-05-27,0.3173884622194545
2026-05-28,0.4839024024316998
2026-05-29,0.5883952445866447
2026-06-01,0.5810229728984329
2026-06-02,0.6127733531424477
2026-06-03,0.6417864755486278
2026-06-04,0.646218650009815
2026-06-05,0.5230942405084087
2026-06-08,0.48287634437359306
2026-06-09,0.3759365761450115
2026-06-10,0.17508811976744343
2026-06-11,0.07589135174155115
2026-06-12,0.022320420937201213
2026-06-15,-0.0018826894810695105
2026-06-16,-0.06287481691055241
2026-06-17,-0.1681780821804968
2026-06-18,-0.24575583163200054
2026-06-22,-0.29550470109990945
2026-06-23,-0.45445435963816694
2026-06-24,-0.6128932621135241
2026-06-25,-0.7378928574655506
2026-06-26,-0.8202062745235463
2026-06-29,-0.821971228426241
2026-06-30,-0.8050240951555698
2026-07-01,-0.776256161401752
2026-07-02,-0.8195970576456866
2026-07-06,-0.8050817297321151
2026-07-07,-0.8254311064300848
2026-07-08,-0.8589213902412478
2026-07-09,-0.8685675363022789
2026-07-10,-0.87579576336352
2026-07-13,-0.8995142946967805
2026-07-14,-0.9176888087928552
2026-07-15,-0.9343238824797675
2026-07-16,-0.9501799923664367
2026-07-17,-0.9675078429445234
2026-07-20,-0.9824708987231758
2026-07-21,-0.989420432976754
2026-07-22,-0.9942434782767193
2026-07-23,0.0
2026-07-24,0.0
2026-07-27,0.0
