2013-01-02,0.0
2013-01-03,0.0
2013-01-04,0.0
2013-01-07,0.0
2013-01-08,0.0
2013-01-09,0.0
2013-01-10,0.0
2013-01-11,0.0
2013-01-14,0.0
2013-01-15,0.0
2013-01-16,0.0
2013-01-17,-1.0880185641326534e-14
2013-01-18,0.6447948312958289
2013-01-22,0.8696556826612833
2013-01-23,0.9861369334030479
2013-01-24,0.9988667724636942
2013-01-25,0.0
2013-01-28,0.0
2013-01-29,0.0
2013-01-30,0.0
2013-01-31,0.0
2013-02-01,0.0
2013-02-04,0.0
2013-02-05,0.0
2013-02-06,0.0
2013-02-07,0.0
2013-02-08,0.0
2013-02-11,-8.215650382226158e-15
2013-02-12,-0.5801766837298246
2013-02-13,-0.8977026727542485
2013-02-14,-0.9188225324210881
2013-02-15,-0.8232436244142491
2013-02-19,-0.5105020092814931
2013-02-20,0.09987195862807274
2013-02-21,0.6704071836173819
2013-02-22,0.8990638698964659
2013-02-25,0.928957346243664
2013-02-26,0.9350622186710889
2013-02-27,0.917660050700712
2013-02-28,0.9128726675856353
2013-03-01,0.9583561315051703
2013-03-04,0.9881864074360291
2013-03-05,0.9931489696081282
2013-03-06,0.0
2013-03-07,0.0
2013-03-08,0.0
2013-03-11,0.0
2013-03-12,0.0
2013-03-13,0.0
2013-03-14,0.0
2013-03-15,0.0
2013-03-18,0.0
2013-03-19,0.0
2013-03-20,0.0
2013-03-21,-9.103828801926284e-15
2013-03-22,0.37661946155645554
2013-03-25,0.7287184443418324
2013-03-26,0.959251197177531
2013-03-27,0.9963683387861237
2013-03-28,0.0
2013-04-01,0.0
2013-04-02,0.0
2013-04-03,0.0
2013-04-04,0.0
2013-04-05,0.0
2013-04-08,0.0
2013-04-09,0.0
2013-04-10,0.0
2013-04-11,0.0
2013-04-12,0.0
2013-04-15,2.4424906541753444e-15
2013-04-16,0.17916074002318516
2013-04-17,0.30107793088837886
2013-04-18,0.42095001792940856
2013-04-19,0.5333945897614707
2013-04-22,0.7994526789173806
2013-04-23,0.9542393795519923
2013-04-24,0.9879735334980742
2013-04-25,0.9971608411120538
2013-04-26,0.0
2013-04-29,0.0
2013-04-30,0.0
2013-05-01,0.0
2013-05-02,0.0
2013-05-03,0.0
2013-05-06,0.0
2013-05-07,0.0
2013-05-08,0.0
2013-05-09,0.0
2013-05-10,0.0
2013-05-13,-3.552713678800501e-15
2013-05-14,0.1480416345251947
2013-05-15,0.4521696161555666
2013-05-16,0.7059405943165702
2013-05-17,0.9262903051845444
2013-05-20,0.9715707173789079
2013-05-21,0.9922011324199627
2013-05-22,0.0
2013-05-23,0.0
2013-05-24,0.0
2013-05-28,0.0
2013-05-29,0.0
2013-05-30,0.0
2013-05-31,0.0
2013-06-03,0.0
2013-06-04,0.0
2013-06-05,0.0
2013-06-06,0.0
2013-06-07,-7.993605777301127e-15
2013-06-10,-0.0787867145537271
2013-06-11,-0.20189336110860223
2013-06-12,-0.42359930673410773
2013-06-13,-0.5600822400845495
2013-06-14,-0.6644660971110556
2013-06-17,-0.7613900815892067
2013-06-18,-0.8040850526220313
2013-06-19,-0.8626410518831564
2013-06-20,-0.9532950362287003
2013-06-21,-0.9738586493602659
2013-06-24,-0.9896051907470986
2013-06-25,-0.9944944227186086
2013-06-26,0.0
2013-06-27,0.0
2013-06-28,0.0
2013-07-01,0.0
2013-07-02,0.0
2013-07-03,0.0
2013-07-05,0.0
2013-07-08,0.0
2013-07-09,0.0
2013-07-10,0.0
2013-07-11,0.0
2013-07-12,-1.1102230246251565e-15
2013-07-15,0.3548868131011762
2013-07-16,0.515981230813265
2013-07-17,0.6614713089663891
2013-07-18,0.7983192115966182
2013-07-19,0.8948467125938859
2013-07-22,0.9584168884401691
2013-07-23,0.9786986702677238
2013-07-24,0.9847147686615858
2013-07-25,0.992128634341594
2013-07-26,0.0
2013-07-29,0.0
2013-07-30,0.0
2013-07-31,0.0
2013-08-01,0.0
2013-08-02,0.0
2013-08-05,0.0
2013-08-06,0.0
2013-08-07,0.0
2013-08-08,0.0
2013-08-09,0.0
2013-08-12,-2.375877272697835e-14
2013-08-13,-0.02656479062149586
2013-08-14,-0.30567835048795144
2013-08-15,-0.9513590748051763
2013-08-16,-0.9997222107351083
2013-08-19,0.0
2013-08-20,0.0
2013-08-21,0.0
2013-08-22,0.0
2013-08-23,0.0
2013-08-26,0.0
2013-08-27,0.0
2013-08-28,0.0
2013-08-29,0.0
2013-08-30,0.0
2013-09-03,0.0
2013-09-04,-1.3988810110276972e-14
2013-09-05,0.3464292922742509
2013-09-06,0.7402029433214519
2013-09-09,0.9659155397046131
2013-09-10,0.9989438390203111
2013-09-11,0.0
2013-09-12,0.0
2013-09-13,0.0
2013-09-16,0.0
2013-09-17,0.0
2013-09-18,0.0
2013-09-19,0.0
2013-09-20,0.0
2013-09-23,0.0
2013-09-24,0.0
2013-09-25,0.0
2013-09-26,3.1086244689504383e-15
2013-09-27,-0.3184646325001075
2013-09-30,-0.5202993489156871
2013-10-01,-0.5564814027351672
2013-10-02,-0.5723565018162888
2013-10-03,-0.5808314244402077
2013-10-04,-0.5008704139827018
2013-10-07,-0.5032671436291878
2013-10-08,-0.6628734298921604
2013-10-09,-0.7608844214462449
2013-10-10,-0.7580631453666813
2013-10-11,-0.7575918295795838
2013-10-14,-0.710049751627269
2013-10-15,-0.678867089841142
2013-10-16,-0.562523926199046
2013-10-17,-0.3105901161380107
2013-10-18,-0.010125262107436361
2013-10-21,0.28387159573598253
2013-10-22,0.5886431897041784
2013-10-23,0.7576247025109755
2013-10-24,0.8528766939279642
2013-10-25,0.9440568496314254
2013-10-28,0.982506516455899
2013-10-29,0.9959920895849503
2013-10-30,0.0
2013-10-31,0.0
2013-11-01,0.0
2013-11-04,0.0
2013-11-05,0.0
2013-11-06,0.0
2013-11-07,0.0
2013-11-08,0.0
2013-11-11,0.0
2013-11-12,0.0
2013-11-13,0.0
2013-11-14,1.7763568394002505e-14
2013-11-15,0.09992631784065975
2013-11-18,0.35361317800297476
2013-11-19,0.43124028694512884
2013-11-20,0.33562981284155113
2013-11-21,0.44496170499501564
2013-11-22,0.6332817052361945
2013-11-25,0.6676758976944872
2013-11-26,0.7345592924062561
2013-11-27,0.7318662752501328
2013-11-29,0.7629772348741255
2013-12-02,0.7817541298262216
2013-12-03,0.940820407065708
2013-12-04,0.9837545225287334
2013-12-05,0.9966518528132955
2013-12-06,0.0
2013-12-09,0.0
2013-12-10,0.0
2013-12-11,0.0
2013-12-12,0.0
2013-12-13,0.0
2013-12-16,0.0
2013-12-17,0.0
2013-12-18,0.0
2013-12-19,0.0
2013-12-20,0.0
2013-12-23,3.1086244689504383e-15
2013-12-24,-0.061685361911392844
2013-12-26,0.03451864313167552
2013-12-27,0.02060364717909091
2013-12-30,0.1120954658196045
2013-12-31,0.15367518620147536
2014-01-02,0.016124356814455787
2014-01-03,-0.04791138917383764
2014-01-06,-0.4676395944670535
2014-01-07,-0.7443030479329265
2014-01-08,-0.9025427788275411
2014-01-09,-0.9489115282573071
2014-01-10,-0.9789578965006862
2014-01-13,-0.9949605534138399
2014-01-14,0.0
2014-01-15,0.0
2014-01-16,0.0
2014-01-17,0.0
2014-01-21,0.0
2014-01-22,0.0
2014-01-23,0.0
2014-01-24,0.0
2014-01-27,0.0
2014-01-28,0.0
2014-01-29,0.0
2014-01-30,1.9984014443252818e-15
2014-01-31,0.04708805146174222
2014-02-03,-0.21594626773735004
2014-02-04,-0.357986371292899
2014-02-05,-0.5075152166503627
2014-02-06,-0.6088933375847878
2014-02-07,-0.6019585460072832
2014-02-10,-0.5266668097823519
2014-02-11,-0.43611472627052095
2014-02-12,-0.23023241821785057
2014-02-13,-0.04484406377254868
2014-02-14,0.1825553963629618
2014-02-18,0.46527331907575675
2014-02-19,0.6596311362816356
2014-02-20,0.8308129348731816
2014-02-21,0.9028800979703338
2014-02-24,0.9433038682767592
2014-02-25,0.9664646392375151
2014-02-26,0.9807970343743142
2014-02-27,0.9899657421943084
2014-02-28,0.9949052952303721
2014-03-03,0.0
2014-03-04,0.0
2014-03-05,0.0
2014-03-06,0.0
2014-03-07,0.0
2014-03-10,0.0
2014-03-11,0.0
2014-03-12,0.0
2014-03-13,0.0
2014-03-14,0.0
2014-03-17,0.0
2014-03-18,5.773159728050814e-15
2014-03-19,0.4520232681494525
2014-03-20,0.8325969752946469
2014-03-21,0.9571543480214364
2014-03-24,0.9375144202248284
2014-03-25,0.9326125490993398
2014-03-26,0.9169616959053206
2014-03-27,0.9104380470910622
2014-03-28,0.8509167158180815
2014-03-31,0.8181757792455486
2014-04-01,0.8533537677653369
2014-04-02,0.9477866870449996
2014-04-03,0.9860696092442576
2014-04-04,0.9900201874776986
2014-04-07,0.0
2014-04-08,0.0
2014-04-09,0.0
2014-04-10,0.0
2014-04-11,0.0
2014-04-14,0.0
2014-04-15,0.0
2014-04-16,0.0
2014-04-17,0.0
2014-04-21,0.0
2014-04-22,0.0
2014-04-23,6.661338147750939e-15
2014-04-24,0.11218795258777692
2014-04-25,0.18758586750180806
2014-04-28,0.4831445901234568
2014-04-29,0.7385958315762013
2014-04-30,0.9097278180094892
2014-05-01,0.9687609274169307
2014-05-02,0.9882612642537318
2014-05-05,0.996240255919363
2014-05-06,0.0
2014-05-07,0.0
2014-05-08,0.0
2014-05-09,0.0
2014-05-12,0.0
2014-05-13,0.0
2014-05-14,0.0
2014-05-15,0.0
2014-05-16,0.0
2014-05-19,0.0
2014-05-20,0.0
2014-05-21,0.0
2014-05-22,0.2575391681203272
2014-05-23,0.5402712613330669
2014-05-27,0.743769401380294
2014-05-28,0.874435225543962
2014-05-29,0.9417335502788449
2014-05-30,0.9798794585590591
2014-06-02,0.9926767642392316
2014-06-03,0.0
2014-06-04,0.0
2014-06-05,0.0
2014-06-06,0.0
2014-06-09,0.0
2014-06-10,0.0
2014-06-11,0.0
2014-06-12,0.0
2014-06-13,0.0
2014-06-16,0.0
2014-06-17,0.0
2014-06-18,-2.1760371282653068e-14
2014-06-19,-0.06792006688444618
2014-06-20,-0.48526471421236383
2014-06-23,-0.6535162683975573
2014-06-24,-0.8048892092085489
2014-06-25,-0.6471316853338391
2014-06-26,0.1151630658447449
2014-06-27,0.8037557390425802
2014-06-30,0.9736815258944778
2014-07-01,0.999059596066374
2014-07-02,0.0
2014-07-03,0.0
2014-07-07,0.0
2014-07-08,0.0
2014-07-09,0.0
2014-07-10,0.0
2014-07-11,0.0
2014-07-14,0.0
2014-07-15,0.0
2014-07-16,0.0
2014-07-17,0.0
2014-07-18,6.8833827526759706e-15
2014-07-21,-0.18224747462393798
2014-07-22,-0.336598492584566
2014-07-23,-0.4194294421725633
2014-07-24,-0.5342526645352592
2014-07-25,-0.7023282271270479
2014-07-28,-0.7882232205097122
2014-07-29,-0.8645583152376006
2014-07-30,-0.9066823177012431
2014-07-31,-0.9605988447789249
2014-08-01,-0.9838413114720372
2014-08-04,-0.9913138121677654
2014-08-05,0.0
2014-08-06,0.0
2014-08-07,0.0
2014-08-08,0.0
2014-08-11,0.0
2014-08-12,0.0
2014-08-13,0.0
2014-08-14,0.0
2014-08-15,0.0
2014-08-18,0.0
2014-08-19,0.0
2014-08-20,0.0
2014-08-21,0.2968700120973189
2014-08-22,0.5745158730270887
2014-08-25,0.8241172996020123
2014-08-26,0.9351705614728647
2014-08-27,0.9785156875920982
2014-08-28,0.9931771275442591
2014-08-29,0.0
2014-09-02,0.0
2014-09-03,0.0
2014-09-04,0.0
2014-09-05,0.0
2014-09-08,0.0
2014-09-09,0.0
2014-09-10,0.0
2014-09-11,0.0
2014-09-12,0.0
2014-09-15,0.0
2014-09-16,-4.218847493575595e-15
2014-09-17,0.4941249513672439
2014-09-18,0.7872176968765319
2014-09-19,0.9123349836481163
2014-09-22,0.9617379211396277
2014-09-23,0.971757003429714
2014-09-24,0.9904141874988817
2014-09-25,0.0
2014-09-26,0.0
2014-09-29,0.0
2014-09-30,0.0
2014-10-01,0.0
2014-10-02,0.0
2014-10-03,0.0
2014-10-06,0.0
2014-10-07,0.0
2014-10-08,0.0
2014-10-09,0.0
2014-10-10,-7.327471962526033e-15
2014-10-13,-0.6373302799894702
2014-10-14,-0.8964209746183605
2014-10-15,-0.970576558689966
2014-10-16,-0.9980405702102546
2014-10-17,0.0
2014-10-20,0.0
2014-10-21,0.0
2014-10-22,0.0
2014-10-23,0.0
2014-10-24,0.0
2014-10-27,0.0
2014-10-28,0.0
2014-10-29,0.0
2014-10-30,0.0
2014-10-31,0.0
2014-11-03,3.9968028886505635e-15
2014-11-04,0.23447581685661012
2014-11-05,0.4278455512136663
2014-11-06,0.5919599238074085
2014-11-07,0.6731537072386247
2014-11-10,0.8052005851530581
2014-11-11,0.8903823477750445
2014-11-12,0.940128695883752
2014-11-13,0.9677592857644399
2014-11-14,0.9842480718454818
2014-11-17,0.9939452833017792
2014-11-18,0.0
2014-11-19,0.0
2014-11-20,0.0
2014-11-21,0.0
2014-11-24,0.0
2014-11-25,0.0
2014-11-26,0.0
2014-11-28,0.0
2014-12-01,0.0
2014-12-02,0.0
2014-12-03,0.0
2014-12-04,0.0
2014-12-05,0.263449210347668
2014-12-08,0.44990828163670393
2014-12-09,0.5729127276843489
2014-12-10,0.5306524546615563
2014-12-11,0.4316779133234845
2014-12-12,0.12326701720741129
2014-12-15,-0.14687845045162073
2014-12-16,-0.4260369076289179
2014-12-17,-0.5362214224553101
2014-12-18,-0.5204757497655161
2014-12-19,-0.5233248860900801
2014-12-22,-0.5850968569789867
2014-12-23,-0.7916637747882145
2014-12-24,-0.8516210518376224
2014-12-26,-0.8736959951662704
2014-12-29,-0.8881824852167852
2014-12-30,-0.9201913582756067
2014-12-31,-0.9557120035392739
2015-01-02,-0.9728969054850207
2015-01-05,-0.9891188348885178
2015-01-06,-0.9963821120649732
2015-01-07,0.0
2015-01-08,0.0
2015-01-09,0.0
2015-01-12,0.0
2015-01-13,0.0
2015-01-14,0.0
2015-01-15,0.0
2015-01-16,0.0
2015-01-20,0.0
2015-01-21,0.0
2015-01-22,0.0
2015-01-23,5.10702591327572e-15
2015-01-26,-0.19269604862445755
2015-01-27,-0.32782578486783476
2015-01-28,-0.576481859355098
2015-01-29,-0.6566942802583469
2015-01-30,-0.8723850460404292
2015-02-02,-0.9560139223160726
2015-02-03,-0.9806228325183273
2015-02-04,-0.9991499990695833
2015-02-05,0.0
2015-02-06,0.0
2015-02-09,0.0
2015-02-10,0.0
2015-02-11,0.0
2015-02-12,0.0
2015-02-13,0.0
2015-02-17,0.0
2015-02-18,0.0
2015-02-19,0.0
2015-02-20,0.0
2015-02-23,5.995204332975845e-15
2015-02-24,0.34260276429203707
2015-02-25,0.5851434292657944
2015-02-26,0.7487664689907647
2015-02-27,0.8546585595339564
2015-03-02,0.9184813771600278
2015-03-03,0.9420580731637067
2015-03-04,0.9669355633300605
2015-03-05,0.9434090942689897
2015-03-06,0.875670566816412
2015-03-09,0.7590977575566011
2015-03-10,0.6114609191321598
2015-03-11,0.49026715968079637
2015-03-12,0.46964940136445454
2015-03-13,0.44961358315016176
2015-03-16,0.5131199859935682
2015-03-17,0.609098678585624
2015-03-18,0.6982825026207033
2015-03-19,0.8203346840984183
2015-03-20,0.8806305993698302
2015-03-23,0.924093866055615
2015-03-24,0.9424360845199342
2015-03-25,0.9395189395718324
2015-03-26,0.9219190593591813
2015-03-27,0.9084967992590653
2015-03-30,0.9056010435445583
2015-03-31,0.9084218127595385
2015-04-01,0.8825677476509994
2015-04-02,0.8498769959358776
2015-04-06,0.8296634705682231
2015-04-07,0.831997328048228
2015-04-08,0.84475404320896
2015-04-09,0.8897806395142378
2015-04-10,0.9447644807290276
2015-04-13,0.9725194905653072
2015-04-14,0.9886383422179439
2015-04-15,0.9959994359703508
2015-04-16,0.0
2015-04-17,0.0
2015-04-20,0.0
2015-04-21,0.0
2015-04-22,0.0
2015-04-23,0.0
2015-04-24,0.0
2015-04-27,0.0
2015-04-28,0.0
2015-04-29,0.0
2015-04-30,0.0
2015-05-01,1.9984014443252818e-15
2015-05-04,0.045352127153386546
2015-05-05,-0.048256696202123806
2015-05-06,-0.122265370574413
2015-05-07,-0.07473835930873962
2015-05-08,0.05115644265474728
2015-05-11,0.16307647179024132
2015-05-12,0.21325294106035475
2015-05-13,0.3234369699666888
2015-05-14,0.49738248395031603
2015-05-15,0.6400661947920905
2015-05-18,0.723696690861213
2015-05-19,0.7973284700785219
2015-05-20,0.8603536646128465
2015-05-21,0.8982264112446683
2015-05-22,0.9223872696017956
2015-05-26,0.9522943920188698
2015-05-27,0.9823476296507636
2015-05-28,0.9943218218984813
2015-05-29,0.0
2015-06-01,0.0
2015-06-02,0.0
2015-06-03,0.0
2015-06-04,0.0
2015-06-05,0.0
2015-06-08,0.0
2015-06-09,0.0
2015-06-10,0.0
2015-06-11,0.0
2015-06-12,0.0
2015-06-15,2.842170943040401e-14
2015-06-16,-0.21597500936754033
2015-06-17,-0.028181157995524453
2015-06-18,0.554575034854853
2015-06-19,0.9183562301091031
2015-06-22,0.9968012840594618
2015-06-23,0.0
2015-06-24,0.0
2015-06-25,0.0
2015-06-26,0.0
2015-06-29,0.0
2015-06-30,0.0
2015-07-01,0.0
2015-07-02,0.0
2015-07-06,0.0
2015-07-07,0.0
2015-07-08,0.0
2015-07-09,2.4424906541753444e-15
2015-07-10,0.1310231669995081
2015-07-13,0.4031549180180303
2015-07-14,0.6443102978691491
2015-07-15,0.800216662754174
2015-07-16,0.9059214881119186
2015-07-17,0.9591792209802414
2015-07-20,0.9898451578851768
2015-07-21,0.9974425494343058
2015-07-22,0.0
2015-07-23,0.0
2015-07-24,0.0
2015-07-27,0.0
2015-07-28,0.0
2015-07-29,0.0
2015-07-30,0.0
2015-07-31,0.0
2015-08-03,0.0
2015-08-04,0.0
2015-08-05,0.0
2015-08-06,1.532107773982716e-14
2015-08-07,-0.35306662422394663
2015-08-10,-0.5115463837772185
2015-08-11,-0.774015250155055
2015-08-12,-0.8779022261159724
2015-08-13,-0.9456173844888327
2015-08-14,-0.9755705903148271
2015-08-17,-0.9818166753120763
2015-08-18,-0.9908575391168744
2015-08-19,0.0
2015-08-20,0.0
2015-08-21,0.0
2015-08-24,0.0
2015-08-25,0.0
2015-08-26,0.0
2015-08-27,0.0
2015-08-28,0.0
2015-08-31,0.0
2015-09-01,0.0
2015-09-02,0.0
2015-09-03,3.774758283725532e-15
2015-09-04,-0.3125708628952659
2015-09-08,-0.5126243577253793
2015-09-09,-0.726635673565579
2015-09-10,-0.8504756823874793
2015-09-11,-0.9263176591135349
2015-09-14,-0.9687728987515367
2015-09-15,-0.9868255501322873
2015-09-16,-0.9942663394939224
2015-09-17,0.0
2015-09-18,0.0
2015-09-21,0.0
2015-09-22,0.0
2015-09-23,0.0
2015-09-24,0.0
2015-09-25,0.0
2015-09-28,0.0
2015-09-29,0.0
2015-09-30,0.0
2015-10-01,0.0
2015-10-02,-3.774758283725532e-15
2015-10-05,0.010578983276709364
2015-10-06,-0.10477432949841359
2015-10-07,-0.1699060292716057
2015-10-08,-0.20100829511661433
2015-10-09,-0.2572461956871146
2015-10-12,-0.30092357908486855
2015-10-13,-0.42885448280074834
2015-10-14,-0.5319784489931343
2015-10-15,-0.5157833973223738
2015-10-16,-0.4805011842441931
2015-10-19,-0.4648226132880895
2015-10-20,-0.5149409803053691
2015-10-21,-0.6033334762121174
2015-10-22,-0.8373259612311488
2015-10-23,-0.924371629610047
2015-10-26,-0.9583083564652259
2015-10-27,-0.9748519417451047
2015-10-28,-0.9831225744630021
2015-10-29,-0.9868377643690576
2015-10-30,-0.9728641326144114
2015-11-02,-0.9110883051924064
2015-11-03,-0.7954889495185338
2015-11-04,-0.554719128928649
2015-11-05,-0.26306371777201654
2015-11-06,0.12922975001176318
2015-11-09,0.44736844541562193
2015-11-10,0.6622376102314145
2015-11-11,0.7812248035315941
2015-11-12,0.8551499635343611
2015-11-13,0.9030184032505439
2015-11-16,0.9378665495083589
2015-11-17,0.9631335346303604
2015-11-18,0.9806212593531249
2015-11-19,0.9895262319932241
2015-11-20,0.9950033435105545
2015-11-23,0.0
2015-11-24,0.0
2015-11-25,0.0
2015-11-27,0.0
2015-11-30,0.0
2015-12-01,0.0
2015-12-02,0.0
2015-12-03,0.0
2015-12-04,0.0
2015-12-07,0.0
2015-12-08,0.0
2015-12-09,2.6645352591003757e-15
2015-12-10,-0.2812302234407593
2015-12-11,-0.6489632807114156
2015-12-14,-0.7998885593819436
2015-12-15,-0.8629610576556652
2015-12-16,-0.8732955098308477
2015-12-17,-0.9141442166581255
2015-12-18,-0.951667988139083
2015-12-21,-0.9697338370663415
2015-12-22,-0.9718417095089682
2015-12-23,-0.965584150517943
2015-12-24,-0.9599000381573513
2015-12-28,-0.9504130024193436
2015-12-29,-0.9292307350895539
2015-12-30,-0.8952048898868454
2015-12-31,-0.8663804032386886
2016-01-04,-0.8766586617468255
2016-01-05,-0.8912257071434913
2016-01-06,-0.9038791309106144
2016-01-07,-0.9178478353740442
2016-01-08,-0.9490935993181606
2016-01-11,-0.9795593097223356
2016-01-12,-0.9903797146539968
2016-01-13,0.0
2016-01-14,0.0
2016-01-15,0.0
2016-01-19,0.0
2016-01-20,0.0
2016-01-21,0.0
2016-01-22,0.0
2016-01-25,0.0
2016-01-26,0.0
2016-01-27,0.0
2016-01-28,0.0
2016-01-29,-2.220446049250313e-15
2016-02-01,-0.19923901843540182
2016-02-02,-0.4099573948005424
2016-02-03,-0.36415607413287465
2016-02-04,-0.3268997057890972
2016-02-05,-0.5570746596354428
2016-02-08,-0.7362970345763591
2016-02-09,-0.8353684797047789
2016-02-10,-0.9153574629951038
2016-02-11,-0.9639439736815065
2016-02-12,-0.9842247736286853
2016-02-16,-0.9915245465985594
2016-02-17,0.0
2016-02-18,0.0
2016-02-19,0.0
2016-02-22,0.0
2016-02-23,0.0
2016-02-24,0.0
2016-02-25,0.0
2016-02-26,0.0
2016-02-29,0.0
2016-03-01,0.0
2016-03-02,0.0
2016-03-03,2.1538326677728037e-14
2016-03-04,0.2591676209684983
2016-03-07,0.5368823811431409
2016-03-08,0.5209969379168278
2016-03-09,0.7153905748945353
2016-03-10,0.8246651800755229
2016-03-11,0.9672256931549694
2016-03-14,0.9931061525582017
2016-03-15,0.0
2016-03-16,0.0
2016-03-17,0.0
2016-03-18,0.0
2016-03-21,0.0
2016-03-22,0.0
2016-03-23,0.0
2016-03-24,0.0
2016-03-28,0.0
2016-03-29,0.0
2016-03-30,0.0
2016-03-31,-7.771561172376096e-15
2016-04-01,0.3296215425479547
2016-04-04,0.8806545110068553
2016-04-05,0.9810543131721114
2016-04-06,0.999690649360498
2016-04-07,0.0
2016-04-08,0.0
2016-04-11,0.0
2016-04-12,0.0
2016-04-13,0.0
2016-04-14,0.0
2016-04-15,0.0
2016-04-18,0.0
2016-04-19,0.0
2016-04-20,0.0
2016-04-21,0.0
2016-04-22,-4.218847493575595e-15
2016-04-25,0.26163793184995954
2016-04-26,0.47419091945844105
2016-04-27,0.6118710104943248
2016-04-28,0.7647273089733639
2016-04-29,0.852912474541462
2016-05-02,0.9264824020183831
2016-05-03,0.9706207962234268
2016-05-04,0.9871586533132497
2016-05-05,0.9968419860268964
2016-05-06,0.0
2016-05-09,0.0
2016-05-10,0.0
2016-05-11,0.0
2016-05-12,0.0
2016-05-13,0.0
2016-05-16,0.0
2016-05-17,0.0
2016-05-18,0.0
2016-05-19,0.0
2016-05-20,0.0
2016-05-23,7.549516567451064e-15
2016-05-24,-0.11297386716151525
2016-05-25,-0.15053649011591919
2016-05-26,-0.10213563491322186
2016-05-27,0.04096872158885079
2016-05-31,0.1993410512960656
2016-06-01,0.3314102570842128
2016-06-02,0.6360519383539744
2016-06-03,0.8234583523738861
2016-06-06,0.8629167601476966
2016-06-07,0.9015899837556018
2016-06-08,0.8988458783038107
2016-06-09,0.8680296244363601
2016-06-10,0.8413895624812189
2016-06-13,0.7662118212860793
2016-06-14,0.6713149966507064
2016-06-15,0.592383528005217
2016-06-16,0.5413180437583529
2016-06-17,0.4237716266292455
2016-06-20,0.3062452810560021
2016-06-21,0.17419525662136737
2016-06-22,0.07563679027909065
2016-06-23,0.05494133755350328
2016-06-24,-0.08321051778034239
2016-06-27,-0.30484759186892063
2016-06-28,-0.4116981789620713
2016-06-29,-0.3888209960609599
2016-06-30,-0.35931941667234923
2016-07-01,-0.2734988082855949
2016-07-05,-0.24369070208206534
2016-07-06,-0.1086888288235548
2016-07-07,0.030681737853503144
2016-07-08,0.21750408054098647
2016-07-11,0.40075393077055077
2016-07-12,0.616773229413837
2016-07-13,0.7686413706338238
2016-07-14,0.8425960689609038
2016-07-15,0.8904887444015188
2016-07-18,0.9287719979435884
2016-07-19,0.9526665249439084
2016-07-20,0.9697577845099634
2016-07-21,0.9830321844515661
2016-07-22,0.990605605169347
2016-07-25,0.0
2016-07-26,0.0
2016-07-27,0.0
2016-07-28,0.0
2016-07-29,0.0
2016-08-01,0.0
2016-08-02,0.0
2016-08-03,0.0
2016-08-04,0.0
2016-08-05,0.0
2016-08-08,0.0
2016-08-09,0.0
2016-08-10,0.12077032114855157
2016-08-11,0.33512085806245295
2016-08-12,0.551619917221378
2016-08-15,0.7344524726540553
2016-08-16,0.8025783334735257
2016-08-17,0.860313081732266
2016-08-18,0.8994142873398983
2016-08-19,0.939102894142547
2016-08-22,0.962146732161073
2016-08-23,0.9633392113228698
2016-08-24,0.9384249703295868
2016-08-25,0.8880111084629254
2016-08-26,0.8061197757252392
2016-08-29,0.6832417458942301
2016-08-30,0.48216746696326984
2016-08-31,0.23116322100006959
2016-09-01,-0.047484659968945575
2016-09-02,-0.2993381536513331
2016-09-06,-0.4580620771152015
2016-09-07,-0.5551772196220826
2016-09-08,-0.7170305012160074
2016-09-09,-0.8652166250608029
2016-09-12,-0.9253356491726366
2016-09-13,-0.9712106965188081
2016-09-14,-0.9901070426728877
2016-09-15,0.0
2016-09-16,0.0
2016-09-19,0.0
2016-09-20,0.0
2016-09-21,0.0
2016-09-22,0.0
2016-09-23,0.0
2016-09-26,0.0
2016-09-27,0.0
2016-09-28,0.0
2016-09-29,0.0
2016-09-30,-9.103828801926284e-15
2016-10-03,-0.15979499468092606
2016-10-04,-0.3585346954070452
2016-10-05,-0.44198660018078817
2016-10-06,-0.6180415990365953
2016-10-07,-0.7354593218239773
2016-10-10,-0.7820554079588116
2016-10-11,-0.8920552885858657
2016-10-12,-0.9674305026321792
2016-10-13,-0.9921676196459335
2016-10-14,0.0
2016-10-17,0.0
2016-10-18,0.0
2016-10-19,0.0
2016-10-20,0.0
2016-10-21,0.0
2016-10-24,0.0
2016-10-25,0.0
2016-10-26,0.0
2016-10-27,0.0
2016-10-28,0.0
2016-10-31,0.0
2016-11-01,-0.44652932659273037
2016-11-02,-0.7254418800310289
2016-11-03,-0.908172524130364
2016-11-04,-0.9737274341645414
2016-11-07,-0.9812082652068574
2016-11-08,-0.9870307569643266
2016-11-09,-0.9673591600074289
2016-11-10,-0.8994756669350945
2016-11-11,-0.7994742198732117
2016-11-14,-0.6581039956805148
2016-11-15,-0.4825442371727675
2016-11-16,-0.38638326763495656
2016-11-17,-0.27455556261245384
2016-11-18,-0.2581796678726329
2016-11-21,-0.25034976316300916
2016-11-22,-0.35615041598495
2016-11-23,-0.36483630421113955
2016-11-25,-0.3498791721935359
2016-11-28,-0.408073912590742
2016-11-29,-0.31916130316072255
2016-11-30,-0.28510673847368784
2016-12-01,-0.3642334716873723
2016-12-02,-0.42049613090093163
2016-12-05,-0.3849431716724836
2016-12-06,-0.29991009039301475
2016-12-07,-0.3214857391100543
2016-12-08,-0.2840489492836249
2016-12-09,-0.20481776127832063
2016-12-12,-0.09192081371415561
2016-12-13,0.016737423215864577
2016-12-14,0.10159920142866663
2016-12-15,0.20562486478491682
2016-12-16,0.3158741739611739
2016-12-19,0.4175994005853696
2016-12-20,0.5067528356797277
2016-12-21,0.5539039166864053
2016-12-22,0.6066365415379535
2016-12-23,0.6805782246130905
2016-12-27,0.7487109816708903
2016-12-28,0.7989718076889902
2016-12-29,0.8506965192756526
2016-12-30,0.8891310320444239
2017-01-03,0.9161101682437012
2017-01-04,0.9457020048781783
2017-01-05,0.9685712946067819
2017-01-06,0.9825172775739748
2017-01-09,0.9913920953237338
2017-01-10,0.0
2017-01-11,0.0
2017-01-12,0.0
2017-01-13,0.0
2017-01-17,0.0
2017-01-18,0.0
2017-01-19,0.0
2017-01-20,0.0
2017-01-23,0.0
2017-01-24,0.0
2017-01-25,0.0
2017-01-26,1.3322676295501878e-14
2017-01-27,-0.44050564965809325
2017-01-30,-0.6650682400844832
2017-01-31,-0.7174314378646289
2017-02-01,-0.7907931837454893
2017-02-02,-0.8464580862537967
2017-02-03,-0.9035542006545914
2017-02-06,-0.9415718130915203
2017-02-07,-0.967659615197922
2017-02-08,-0.9831191113145141
2017-02-09,-0.9886862324329537
2017-02-10,-0.9947879528586581
2017-02-13,0.0
2017-02-14,0.0
2017-02-15,0.0
2017-02-16,0.0
2017-02-17,0.0
2017-02-21,0.0
2017-02-22,0.0
2017-02-23,0.0
2017-02-24,0.0
2017-02-27,0.0
2017-02-28,0.0
2017-03-01,3.9968028886505635e-15
2017-03-02,0.5171490276241999
2017-03-03,0.8359351222821649
2017-03-06,0.9662999013262485
2017-03-07,0.9958655054366248
2017-03-08,0.0
2017-03-09,0.0
2017-03-10,0.0
2017-03-13,0.0
2017-03-14,0.0
2017-03-15,0.0
2017-03-16,0.0
2017-03-17,0.0
2017-03-20,0.0
2017-03-21,0.0
2017-03-22,0.0
2017-03-23,-1.1102230246251565e-14
2017-03-24,0.026911437845752006
2017-03-27,0.20845487487008207
2017-03-28,0.3336367657130528
2017-03-29,0.38723177042634416
2017-03-30,0.35465938269161534
2017-03-31,0.24156306450543497
2017-04-03,0.09312811568198032
2017-04-04,-0.028651933103937655
2017-04-05,-0.1836391980935197
2017-04-06,-0.29589524963008507
2017-04-07,-0.29009183123680016
2017-04-10,-0.41453064302408915
2017-04-11,-0.5521857729237833
2017-04-12,-0.6351549560456222
2017-04-13,-0.7375065546964186
2017-04-17,-0.7973649017052034
2017-04-18,-0.8936734802840935
2017-04-19,-0.9547126462839888
2017-04-20,-0.9776219335937268
2017-04-21,-0.9891141550357239
2017-04-24,-0.9898865387420626
2017-04-25,-0.9868228866338911
2017-04-26,-0.9838320270088572
2017-04-27,-0.9610298675065332
2017-04-28,-0.9227977747746019
2017-05-01,-0.8199585179816209
2017-05-02,-0.6253144817095218
2017-05-03,-0.3248995850248595
2017-05-04,0.12541515064372688
2017-05-05,0.49257113581164136
2017-05-08,0.6676818946126799
2017-05-09,0.7922171044485133
2017-05-10,0.8661558163648304
2017-05-11,0.8850139355464142
2017-05-12,0.932100691444905
2017-05-15,0.9727737700371317
2017-05-16,0.9912976908384101
2017-05-17,0.0
2017-05-18,0.0
2017-05-19,0.0
2017-05-22,0.0
2017-05-23,0.0
2017-05-24,0.0
2017-05-25,0.0
2017-05-26,0.0
2017-05-30,0.0
2017-05-31,0.0
2017-06-01,0.0
2017-06-02,2.19824158875781e-14
2017-06-05,0.556426861064957
2017-06-06,0.9019308707990352
2017-06-07,0.9963007999105327
2017-06-08,0.0
2017-06-09,0.0
2017-06-12,0.0
2017-06-13,0.0
2017-06-14,0.0
2017-06-15,0.0
2017-06-16,0.0
2017-06-19,0.0
2017-06-20,0.0
2017-06-21,0.0
2017-06-22,0.0
2017-06-23,-7.327471962526033e-15
2017-06-26,0.32433179083499186
2017-06-27,0.5369531432737049
2017-06-28,0.7434006980508223
2017-06-29,0.8458991398180786
2017-06-30,0.9118575306993046
2017-07-03,0.949338914173731
2017-07-05,0.97233919684522
2017-07-06,0.9790345839620673
2017-07-07,0.9861868629277515
2017-07-10,0.9900265643921957
2017-07-11,0.0
2017-07-12,0.0
2017-07-13,0.0
2017-07-14,0.0
2017-07-17,0.0
2017-07-18,0.0
2017-07-19,0.0
2017-07-20,0.0
2017-07-21,0.0
2017-07-24,0.0
2017-07-25,0.0
2017-07-26,1.4876988529977098e-14
2017-07-27,-0.2549692332138478
2017-07-28,-0.6769489266094566
2017-07-31,-0.9199044474182858
2017-08-01,-0.9807957026061975
2017-08-02,-0.9951280529055977
2017-08-03,0.0
2017-08-04,0.0
2017-08-07,0.0
2017-08-08,0.0
2017-08-09,0.0
2017-08-10,0.0
2017-08-11,0.0
2017-08-14,0.0
2017-08-15,0.0
2017-08-16,0.0
2017-08-17,0.0
2017-08-18,3.774758283725532e-15
2017-08-21,-0.022138944207151123
2017-08-22,0.30772918646099123
2017-08-23,0.5132396446108591
2017-08-24,0.7747511785020422
2017-08-25,0.9347212203861457
2017-08-28,0.9941567126890529
2017-08-29,0.0
2017-08-30,0.0
2017-08-31,0.0
2017-09-01,0.0
2017-09-05,0.0
2017-09-06,0.0
2017-09-07,0.0
2017-09-08,0.0
2017-09-11,0.0
2017-09-12,0.0
2017-09-13,0.0
2017-09-14,-1.1102230246251565e-15
2017-09-15,0.22524570856372672
2017-09-18,0.35777571001854747
2017-09-19,0.4998659487758561
2017-09-20,0.638439922728911
2017-09-21,0.7444342842393721
2017-09-22,0.823690174740711
2017-09-25,0.8724236309911002
2017-09-26,0.8998664189306085
2017-09-27,0.9179717804123206
2017-09-28,0.9514818418341506
2017-09-29,0.9717546446882432
2017-10-02,0.9859533864921444
2017-10-03,0.9927843204402731
2017-10-04,0.0
2017-10-05,0.0
2017-10-06,0.0
2017-10-09,0.0
2017-10-10,0.0
2017-10-11,0.0
2017-10-12,0.0
2017-10-13,0.0
2017-10-16,0.0
2017-10-17,0.0
2017-10-18,0.0
2017-10-19,4.884981308350689e-15
2017-10-20,0.40592989089040765
2017-10-23,0.6027356122554481
2017-10-24,0.5934726117955602
2017-10-25,0.5900522203248397
2017-10-26,0.445675602750502
2017-10-27,0.45801892872620975
2017-10-30,0.4061223100398297
2017-10-31,0.3060121625557357
2017-11-01,0.3572396088803649
2017-11-02,0.312721218042592
2017-11-03,0.3534114354641056
2017-11-06,0.430427680195963
2017-11-07,0.5525080448429003
2017-11-08,0.7239310579503138
2017-11-09,0.8448176145281889
2017-11-10,0.9118387961933156
2017-11-13,0.9494172327974117
2017-11-14,0.9698579376262602
2017-11-15,0.9785212704506467
2017-11-16,0.9868792068641636
2017-11-17,0.9904824683897901
2017-11-20,0.0
2017-11-21,0.0
2017-11-22,0.0
2017-11-24,0.0
2017-11-27,0.0
2017-11-28,0.0
2017-11-29,0.0
2017-11-30,0.0
2017-12-01,0.0
2017-12-04,0.0
2017-12-05,0.0
2017-12-06,0.0
2017-12-07,-0.2318698148842071
2017-12-08,-0.04955822268149057
2017-12-11,0.23813197109505246
2017-12-12,0.45009757109692394
2017-12-13,0.7529076720623702
2017-12-14,0.8420252141644955
2017-12-15,0.9483218273688998
2017-12-18,0.9916316754996854
2017-12-19,0.0
2017-12-20,0.0
2017-12-21,0.0
2017-12-22,0.0
2017-12-26,0.0
2017-12-27,0.0
2017-12-28,0.0
2017-12-29,0.0
2018-01-02,0.0
2018-01-03,0.0
2018-01-04,0.0
2018-01-05,0.0
2018-01-08,0.2006724823004562
2018-01-09,0.48847292919612917
2018-01-10,0.6391617136490786
2018-01-11,0.7760536665942481
2018-01-12,0.9142741437900144
2018-01-16,0.9911397513524804
2018-01-17,0.0
2018-01-18,0.0
2018-01-19,0.0
2018-01-22,0.0
2018-01-23,0.0
2018-01-24,0.0
2018-01-25,0.0
2018-01-26,0.0
2018-01-29,0.0
2018-01-30,0.0
2018-01-31,0.0
2018-02-01,2.6645352591003757e-15
2018-02-02,0.13838474200542872
2018-02-05,0.09794042070931352
2018-02-06,0.1088942605636729
2018-02-07,0.1859077426383886
2018-02-08,0.12097894309360835
2018-02-09,0.13317038064476328
2018-02-12,0.1607036563419484
2018-02-13,0.18504081575059872
2018-02-14,0.23685955754729338
2018-02-15,0.325754545477265
2018-02-16,0.4796449169734154
2018-02-20,0.5981284152705473
2018-02-21,0.6942461929272854
2018-02-22,0.7673307270437137
2018-02-23,0.8352042731262204
2018-02-26,0.9015245371039313
2018-02-27,0.9313958697019862
2018-02-28,0.9454091794838646
2018-03-01,0.9511762957277619
2018-03-02,0.9593391122384327
2018-03-05,0.967412750178325
2018-03-06,0.972088940618502
2018-03-07,0.9763292395807406
2018-03-08,0.9826261219417967
2018-03-09,0.9890717819800987
2018-03-12,0.9927403744681667
2018-03-13,0.0
2018-03-14,0.0
2018-03-15,0.0
2018-03-16,0.0
2018-03-19,0.0
2018-03-20,0.0
2018-03-21,0.0
2018-03-22,0.0
2018-03-23,0.0
2018-03-26,0.0
2018-03-27,0.0
2018-03-28,0.0
2018-03-29,-0.253627264032549
2018-04-02,-0.5192894442899558
2018-04-03,-0.7211777187583015
2018-04-04,-0.8327665759557785
2018-04-05,-0.9069539820111103
2018-04-06,-0.9563324144161773
2018-04-09,-0.9798113272473383
2018-04-10,-0.9891306275769935
2018-04-11,-0.994239611639117
2018-04-12,0.0
2018-04-13,0.0
2018-04-16,0.0
2018-04-17,0.0
2018-04-18,0.0
2018-04-19,0.0
2018-04-20,0.0
2018-04-23,0.0
2018-04-24,0.0
2018-04-25,0.0
2018-04-26,0.0
2018-04-27,7.993605777301127e-15
2018-04-30,0.2839680299129195
2018-05-01,0.8219463939788607
2018-05-02,0.9616829117328005
2018-05-03,0.9938878496016585
2018-05-04,0.0
2018-05-07,0.0
2018-05-08,0.0
2018-05-09,0.0
2018-05-10,0.0
2018-05-11,0.0
2018-05-14,0.0
2018-05-15,0.0
2018-05-16,0.0
2018-05-17,0.0
2018-05-18,0.0
2018-05-21,-7.105427357601002e-15
2018-05-22,0.24245308516951836
2018-05-23,0.40399535831022515
2018-05-24,0.37767340015996487
2018-05-25,0.20493728267537503
2018-05-29,-0.08676554683556637
2018-05-30,-0.10785539792093224
2018-05-31,-0.3970646660178363
2018-06-01,-0.6639361506566059
2018-06-04,-0.8045461040689026
2018-06-05,-0.8906241746845507
2018-06-06,-0.9335250428141983
2018-06-07,-0.9653248843055191
2018-06-08,-0.9781646915228568
2018-06-11,-0.9881946808057698
2018-06-12,-0.9948694545704537
2018-06-13,0.0
2018-06-14,0.0
2018-06-15,0.0
2018-06-18,0.0
2018-06-19,0.0
2018-06-20,0.0
2018-06-21,0.0
2018-06-22,0.0
2018-06-25,0.0
2018-06-26,0.0
2018-06-27,0.0
2018-06-28,0.0
2018-06-29,-0.22285085492180734
2018-07-02,-0.38628676987538735
2018-07-03,-0.4965659657481929
2018-07-05,-0.5476564551659049
2018-07-06,-0.47374001504600005
2018-07-09,-0.39263797526616107
2018-07-10,-0.2083148179472385
2018-07-11,-0.24695079394745045
2018-07-12,-0.19381060546478612
2018-07-13,-0.0849747443830231
2018-07-16,-0.0006197111892021212
2018-07-17,0.0345321399349201
2018-07-18,0.014382716298247722
2018-07-19,-0.2343861054592049
2018-07-20,-0.49674304510574396
2018-07-23,-0.6809349884708813
2018-07-24,-0.7617284744422164
2018-07-25,-0.7923023217891381
2018-07-26,-0.8025917588585436
2018-07-27,-0.8707993298690389
2018-07-30,-0.9084113100943263
2018-07-31,-0.9293096397714198
2018-08-01,-0.9327156727487762
2018-08-02,-0.9256369679216343
2018-08-03,-0.9036942801681747
2018-08-06,-0.8706014522519812
2018-08-07,-0.8751297131748095
2018-08-08,-0.8835987431815788
2018-08-09,-0.8699626905568569
2018-08-10,-0.850808775419287
2018-08-13,-0.8140772817402699
2018-08-14,-0.7884700465312353
2018-08-15,-0.7293346122234059
2018-08-16,-0.6419603878457538
2018-08-17,-0.523492365100171
2018-08-20,-0.42871462897972035
2018-08-21,-0.3241989924669173
2018-08-22,-0.21898901962546247
2018-08-23,-0.12991943873118172
2018-08-24,-0.03170973616464878
2018-08-27,0.08772660251561204
2018-08-28,0.17624167201380025
2018-08-29,0.2718894045044675
2018-08-30,0.3364647447138953
2018-08-31,0.3723516986440496
2018-09-04,0.3629672710970282
2018-09-05,0.37328425971897383
2018-09-06,0.3386439172485374
2018-09-07,0.31743798346268903
2018-09-10,0.28528762518740347
2018-09-11,0.2326554875980722
2018-09-12,0.18174476321069166
2018-09-13,0.23043870062284633
2018-09-14,0.2573930971620322
2018-09-17,0.27416832679426295
2018-09-18,0.20567577763443468
2018-09-19,0.08603078101011441
2018-09-20,0.01908823219875977
2018-09-21,-0.06030804166861237
2018-09-24,-0.10195397214411606
2018-09-25,-0.13167935743419434
2018-09-26,-0.1486530493573608
2018-09-27,-0.16654330046238242
2018-09-28,-0.17098683168929085
2018-10-01,-0.16289059787426674
2018-10-02,-0.1776457070099413
2018-10-03,-0.13988988854440865
2018-10-04,-0.16610190399115043
2018-10-05,-0.17623204955077298
2018-10-08,-0.17386819609054416
2018-10-09,-0.17839826690099936
2018-10-10,-0.22482781759845039
2018-10-11,-0.3338073099061081
2018-10-12,-0.41137175920387303
2018-10-15,-0.5184085943091943
2018-10-16,-0.5565947706238092
2018-10-17,-0.5852621357681311
2018-10-18,-0.6571934897461524
2018-10-19,-0.7492917813816236
2018-10-22,-0.860289243799045
2018-10-23,-0.9353279796146408
2018-10-24,-0.9806140557194813
2018-10-25,-0.9939109674566424
2018-10-26,0.0
2018-10-29,0.0
2018-10-30,0.0
2018-10-31,0.0
2018-11-01,0.0
2018-11-02,0.0
2018-11-05,0.0
2018-11-06,0.0
2018-11-07,0.0
2018-11-08,0.0
2018-11-09,0.0
2018-11-12,-1.7763568394002505e-15
2018-11-13,0.2657520255832093
2018-11-14,0.4909815332348546
2018-11-15,0.7197859809413942
2018-11-16,0.8816131006163492
2018-11-19,0.9411596905855997
2018-11-20,0.9657297035624601
2018-11-21,0.9736281362869721
2018-11-23,0.9780461691150062
2018-11-26,0.9833062254617764
2018-11-27,0.9898328725183256
2018-11-28,0.9949983682619123
2018-11-29,0.0
2018-11-30,0.0
2018-12-03,0.0
2018-12-04,0.0
2018-12-06,0.0
2018-12-07,0.0
2018-12-10,0.0
2018-12-11,0.0
2018-12-12,0.0
2018-12-13,0.0
2018-12-14,0.0
2018-12-17,5.551115123125783e-15
2018-12-18,-0.4002199641071922
2018-12-19,-0.6907662694479835
2018-12-20,-0.8098973025714311
2018-12-21,-0.8958937054203795
2018-12-24,-0.9530469067624006
2018-12-26,-0.9463420815295414
2018-12-27,-0.9293397668179735
2018-12-28,-0.890224951745864
2018-12-31,-0.8134281472447917
2019-01-02,-0.7977964273122169
2019-01-03,-0.8516673937389743
2019-01-04,-0.8420146343975361
2019-01-07,-0.8029354295290414
2019-01-08,-0.7476726397347893
2019-01-09,-0.7716438938566543
2019-01-10,-0.7839563041155173
2019-01-11,-0.7929716997023126
2019-01-14,-0.8515984368020375
2019-01-15,-0.8850348952094949
2019-01-16,-0.9109554860536859
2019-01-17,-0.91461049431104
2019-01-18,-0.8906446284951219
2019-01-22,-0.8753843734335778
2019-01-23,-0.862385825468829
2019-01-24,-0.8868161363584901
2019-01-25,-0.9529245492134883
2019-01-28,-0.989787900800956
2019-01-29,-0.9981841884052169
2019-01-30,0.0
2019-01-31,0.0
2019-02-01,0.0
2019-02-04,0.0
2019-02-05,0.0
2019-02-06,0.0
2019-02-07,0.0
2019-02-08,0.0
2019-02-11,0.0
2019-02-12,0.0
2019-02-13,0.0
2019-02-14,6.439293542825908e-15
2019-02-15,0.3390849783291858
2019-02-19,0.5275980989299287
2019-02-20,0.566551209796406
2019-02-21,0.31009751438586375
2019-02-22,0.36964368125229186
2019-02-25,0.48473824087035466
2019-02-26,0.6233015694546582
2019-02-27,0.5481350248690311
2019-02-28,0.43414921465327483
2019-03-01,0.49602867186921973
2019-03-04,0.42903432246237294
2019-03-05,0.24205230389353138
2019-03-06,-0.1392176897885733
2019-03-07,-0.44998776370214677
2019-03-08,-0.7647724419613096
2019-03-11,-0.8946317930936278
2019-03-12,-0.9372357064412662
2019-03-13,-0.9591284124555519
2019-03-14,-0.9499955872742252
2019-03-15,-0.8727270227522204
2019-03-18,-0.7981883899041144
2019-03-19,-0.679611160118077
2019-03-20,-0.5844151738753629
2019-03-21,-0.3441703766750206
2019-03-22,-0.33807018222951646
2019-03-25,-0.37405163216035775
2019-03-26,-0.19634112324627306
2019-03-27,-0.16918632057406335
2019-03-28,-0.13017553848925267
2019-03-29,0.019495269648354574
2019-04-01,0.19740459310879577
2019-04-02,0.6663298595922678
2019-04-03,0.9050136997417253
2019-04-04,0.9785570613512047
2019-04-05,0.997722642278736
2019-04-08,0.0
2019-04-09,0.0
2019-04-10,0.0
2019-04-11,0.0
2019-04-12,0.0
2019-04-15,0.0
2019-04-16,0.0
2019-04-17,0.0
2019-04-18,0.0
2019-04-22,0.0
2019-04-23,0.0
2019-04-24,-2.4424906541753444e-15
2019-04-25,-0.08458252351501816
2019-04-26,-0.11890676086764485
2019-04-29,-0.08078767286238753
2019-04-30,-0.1481649960789495
2019-05-01,-0.2635679137671523
2019-05-02,-0.4072083169087355
2019-05-03,-0.5105330780795665
2019-05-06,-0.5584191868698636
2019-05-07,-0.6866700749270804
2019-05-08,-0.7818838660639065
2019-05-09,-0.8543574663527171
2019-05-10,-0.9152147718512078
2019-05-13,-0.9594644563589994
2019-05-14,-0.9710860904571317
2019-05-15,-0.9773469999578288
2019-05-16,-0.978164284669715
2019-05-17,-0.9792043783715358
2019-05-20,-0.9781257385408837
2019-05-21,-0.9696610425226406
2019-05-22,-0.9513256571370563
2019-05-23,-0.9323821053355139
2019-05-24,-0.9274135748221988
2019-05-28,-0.9501360291716825
2019-05-29,-0.9659684892885698
2019-05-30,-0.9794795128248208
2019-05-31,-0.9904709380017627
2019-06-03,0.0
2019-06-04,0.0
2019-06-05,0.0
2019-06-06,0.0
2019-06-07,0.0
2019-06-10,0.0
2019-06-11,0.0
2019-06-12,0.0
2019-06-13,0.0
2019-06-14,0.0
2019-06-17,0.0
2019-06-18,0.0
2019-06-19,-0.016911027970627268
2019-06-20,0.12211517296248053
2019-06-21,0.3327119054135075
2019-06-24,0.455795035113852
2019-06-25,-0.9791086011705081
2019-06-26,-0.9999938464996618
2019-06-27,0.0
2019-06-28,0.0
2019-07-01,0.0
2019-07-02,0.0
2019-07-03,0.0
2019-07-05,0.0
2019-07-08,0.0
2019-07-09,0.0
2019-07-10,0.0
2019-07-11,0.0
2019-07-12,0.0
2019-07-15,5.995204332975845e-15
2019-07-16,-0.29310817586459326
2019-07-17,-0.6215359508437843
2019-07-18,-0.8275031008645883
2019-07-19,-0.9228690197935467
2019-07-22,-0.9748546286331277
2019-07-23,-0.9936643353603685
2019-07-24,0.0
2019-07-25,0.0
2019-07-26,0.0
2019-07-29,0.0
2019-07-30,0.0
2019-07-31,0.0
2019-08-01,0.0
2019-08-02,0.0
2019-08-05,0.0
2019-08-06,0.0
2019-08-07,0.0
2019-08-08,-1.9984014443252818e-15
2019-08-09,-0.114325609909113
2019-08-12,-0.40244679029817965
2019-08-13,-0.5619062605399501
2019-08-14,-0.8214292043860674
2019-08-15,-0.95388758171656
2019-08-16,-0.9787004998410416
2019-08-19,-0.9691653131393412
2019-08-20,-0.960078685946927
2019-08-21,-0.9174160441476562
2019-08-22,-0.849229903741989
2019-08-23,-0.8503150041764114
2019-08-26,-0.8247663770913165
2019-08-27,-0.8431603032054893
2019-08-28,-0.8397000003838619
2019-08-29,-0.8285304714660522
2019-08-30,-0.8425791205808832
2019-09-03,-0.8703159968035215
2019-09-04,-0.8540483303094679
2019-09-05,-0.8031842761528336
2019-09-06,-0.7015039938860268
2019-09-09,-0.6526659674897859
2019-09-10,-0.4622462373111724
2019-09-11,-0.08303112189552642
2019-09-12,0.4467375844933039
2019-09-13,0.7790488295167795
2019-09-16,0.9354929883716203
2019-09-17,0.9907693551075114
2019-09-18,0.0
2019-09-19,0.0
2019-09-20,0.0
2019-09-23,0.0
2019-09-24,0.0
2019-09-25,0.0
2019-09-26,0.0
2019-09-27,0.0
2019-09-30,0.0
2019-10-01,0.0
2019-10-02,0.0
2019-10-03,9.769962616701378e-15
2019-10-04,0.25736987552759194
2019-10-07,0.4287680172561057
2019-10-08,0.4728471403303107
2019-10-09,0.4852508945694196
2019-10-10,0.6215165986222135
2019-10-11,0.7468423034314418
2019-10-14,0.8427182163412059
2019-10-15,0.9280846675181444
2019-10-16,0.9728346337308356
2019-10-17,0.9922897295507065
2019-10-18,0.0
2019-10-21,0.0
2019-10-22,0.0
2019-10-23,0.0
2019-10-24,0.0
2019-10-25,0.0
2019-10-28,0.0
2019-10-29,0.0
2019-10-30,0.0
2019-10-31,0.0
2019-11-01,0.0
2019-11-04,0.0
2019-11-05,0.3363059333701581
2019-11-06,0.6152899037562152
2019-11-07,0.7944691939354049
2019-11-08,0.957450199291525
2019-11-11,0.994875624543776
2019-11-12,0.0
2019-11-13,0.0
2019-11-14,0.0
2019-11-15,0.0
2019-11-18,0.0
2019-11-19,0.0
2019-11-20,0.0
2019-11-21,0.0
2019-11-22,0.0
2019-11-25,0.0
2019-11-26,0.0
2019-11-27,0.0
2019-11-29,0.03839188217833267
2019-12-02,-0.07605689808981286
2019-12-03,-0.38985409194644616
2019-12-04,-0.4405121858808103
2019-12-05,-0.5590364675844626
2019-12-06,-0.6242860344846064
2019-12-09,-0.7373563821147318
2019-12-10,-0.8119070009231728
2019-12-11,-0.8591972658847766
2019-12-12,-0.7649353174093054
2019-12-13,-0.7295582185865586
2019-12-16,-0.5124726915482545
2019-12-17,-0.1370222995451682
2019-12-18,0.1432727910679441
2019-12-19,0.3196344407852407
2019-12-20,0.537044175350633
2019-12-23,0.7791661908116336
2019-12-24,0.8958133466137481
2019-12-26,0.955479222485748
2019-12-27,0.9767724019317814
2019-12-30,0.9837657368978991
2019-12-31,0.9888364664695717
2020-01-02,0.9954873916499813
2020-01-03,0.0
2020-01-06,0.0
2020-01-07,0.0
2020-01-08,0.0
2020-01-09,0.0
2020-01-10,0.0
2020-01-13,0.0
2020-01-14,0.0
2020-01-15,0.0
2020-01-16,0.0
2020-01-17,0.0
2020-01-21,0.0
2020-01-22,-0.3381020565959796
2020-01-23,-0.9008427297382089
2020-01-24,-0.999486292974096
2020-01-27,0.0
2020-01-28,0.0
2020-01-29,0.0
2020-01-30,0.0
2020-01-31,0.0
2020-02-03,0.0
2020-02-04,0.0
2020-02-05,0.0
2020-02-06,0.0
2020-02-07,0.0
2020-02-10,0.0
2020-02-11,-3.3306690738754696e-15
2020-02-12,0.4592177801201345
2020-02-13,0.7072190653521573
2020-02-14,0.8379205173363289
2020-02-18,0.9112377723727256
2020-02-19,0.9559879491731098
2020-02-20,0.9793302009238212
2020-02-21,0.9915116872868235
2020-02-24,0.0
2020-02-25,0.0
2020-02-26,0.0
2020-02-27,0.0
2020-02-28,0.0
2020-03-02,0.0
2020-03-03,0.0
2020-03-04,0.0
2020-03-05,0.0
2020-03-06,0.0
2020-03-09,0.0
2020-03-10,6.8833827526759706e-15
2020-03-11,-0.31977992239082864
2020-03-12,-0.8589239151991674
2020-03-13,-0.9200633850335107
2020-03-16,-0.9983186826774095
2020-03-17,0.0
2020-03-18,0.0
2020-03-19,0.0
2020-03-20,0.0
2020-03-23,0.0
2020-03-24,0.0
2020-03-25,0.0
2020-03-26,0.0
2020-03-27,0.0
2020-03-30,0.0
2020-03-31,0.0
2020-04-01,-2.4424906541753444e-15
2020-04-02,0.2415345981919672
2020-04-03,0.3528252090147599
2020-04-06,0.5604025271408948
2020-04-07,0.7035839063395839
2020-04-08,0.8716160068140568
2020-04-09,0.9597677348212184
2020-04-13,0.9904365677832967
2020-04-14,0.0
2020-04-15,0.0
2020-04-16,0.0
2020-04-17,0.0
2020-04-20,0.0
2020-04-21,0.0
2020-04-22,0.0
2020-04-23,0.0
2020-04-24,0.0
2020-04-27,0.0
2020-04-28,0.0
2020-04-29,0.0
2020-04-30,-0.08099593368536895
2020-05-01,-0.04755987916837179
2020-05-04,-0.17588259202305712
2020-05-05,0.2546642973921385
2020-05-06,0.6039153058791225
2020-05-07,0.7363444450036147
2020-05-08,0.8150574768474601
2020-05-11,0.9739864374056859
2020-05-12,0.999582864737419
2020-05-13,0.0
2020-05-14,0.0
2020-05-15,0.0
2020-05-18,0.0
2020-05-19,0.0
2020-05-20,0.0
2020-05-21,0.0
2020-05-22,0.0
2020-05-26,0.0
2020-05-27,0.0
2020-05-28,0.0
2020-05-29,0.0
2020-06-01,-0.05301547841387588
2020-06-02,-0.0424619214761468
2020-06-03,-0.058112472198832865
2020-06-04,0.27497066666270875
2020-06-05,0.6387150246889255
2020-06-08,0.887388594220859
2020-06-09,0.9883899562225651
2020-06-10,0.9996135662876433
2020-06-11,0.0
2020-06-12,0.0
2020-06-15,0.0
2020-06-16,0.0
2020-06-17,0.0
2020-06-18,0.0
2020-06-19,0.0
2020-06-22,0.0
2020-06-23,0.0
2020-06-24,0.0
2020-06-25,0.0
2020-06-26,0.0
2020-06-29,0.1190671314738252
2020-06-30,0.41213725994998684
2020-07-01,0.7028972112047835
2020-07-02,0.8602656566656575
2020-07-06,0.9429771847355761
2020-07-07,0.981244306099321
2020-07-08,0.9943319886840722
2020-07-09,0.0
2020-07-10,0.0
2020-07-13,0.0
2020-07-14,0.0
2020-07-15,0.0
2020-07-16,0.0
2020-07-17,0.0
2020-07-20,0.0
2020-07-21,0.0
2020-07-22,0.0
2020-07-23,0.0
2020-07-24,-9.992007221626409e-15
2020-07-27,-0.1445121647926526
2020-07-28,-0.32810671069143593
2020-07-29,-0.4528918677058045
2020-07-30,-0.6403657634644246
2020-07-31,-0.831546508940491
2020-08-03,-0.9044144347916774
2020-08-04,-0.9699975445183413
2020-08-05,-0.9947194244549387
2020-08-06,0.0
2020-08-07,0.0
2020-08-10,0.0
2020-08-11,0.0
2020-08-12,0.0
2020-08-13,0.0
2020-08-14,0.0
2020-08-17,0.0
2020-08-18,0.0
2020-08-19,0.0
2020-08-20,0.0
2020-08-21,1.1324274851176597e-14
2020-08-24,0.0020247507719528546
2020-08-25,-0.061874384162970086
2020-08-26,-0.08043133181619155
2020-08-27,-0.1046237441718505
2020-08-28,-0.14436749813899108
2020-08-31,0.02322305800492419
2020-09-01,-0.25623994079993784
2020-09-02,-0.3126641378431434
2020-09-03,-0.5681575716960845
2020-09-04,-0.7507601778655291
2020-09-08,-0.9179147043298008
2020-09-09,-0.9645856359904095
2020-09-10,-0.99359238646222
2020-09-11,0.0
2020-09-14,0.0
2020-09-15,0.0
2020-09-16,0.0
2020-09-17,0.0
2020-09-18,0.0
2020-09-21,0.0
2020-09-22,0.0
2020-09-23,0.0
2020-09-24,0.0
2020-09-25,0.0
2020-09-28,9.769962616701378e-15
2020-09-29,-0.23784939142934425
2020-09-30,-0.36371178035109764
2020-10-01,-0.5164016481272617
2020-10-02,-0.7129856783673074
2020-10-05,-0.7493277744644331
2020-10-06,-0.8696335638394896
2020-10-07,-0.910547238544954
2020-10-08,-0.9342198513001945
2020-10-09,-0.9463184258936468
2020-10-12,-0.9473495283642388
2020-10-13,-0.9552563887316394
2020-10-14,-0.9680577477512666
2020-10-15,-0.9826391403191272
2020-10-16,-0.9869563575589531
2020-10-19,-0.995027287696636
2020-10-20,0.0
2020-10-21,0.0
2020-10-22,0.0
2020-10-23,0.0
2020-10-26,0.0
2020-10-27,0.0
2020-10-28,0.0
2020-10-29,0.0
2020-10-30,0.0
2020-11-02,0.0
2020-11-03,0.0
2020-11-04,-4.218847493575595e-15
2020-11-05,0.4737327867210013
2020-11-06,0.7550243420784584
2020-11-09,0.9296559686261996
2020-11-10,0.9922313876461246
2020-11-11,0.0
2020-11-12,0.0
2020-11-13,0.0
2020-11-16,0.0
2020-11-17,0.0
2020-11-18,0.0
2020-11-19,0.0
2020-11-20,0.0
2020-11-23,0.0
2020-11-24,0.0
2020-11-25,0.0
2020-11-27,6.217248937900877e-15
2020-11-30,0.3321004585722491
2020-12-01,0.5594135056336063
2020-12-02,0.7640934843992988
2020-12-03,0.878808609028586
2020-12-04,0.9669277452154996
2020-12-07,0.9892364186145668
2020-12-08,0.9981434201258623
2020-12-09,0.0
2020-12-10,0.0
2020-12-11,0.0
2020-12-14,0.0
2020-12-15,0.0
2020-12-16,0.0
2020-12-17,0.0
2020-12-18,0.0
2020-12-21,0.0
2020-12-22,0.0
2020-12-23,0.0
2020-12-24,0.0
2020-12-28,-0.14790177847524966
2020-12-29,-0.14397605751630338
2020-12-30,-0.07857759494351946
2020-12-31,0.18109644864267782
2021-01-04,0.2451077805786277
2021-01-05,0.40231565007095504
2021-01-06,0.4644970959299095
2021-01-07,0.600078810506941
2021-01-08,0.7367037528323024
2021-01-11,0.8863276818802208
2021-01-12,0.9651197913199114
2021-01-13,0.9963425948131097
2021-01-14,0.0
2021-01-15,0.0
2021-01-19,0.0
2021-01-20,0.0
2021-01-21,0.0
2021-01-22,0.0
2021-01-25,0.0
2021-01-26,0.0
2021-01-27,0.0
2021-01-28,0.0
2021-01-29,0.0
2021-02-01,0.0
2021-02-02,-0.25702752687689334
2021-02-03,-0.31558932066596035
2021-02-04,-0.29689958812220185
2021-02-05,-0.2704664636156331
2021-02-08,-0.3284227798715038
2021-02-09,-0.438360003350432
2021-02-10,-0.5785480933180247
2021-02-11,-0.6982763029293344
2021-02-12,-0.7754557102889703
2021-02-16,-0.8387689731784866
2021-02-17,-0.8595442402248508
2021-02-18,-0.8803399386727906
2021-02-19,-0.9083083046525111
2021-02-22,-0.9136434291869291
2021-02-23,-0.9248836977763544
2021-02-24,-0.9167105573695513
2021-02-25,-0.9194546103293786
2021-02-26,-0.9190116661889076
2021-03-01,-0.9134363245147457
2021-03-02,-0.9123774111525549
2021-03-03,-0.9200621175679864
2021-03-04,-0.9338215902886786
2021-03-05,-0.9396512251867606
2021-03-08,-0.947902480274605
2021-03-09,-0.9520625057630845
2021-03-10,-0.9506237243535949
2021-03-11,-0.949822037301949
2021-03-12,-0.947453923212721
2021-03-15,-0.9345767564815182
2021-03-16,-0.9158263875127208
2021-03-17,-0.932602483029827
2021-03-18,-0.9517757233456483
2021-03-19,-0.9669416253474032
2021-03-22,-0.9718740405660182
2021-03-23,-0.9783267315508559
2021-03-24,-0.9859900460801907
2021-03-25,-0.990304624955433
2021-03-26,0.0
2021-03-29,0.0
2021-03-30,0.0
2021-03-31,0.0
2021-04-01,0.0
2021-04-05,0.0
2021-04-06,0.0
2021-04-07,0.0
2021-04-08,0.0
2021-04-09,0.0
2021-04-12,0.0
2021-04-13,0.0
2021-04-14,0.0490666253737706
2021-04-15,0.26871875453319505
2021-04-16,0.5934974460814346
2021-04-19,0.848678502703679
2021-04-20,0.9634652791527343
2021-04-21,0.9978285455074549
2021-04-22,0.0
2021-04-23,0.0
2021-04-26,0.0
2021-04-27,0.0
2021-04-28,0.0
2021-04-29,0.0
2021-04-30,0.0
2021-05-03,0.0
2021-05-04,0.0
2021-05-05,0.0
2021-05-06,0.0
2021-05-07,-5.329070518200751e-15
2021-05-10,0.326882841274595
2021-05-11,0.4845167530206662
2021-05-12,0.6168316274110572
2021-05-13,0.7952530855090956
2021-05-14,0.8953068464096847
2021-05-17,0.9553164766541713
2021-05-18,0.9839163600677594
2021-05-19,0.9919105759870197
2021-05-20,0.0
2021-05-21,0.0
2021-05-24,0.0
2021-05-25,0.0
2021-05-26,0.0
2021-05-27,0.0
2021-05-28,0.0
2021-06-01,0.0
2021-06-02,0.0
2021-06-03,0.0
2021-06-04,0.0
2021-06-07,8.43769498715119e-15
2021-06-08,-0.16723261414861423
2021-06-09,-0.13415872233096526
2021-06-10,0.1431735156718701
2021-06-11,0.3089494988904995
2021-06-14,0.45086347113789715
2021-06-15,0.6013434297098184
2021-06-16,0.7014060039727226
2021-06-17,0.7498501155828556
2021-06-18,0.7051054811407109
2021-06-21,0.7433732633911252
2021-06-22,0.7755215315820263
2021-06-23,0.7758253632096097
2021-06-24,0.805086872468681
2021-06-25,0.7655752198880468
2021-06-28,0.723596300930806
2021-06-29,0.6428905801260734
2021-06-30,0.5724434850169731
2021-07-01,0.5929517474540962
2021-07-02,0.6586768397809402
2021-07-06,0.7387616164602777
2021-07-07,0.8341359912111814
2021-07-08,0.8911649159435115
2021-07-09,0.933667197905776
2021-07-12,0.9689614274551877
2021-07-13,0.987344299942142
2021-07-14,0.9961170022574997
2021-07-15,0.0
2021-07-16,0.0
2021-07-19,0.0
2021-07-20,0.0
2021-07-21,0.0
2021-07-22,0.0
2021-07-23,0.0
2021-07-26,0.0
2021-07-27,0.0
2021-07-28,0.0
2021-07-29,0.0
2021-07-30,1.509903313490213e-14
2021-08-02,-0.3919790017395417
2021-08-03,-0.5655804905730095
2021-08-04,-0.8148429326300133
2021-08-05,-0.932012853334476
2021-08-06,-0.9858620093288617
2021-08-09,-0.9982955661599973
2021-08-10,0.0
2021-08-11,0.0
2021-08-12,0.0
2021-08-13,0.0
2021-08-16,0.0
2021-08-17,0.0
2021-08-18,0.0
2021-08-19,0.0
2021-08-20,0.0
2021-08-23,0.0
2021-08-24,0.0
2021-08-25,-3.774758283725532e-15
2021-08-26,0.2770649197783006
2021-08-27,0.43817542374650653
2021-08-30,0.6378004902721526
2021-08-31,0.7874344292861206
2021-09-01,0.4456475034941736
2021-09-02,-0.04290659778473893
2021-09-03,-0.5205540389821912
2021-09-07,-0.8904301498501082
2021-09-08,-0.9793239556533928
2021-09-09,-0.9990526764370151
2021-09-10,0.0
2021-09-13,0.0
2021-09-14,0.0
2021-09-15,0.0
2021-09-16,0.0
2021-09-17,0.0
2021-09-20,0.0
2021-09-21,0.0
2021-09-22,0.0
2021-09-23,0.0
2021-09-24,0.0
2021-09-27,0.0
2021-09-28,0.05466841137945466
2021-09-29,0.5831301744010893
2021-09-30,0.7199451597603572
2021-10-01,0.9356130523247084
2021-10-04,0.9847267768962771
2021-10-05,0.9989728087705569
2021-10-06,0.0
2021-10-07,0.0
2021-10-08,0.0
2021-10-11,0.0
2021-10-12,0.0
2021-10-13,0.0
2021-10-14,0.0
2021-10-15,0.0
2021-10-18,0.0
2021-10-19,0.0
2021-10-20,0.0
2021-10-21,-2.4646951146678475e-14
2021-10-22,0.165442863030417
2021-10-25,0.1741809934853955
2021-10-26,0.3853482375487369
2021-10-27,0.36762219943586705
2021-10-28,0.566879790726508
2021-10-29,0.9801776330549776
2021-11-01,0.9998707692300719
2021-11-02,0.0
2021-11-03,0.0
2021-11-04,0.0
2021-11-05,0.0
2021-11-08,0.0
2021-11-09,0.0
2021-11-10,0.0
2021-11-11,0.0
2021-11-12,0.0
2021-11-15,0.0
2021-11-16,0.0
2021-11-17,3.5083047578154947e-14
2021-11-18,0.12938535775650695
2021-11-19,-0.07174608942680738
2021-11-22,-0.4534973390213124
2021-11-23,0.3012054187227009
2021-11-24,0.7775618000608309
2021-11-26,0.7215303234453798
2021-11-29,0.7348903634892832
2021-11-30,0.3749005635616225
2021-12-01,0.11455164966455644
2021-12-02,0.1493676436177871
2021-12-03,0.6741461815527319
2021-12-06,0.9924734607501828
2021-12-07,0.0
2021-12-08,0.0
2021-12-09,0.0
2021-12-10,0.0
2021-12-13,0.0
2021-12-14,0.0
2021-12-15,0.0
2021-12-16,0.0
2021-12-17,0.0
2021-12-20,0.0
2021-12-21,0.0
2021-12-22,7.327471962526033e-15
2021-12-23,0.31819620215225486
2021-12-27,0.623934963428959
2021-12-28,0.8155674212798454
2021-12-29,0.9293105585151911
2021-12-30,0.9784104248559164
2021-12-31,0.9936246616221791
2022-01-03,0.0
2022-01-04,0.0
2022-01-05,0.0
2022-01-06,0.0
2022-01-07,0.0
2022-01-10,0.0
2022-01-11,0.0
2022-01-12,0.0
2022-01-13,0.0
2022-01-14,0.0
2022-01-18,0.0
2022-01-19,-1.3988810110276972e-14
2022-01-20,-0.3453025053366443
2022-01-21,-0.7371808875298675
2022-01-24,-0.9117142346043565
2022-01-25,-0.9586246054343261
2022-01-26,-0.9644981633569971
2022-01-27,-0.9260364151437055
2022-01-28,-0.7192047305940465
2022-01-31,-0.46401289693936065
2022-02-01,-0.1271278055189189
2022-02-02,0.4479663743263178
2022-02-03,0.9146344165332188
2022-02-04,0.994628995624383
2022-02-07,0.0
2022-02-08,0.0
2022-02-09,0.0
2022-02-10,0.0
2022-02-11,0.0
2022-02-14,0.0
2022-02-15,0.0
2022-02-16,0.0
2022-02-17,0.0
2022-02-18,0.0
2022-02-22,0.0
2022-02-23,-2.4424906541753444e-15
2022-02-24,0.1750583476095644
2022-02-25,0.7653308803295111
2022-02-28,0.9257581940264745
2022-03-01,0.9802911648454238
2022-03-02,0.9983791838628782
2022-03-03,0.0
2022-03-04,0.0
2022-03-07,0.0
2022-03-08,0.0
2022-03-09,0.0
2022-03-10,0.0
2022-03-11,0.0
2022-03-14,0.0
2022-03-15,0.0
2022-03-16,0.0
2022-03-17,0.0
2022-03-18,0.0
2022-03-21,0.4018164946599083
2022-03-22,0.6889863883536647
2022-03-23,0.8285090113872244
2022-03-24,0.9301650515065392
2022-03-25,0.9782615223914946
2022-03-28,0.9946922904116788
2022-03-29,0.0
2022-03-30,0.0
2022-03-31,0.0
2022-04-01,0.0
2022-04-04,0.0
2022-04-05,0.0
2022-04-06,0.0
2022-04-07,0.0
2022-04-08,0.0
2022-04-11,0.0
2022-04-12,0.0
2022-04-13,-6.217248937900877e-15
2022-04-14,-0.0997599841651049
2022-04-18,-0.31468324167066664
2022-04-19,-0.5920700024168841
2022-04-20,-0.7719211672026516
2022-04-21,-0.8583627982243764
2022-04-22,-0.9416299610847427
2022-04-25,-0.9744019426611064
2022-04-26,-0.9895707992194085
2022-04-27,-0.9950545475457535
2022-04-28,0.0
2022-04-29,0.0
2022-05-02,0.0
2022-05-03,0.0
2022-05-04,0.0
2022-05-05,0.0
2022-05-06,0.0
2022-05-09,0.0
2022-05-10,0.0
2022-05-11,0.0
2022-05-12,0.0
2022-05-13,1.3322676295501878e-15
2022-05-16,0.3118325994096103
2022-05-17,0.5180896892498184
2022-05-18,0.5491420151446689
2022-05-19,0.5374452353412693
2022-05-20,0.4853266421697824
2022-05-23,0.240555533567274
2022-05-24,0.059110306530786305
2022-05-25,0.07714424898870997
2022-05-26,0.0023261673706549413
2022-05-27,-0.10575059527430541
2022-05-31,-0.3628762426842229
2022-06-01,-0.6325699645590341
2022-06-02,-0.7916417266749092
2022-06-03,-0.8835852066537
2022-06-06,-0.9448420739110845
2022-06-07,-0.9611099268358387
2022-06-08,-0.9722461627067096
2022-06-09,-0.9906205460443982
2022-06-10,0.0
2022-06-13,0.0
2022-06-14,0.0
2022-06-15,0.0
2022-06-16,0.0
2022-06-17,0.0
2022-06-21,0.0
2022-06-22,0.0
2022-06-23,0.0
2022-06-24,0.0
2022-06-27,0.0
2022-06-28,-1.3322676295501878e-15
2022-06-29,0.3348983821778704
2022-06-30,0.5715144563855761
2022-07-01,0.7513718742878353
2022-07-05,0.8660566165742001
2022-07-06,0.9231378170546791
2022-07-07,0.9550803594047508
2022-07-08,0.9763015624269213
2022-07-11,0.9882879543536063
2022-07-12,0.9938762555965053
2022-07-13,0.0
2022-07-14,0.0
2022-07-15,0.0
2022-07-18,0.0
2022-07-19,0.0
2022-07-20,0.0
2022-07-21,0.0
2022-07-22,0.0
2022-07-25,0.0
2022-07-26,0.0
2022-07-27,0.0
2022-07-28,-1.84297022087776e-14
2022-07-29,-0.732222329619248
2022-08-01,-0.9925724049848919
2022-08-02,0.0
2022-08-03,0.0
2022-08-04,0.0
2022-08-05,0.0
2022-08-08,0.0
2022-08-09,0.0
2022-08-10,0.0
2022-08-11,0.0
2022-08-12,0.0
2022-08-15,0.0
2022-08-16,0.0
2022-08-17,-2.6645352591003757e-15
2022-08-18,0.0573161640296278
2022-08-19,0.19231203483498005
2022-08-22,0.10362289295403482
2022-08-23,-0.16373585482466302
2022-08-24,-0.5235049249539876
2022-08-25,-0.660141722321262
2022-08-26,-0.903787796772558
2022-08-29,-0.9852129969624182
2022-08-30,-0.998624628492331
2022-08-31,0.0
2022-09-01,0.0
2022-09-02,0.0
2022-09-06,0.0
2022-09-07,0.0
2022-09-08,0.0
2022-09-09,0.0
2022-09-12,0.0
2022-09-13,0.0
2022-09-14,0.0
2022-09-15,0.0
2022-09-16,5.329070518200751e-15
2022-09-19,0.24660538492026873
2022-09-20,0.3965787743452722
2022-09-21,0.4347027067424951
2022-09-22,0.6165466921056828
2022-09-23,0.752044738462528
2022-09-26,0.7945643404076672
2022-09-27,0.8427413667985315
2022-09-28,0.9263288842111634
2022-09-29,0.9542251362490444
2022-09-30,0.8768674914473031
2022-10-03,0.8434911486620882
2022-10-04,0.8833189227171074
2022-10-05,0.9300373156010224
2022-10-06,0.9329116459438542
2022-10-07,0.9187556540240203
2022-10-10,0.8966810217277237
2022-10-11,0.9170433464402188
2022-10-12,0.9171815630328348
2022-10-13,0.9567315253568722
2022-10-14,0.9785724215003611
2022-10-17,0.9923018779028694
2022-10-18,0.0
2022-10-19,0.0
2022-10-20,0.0
2022-10-21,0.0
2022-10-24,0.0
2022-10-25,0.0
2022-10-26,0.0
2022-10-27,0.0
2022-10-28,0.0
2022-10-31,0.0
2022-11-01,0.0
2022-11-02,1.1102230246251565e-15
2022-11-03,-0.19064692643528725
2022-11-04,-0.3107285510119284
2022-11-07,-0.26739111631756907
2022-11-08,-0.20292721166914007
2022-11-09,-0.19007670225373374
2022-11-10,-0.06759272255691218
2022-11-11,0.07251471911613305
2022-11-14,0.2796413479682862
2022-11-15,0.5113887137233939
2022-11-16,0.6533944960632307
2022-11-17,0.7684674578060449
2022-11-18,0.8913828925154181
2022-11-21,0.9657559539842595
2022-11-22,0.9942123196757737
2022-11-23,0.0
2022-11-25,0.0
2022-11-28,0.0
2022-11-29,0.0
2022-11-30,0.0
2022-12-01,0.0
2022-12-02,0.0
2022-12-05,0.0
2022-12-06,0.0
2022-12-07,0.0
2022-12-08,0.0
2022-12-09,0.0
2022-12-12,0.26816299605427707
2022-12-13,0.4564320114220617
2022-12-14,0.6109818987955724
2022-12-15,0.6503364747323332
2022-12-16,0.5573345723184719
2022-12-19,0.515742775476784
2022-12-20,0.4226998939688835
2022-12-21,0.42401647679711174
2022-12-22,0.4830120461359648
2022-12-23,0.5281036213606507
2022-12-27,0.5642601798604028
2022-12-28,0.5641178294750326
2022-12-29,0.5785816198859317
2022-12-30,0.5517785749489676
2023-01-03,0.5588518208377449
2023-01-04,0.6182071340767257
2023-01-05,0.663778433483516
2023-01-06,0.7905615939142359
2023-01-09,0.7739579555837872
2023-01-10,0.6989651128823873
2023-01-11,0.5176889151999069
2023-01-12,0.12413182802035116
2023-01-13,-0.22525960314373306
2023-01-17,-0.5555151003697305
2023-01-18,-0.8544926130079009
2023-01-19,-0.9691024126462497
2023-01-20,-0.9947303617180632
2023-01-23,0.0
2023-01-24,0.0
2023-01-25,0.0
2023-01-26,0.0
2023-01-27,0.0
2023-01-30,0.0
2023-01-31,0.0
2023-02-01,0.0
2023-02-02,0.0
2023-02-03,0.0
2023-02-06,0.0
2023-02-07,0.0
2023-02-08,-0.30943814744278875
2023-02-09,0.05280261773432593
2023-02-10,0.7531661620621546
2023-02-13,0.9876118427628047
2023-02-14,0.9996202904502343
2023-02-15,0.0
2023-02-16,0.0
2023-02-17,0.0
2023-02-21,0.0
2023-02-22,0.0
2023-02-23,0.0
2023-02-24,0.0
2023-02-27,0.0
2023-02-28,0.0
2023-03-01,0.0
2023-03-02,0.0
2023-03-03,0.0
2023-03-06,0.27140697640365574
2023-03-07,0.27792508714297015
2023-03-08,-0.05131138084580322
2023-03-09,-0.5393126151058492
2023-03-10,-0.7223543575604259
2023-03-13,-0.7504221045383477
2023-03-14,-0.6813171711606336
2023-03-15,-0.5924087037753556
2023-03-16,-0.4059573515581385
2023-03-17,-0.28611292213798967
2023-03-20,-0.008297941583934598
2023-03-21,0.30848903123433846
2023-03-22,0.3677133459006161
2023-03-23,0.5263425122276257
2023-03-24,0.7724776921821745
2023-03-27,0.8978147436423312
2023-03-28,0.9654127951824572
2023-03-29,0.9893383789963719
2023-03-30,0.9970521601146929
2023-03-31,0.0
2023-04-03,0.0
2023-04-04,0.0
2023-04-05,0.0
2023-04-06,0.0
2023-04-10,0.0
2023-04-11,0.0
2023-04-12,0.0
2023-04-13,0.0
2023-04-14,0.0
2023-04-17,0.0
2023-04-18,2.1094237467877974e-14
2023-04-19,0.18933990576031512
2023-04-20,0.4277070403958514
2023-04-21,0.6796593643195727
2023-04-24,0.9108035095429823
2023-04-25,0.9878887990538763
2023-04-26,0.993909622864986
2023-04-27,0.0
2023-04-28,0.0
2023-05-01,0.0
2023-05-02,0.0
2023-05-03,0.0
2023-05-04,0.0
2023-05-05,0.0
2023-05-08,0.0
2023-05-09,0.0
2023-05-10,0.0
2023-05-11,0.0
2023-05-12,0.0
2023-05-15,-0.19920601106422975
2023-05-16,-0.6138114452971535
2023-05-17,-0.8480746255302312
2023-05-18,-0.9493279382311424
2023-05-19,-0.9768718223555815
2023-05-22,-0.9904994691742823
2023-05-23,0.0
2023-05-24,0.0
2023-05-25,0.0
2023-05-26,0.0
2023-05-30,0.0
2023-05-31,0.0
2023-06-01,0.0
2023-06-02,0.0
2023-06-05,0.0
2023-06-06,0.0
2023-06-07,0.0
2023-06-08,-7.549516567451064e-15
2023-06-09,0.05493187487421669
2023-06-12,0.06597959066943981
2023-06-13,0.1256077690542723
2023-06-14,0.00995328439216503
2023-06-15,-0.12599516676263245
2023-06-16,-0.040252541304796496
2023-06-20,-0.021119201133234844
2023-06-21,-0.07407468217961344
2023-06-22,-0.08471982966370817
2023-06-23,-0.19842378526565474
2023-06-26,-0.3645106608024151
2023-06-27,-0.6248700267088942
2023-06-28,-0.8032264940599081
2023-06-29,-0.8949057730260415
2023-06-30,-0.9310273452669742
2023-07-03,-0.9531845159986356
2023-07-05,-0.9488826955466376
2023-07-06,-0.9479777493934307
2023-07-07,-0.9612535479046436
2023-07-10,-0.9762790120948026
2023-07-11,-0.9823437431920208
2023-07-12,-0.9883698264187153
2023-07-13,-0.9922638652307489
2023-07-14,0.0
2023-07-17,0.0
2023-07-18,0.0
2023-07-19,0.0
2023-07-20,0.0
2023-07-21,0.0
2023-07-24,0.0
2023-07-25,0.0
2023-07-26,0.0
2023-07-27,0.0
2023-07-28,0.0
2023-07-31,6.661338147750939e-16
2023-08-01,0.2528628490877365
2023-08-02,0.4925929875749675
2023-08-03,0.6654062329366759
2023-08-04,0.7649499321363955
2023-08-07,0.8700245177029933
2023-08-08,0.9269626490551219
2023-08-09,0.964800650759231
2023-08-10,0.9850070383001022
2023-08-11,0.9944703507733168
2023-08-14,0.0
2023-08-15,0.0
2023-08-16,0.0
2023-08-17,0.0
2023-08-18,0.0
2023-08-21,0.0
2023-08-22,0.0
2023-08-23,0.0
2023-08-24,0.0
2023-08-25,0.0
2023-08-28,0.0
2023-08-29,-1.354472090042691e-14
2023-08-30,-0.08703430284374436
2023-08-31,-0.29692066101350045
2023-09-01,-0.371990198316712
2023-09-05,-0.5923504569438993
2023-09-06,-0.77266353753916
2023-09-07,-0.770201307525292
2023-09-08,-0.7635537782489332
2023-09-11,-0.7565986750900473
2023-09-12,-0.7403225201917167
2023-09-13,-0.6325140755397243
2023-09-14,-0.3423328884937722
2023-09-15,-0.11950838362604932
2023-09-18,0.23673451203781548
2023-09-19,0.512152319952806
2023-09-20,0.7209903536489055
2023-09-21,0.8505896453485482
2023-09-22,0.9160879729870548
2023-09-25,0.9699637031554218
2023-09-26,0.9887413725855305
2023-09-27,0.9952556818660827
2023-09-28,0.0
2023-09-29,0.0
2023-10-02,0.0
2023-10-03,0.0
2023-10-04,0.0
2023-10-05,0.0
2023-10-06,0.0
2023-10-09,0.0
2023-10-10,0.0
2023-10-11,0.0
2023-10-12,0.0
2023-10-13,-2.1760371282653068e-14
2023-10-16,-0.034810442426906896
2023-10-17,0.24715126031185974
2023-10-18,0.49638221988978515
2023-10-19,0.22124866249850506
2023-10-20,0.03885193335562831
2023-10-23,-0.34069703511375593
2023-10-24,-0.46920965622715416
2023-10-25,-0.6745717334043846
2023-10-26,-0.8175158483602063
2023-10-27,-0.9928720939379372
2023-10-30,0.0
2023-10-31,0.0
2023-11-01,0.0
2023-11-02,0.0
2023-11-03,0.0
2023-11-06,0.0
2023-11-07,0.0
2023-11-08,0.0
2023-11-09,0.0
2023-11-10,0.0
2023-11-13,0.0
2023-11-14,5.773159728050814e-15
2023-11-15,-0.35801642548387247
2023-11-16,-0.5758032054951352
2023-11-17,-0.7323749200617322
2023-11-20,-0.8378313826987991
2023-11-21,-0.8940277392498872
2023-11-22,-0.9366647271378579
2023-11-24,-0.9607009544252136
2023-11-27,-0.972623471924299
2023-11-28,-0.9862187378602032
2023-11-29,-0.9922184983816507
2023-11-30,0.0
2023-12-01,0.0
2023-12-04,0.0
2023-12-05,0.0
2023-12-06,0.0
2023-12-07,0.0
2023-12-08,0.0
2023-12-11,0.0
2023-12-12,0.0
2023-12-13,0.0
2023-12-14,0.0
2023-12-15,-6.217248937900877e-15
2023-12-18,0.21663840095633335
2023-12-19,0.4109754280508269
2023-12-20,0.5045142845078294
2023-12-21,0.6119005665430648
2023-12-22,0.7528052493034352
2023-12-26,0.8441610825250851
2023-12-27,0.907232238940463
2023-12-28,0.9456678107586642
2023-12-29,0.969767870603018
2024-01-02,0.9912756044672499
2024-01-03,0.0
2024-01-04,0.0
2024-01-05,0.0
2024-01-08,0.0
2024-01-09,0.0
2024-01-10,0.0
2024-01-11,0.0
2024-01-12,0.0
2024-01-16,0.0
2024-01-17,0.0
2024-01-18,0.0
2024-01-19,0.0
2024-01-22,0.46059590783900006
2024-01-23,0.8704079581789117
2024-01-24,0.9367315941593204
2024-01-25,0.9792851959975786
2024-01-26,0.9916847476439863
2024-01-29,0.0
2024-01-30,0.0
2024-01-31,0.0
2024-02-01,0.0
2024-02-02,0.0
2024-02-05,0.0
2024-02-06,0.0
2024-02-07,0.0
2024-02-08,0.0
2024-02-09,0.0
2024-02-12,0.0
2024-02-13,-6.661338147750939e-15
2024-02-14,0.20965279300865713
2024-02-15,0.48378567574828146
2024-02-16,0.7116170727646256
2024-02-20,0.8217109855637543
2024-02-21,0.8857866464752018
2024-02-22,0.9413123062136965
2024-02-23,0.9760939819299617
2024-02-26,0.991887768781728
2024-02-27,0.0
2024-02-28,0.0
2024-02-29,0.0
2024-03-01,0.0
2024-03-04,0.0
2024-03-05,0.0
2024-03-06,0.0
2024-03-07,0.0
2024-03-08,0.0
2024-03-11,0.0
2024-03-12,0.0
2024-03-13,0.0
2024-03-14,0.3024535043190586
2024-03-15,0.12746077506624975
2024-03-18,0.04199670037505454
2024-03-19,0.11601935894910276
2024-03-20,-0.24473751615389205
2024-03-21,-0.4184503894464928
2024-03-22,-0.4735532241042133
2024-03-25,-0.516130114188611
2024-03-26,-0.4961104049304863
2024-03-27,-0.36483880485031395
2024-03-28,-0.03779359417743411
2024-04-01,0.1428995617197868
2024-04-02,0.3027411000313853
2024-04-03,0.1214786319077934
2024-04-04,-0.7988058837827838
2024-04-05,-0.9833473302878633
2024-04-08,-0.9995288232176944
2024-04-09,0.0
2024-04-10,0.0
2024-04-11,0.0
2024-04-12,0.0
2024-04-15,0.0
2024-04-16,0.0
2024-04-17,0.0
2024-04-18,0.0
2024-04-19,0.0
2024-04-22,0.0
2024-04-23,0.0
2024-04-24,1.0658141036401503e-14
2024-04-25,0.12801587040073392
2024-04-26,-0.3577594963634305
2024-04-29,-0.611390731086654
2024-04-30,-0.7411408744485946
2024-05-01,-0.8571577754893906
2024-05-02,-0.9377620058315064
2024-05-03,-0.9528772982893638
2024-05-06,-0.9715171864862415
2024-05-07,-0.9836992655882666
2024-05-08,-0.9944702797665239
2024-05-09,0.0
2024-05-10,0.0
2024-05-13,0.0
2024-05-14,0.0
2024-05-15,0.0
2024-05-16,0.0
2024-05-17,0.0
2024-05-20,0.0
2024-05-21,0.0
2024-05-22,0.0
2024-05-23,0.0
2024-05-24,0.0
2024-05-28,-0.480386178702088
2024-05-29,-0.8044295162945647
2024-05-30,-0.9214479424840984
2024-05-31,-0.9197901142251466
2024-06-03,-0.9333874359391081
2024-06-04,-0.9197613652790384
2024-06-05,-0.8372912877834926
2024-06-06,-0.5810819206031352
2024-06-07,-0.14487207429575832
2024-06-10,0.37885859635272
2024-06-11,0.6490508162085107
2024-06-12,0.7827929295376626
2024-06-13,0.8806488882613246
2024-06-14,0.9558998586482454
2024-06-17,0.988537876345891
2024-06-18,0.9983136523458129
2024-06-20,0.0
2024-06-21,0.0
2024-06-24,0.0
2024-06-25,0.0
2024-06-26,0.0
2024-06-27,0.0
2024-06-28,0.0
2024-07-01,0.0
2024-07-02,0.0
2024-07-03,0.0
2024-07-05,0.0
2024-07-08,9.992007221626409e-15
2024-07-09,-0.09895738795428888
2024-07-10,-0.18270265729768287
2024-07-11,-0.13248231015196366
2024-07-12,-0.05880911625898633
2024-07-15,-0.038173354096766365
2024-07-16,0.06080362696035069
2024-07-17,0.5144978208571485
2024-07-18,0.659523810211577
2024-07-19,0.8030230114693011
2024-07-22,0.913050491145788
2024-07-23,0.9625333970676981
2024-07-24,0.992203687053236
2024-07-25,0.0
2024-07-26,0.0
2024-07-29,0.0
2024-07-30,0.0
2024-07-31,0.0
2024-08-01,0.0
2024-08-02,0.0
2024-08-05,0.0
2024-08-06,0.0
2024-08-07,0.0
2024-08-08,0.0
2024-08-09,9.547918011776346e-15
2024-08-12,0.2712353831938912
2024-08-13,0.5552876822418451
2024-08-14,0.809848589476992
2024-08-15,0.9365961438757706
2024-08-16,0.9841632850096311
2024-08-19,0.9985197901073504
2024-08-20,0.0
2024-08-21,0.0
2024-08-22,0.0
2024-08-23,0.0
2024-08-26,0.0
2024-08-27,0.0
2024-08-28,0.0
2024-08-29,0.0
2024-08-30,0.0
2024-09-03,0.0
2024-09-04,0.0
2024-09-05,-5.329070518200751e-15
2024-09-06,-0.4423960043040607
2024-09-09,-0.3975321311945461
2024-09-10,0.08807940650374935
2024-09-11,-0.1560903106185343
2024-09-12,-0.4450063668915778
2024-09-13,-0.6465310893293212
2024-09-16,-0.6752166692908799
2024-09-17,-0.8455761891381854
2024-09-18,-0.9460094216815427
2024-09-19,-0.9784366552644395
2024-09-20,-0.9925783158455321
2024-09-23,0.0
2024-09-24,0.0
2024-09-25,0.0
2024-09-26,0.0
2024-09-27,0.0
2024-09-30,0.0
2024-10-01,0.0
2024-10-02,0.0
2024-10-03,0.0
2024-10-04,0.0
2024-10-07,0.0
2024-10-08,1.3988810110276972e-14
2024-10-09,0.03815659417093009
2024-10-10,0.030387533737185946
2024-10-11,0.006514100786230603
2024-10-14,0.13097919202670094
2024-10-15,0.028029547910992436
2024-10-16,-0.2016753286632702
2024-10-17,-0.5478506040380811
2024-10-18,-0.7659992778654054
2024-10-21,-0.9379587151838353
2024-10-22,-0.976792856762327
2024-10-23,-0.9940551299943035
2024-10-24,0.0
2024-10-25,0.0
2024-10-28,0.0
2024-10-29,0.0
2024-10-30,0.0
2024-10-31,0.0
2024-11-01,0.0
2024-11-04,0.0
2024-11-05,0.0
2024-11-06,0.0
2024-11-07,0.0
2024-11-08,1.1102230246251565e-15
2024-11-11,-0.6937576900190268
2024-11-12,-0.9655823940254624
2024-11-13,-0.9984493328537294
2024-11-14,0.0
2024-11-15,0.0
2024-11-18,0.0
2024-11-19,0.0
2024-11-20,0.0
2024-11-21,0.0
2024-11-22,0.0
2024-11-25,0.0
2024-11-26,0.0
2024-11-27,0.0
2024-11-29,0.0
2024-12-02,3.9968028886505635e-15
2024-12-03,0.22655380928113322
2024-12-04,0.284430324698562
2024-12-05,0.3295163685596698
2024-12-06,0.3714733616030337
2024-12-09,0.4190985063831336
2024-12-10,0.4427344858081632
2024-12-11,0.4368343595604247
2024-12-12,0.40591469454169427
2024-12-13,0.37995688364517544
2024-12-16,0.3168859398196948
2024-12-17,0.3366394467458622
2024-12-18,0.3058957365102384
2024-12-19,0.24403061750051802
2024-12-20,0.2692880085784508
2024-12-23,0.3493707411557285
2024-12-24,0.4520310444204707
2024-12-26,0.5301488314905631
2024-12-27,0.5820604699020624
2024-12-30,0.6039441267602033
2024-12-31,0.6444323431092305
2025-01-02,0.7015337195766453
2025-01-03,0.7681236149898929
2025-01-06,0.8132743116077861
2025-01-07,0.8468334994200604
2025-01-08,0.8689353867749334
2025-01-10,0.8697546837207082
2025-01-13,0.8793536238860227
2025-01-14,0.8821040036609826
2025-01-15,0.8710290157147953
2025-01-16,0.8729252880155669
2025-01-17,0.8629259433266228
2025-01-21,0.8588423786319512
2025-01-22,0.8337050626811333
2025-01-23,0.8164605907376905
2025-01-24,0.7956608988544001
2025-01-27,0.821693553593454
2025-01-28,0.831996939032283
2025-01-29,0.8443553922119602
2025-01-30,0.8579538068938521
2025-01-31,0.9068490727491556
2025-02-03,0.9553824227896814
2025-02-04,0.9800778798680616
2025-02-05,0.9925570583769763
2025-02-06,0.0
2025-02-07,0.0
2025-02-10,0.0
2025-02-11,0.0
2025-02-12,0.0
2025-02-13,0.0
2025-02-14,0.0
2025-02-18,0.0
2025-02-19,0.0
2025-02-20,0.0
2025-02-21,0.0
2025-02-24,-5.773159728050814e-15
2025-02-25,0.39482616873388965
2025-02-26,0.648339223294828
2025-02-27,0.8472676883831569
2025-02-28,0.9654432095764003
2025-03-03,0.9960913767684445
2025-03-04,0.0
2025-03-05,0.0
2025-03-06,0.0
2025-03-07,0.0
2025-03-10,0.0
2025-03-11,0.0
2025-03-12,0.0
2025-03-13,0.0
2025-03-14,0.0
2025-03-17,0.0
2025-03-18,0.0
2025-03-19,-3.1086244689504383e-15
2025-03-20,-0.05757166286281179
2025-03-21,-0.2894814261241905
2025-03-24,-0.5446082800015519
2025-03-25,-0.95111931328669
2025-03-26,-0.9982206629493939
2025-03-27,0.0
2025-03-28,0.0
2025-03-31,0.0
2025-04-01,0.0
2025-04-02,0.0
2025-04-03,0.0
2025-04-04,0.0
2025-04-07,0.0
2025-04-08,0.0
2025-04-09,0.0
2025-04-10,0.0
2025-04-11,-1.5543122344752192e-15
2025-04-14,-0.2086680428711729
2025-04-15,-0.3987994996564128
2025-04-16,-0.6097857529518587
2025-04-17,-0.7503827249031745
2025-04-21,-0.8601528174886406
2025-04-22,-0.9149966150243827
2025-04-23,-0.942840016263037
2025-04-24,-0.9566334100128882
2025-04-25,-0.9590347832173691
2025-04-28,-0.9512497191834173
2025-04-29,-0.9404694631426613
2025-04-30,-0.9247300166410746
2025-05-01,-0.9116010742738352
2025-05-02,-0.8811968750819335
2025-05-05,-0.8543720828984369
2025-05-06,-0.8602522869679199
2025-05-07,-0.8625595413120599
2025-05-08,-0.873324176917696
2025-05-09,-0.8861379594899452
2025-05-12,-0.882074784872446
2025-05-13,-0.8842806854425853
2025-05-14,-0.9133875045061071
2025-05-15,-0.9279073874512278
2025-05-16,-0.9361570052335884
2025-05-19,-0.9408086926744494
2025-05-20,-0.946368873196868
2025-05-21,-0.9552910433932738
2025-05-22,-0.9620002993684866
2025-05-23,-0.9670631930238165
2025-05-27,-0.969405112172945
2025-05-28,-0.9736068182688322
2025-05-29,-0.9755396462227517
2025-05-30,-0.9770102459868868
2025-06-02,-0.9778483688359394
2025-06-03,-0.978502453112809
2025-06-04,-0.9790886346089294
2025-06-05,-0.9795898239552241
2025-06-06,-0.9787644384863439
2025-06-09,-0.9783315689620791
2025-06-10,-0.9777133520876222
2025-06-11,-0.9758855972145237
2025-06-12,-0.9733674576868607
2025-06-13,-0.9716484227271112
2025-06-16,-0.9700430886384483
2025-06-17,-0.9722668539566965
2025-06-18,-0.9743166186004515
2025-06-20,-0.9763232127164869
2025-06-23,-0.9789852049271845
2025-06-24,-0.9805051925804718
2025-06-25,-0.9819850914095045
2025-06-26,-0.982763045521416
2025-06-27,-0.9852443414622059
2025-06-30,-0.98628319236858
2025-07-01,-0.9857816363116572
2025-07-02,-0.9850016443536516
2025-07-03,-0.984752858146887
2025-07-07,-0.9851114492230482
2025-07-08,-0.9847000984561156
2025-07-09,-0.9839725135100967
2025-07-10,-0.9814468115828345
2025-07-11,-0.9798174315586792
2025-07-14,-0.9785427797285471
2025-07-15,-0.9789209812406865
2025-07-16,-0.9772873059444167
2025-07-17,-0.9751386019730977
2025-07-18,-0.9740586508105973
2025-07-21,-0.9753684564222942
2025-07-22,-0.9754605655123689
2025-07-23,-0.9737301975241448
2025-07-24,-0.9717627519777914
2025-07-25,-0.9700368654840599
2025-07-28,-0.9693472089794586
2025-07-29,-0.9669387316089253
2025-07-30,-0.9657045963979665
2025-07-31,-0.9646507089657195
2025-08-01,-0.9590533580479408
2025-08-04,-0.9510830466671412
2025-08-05,-0.940569642823819
2025-08-06,-0.9310699426177749
2025-08-07,-0.9170928421658631
2025-08-08,-0.9023474388589521
2025-08-11,-0.8847576378671902
2025-08-12,-0.8650031739872828
2025-08-13,-0.8367170429090114
2025-08-14,-0.7962153050293639
2025-08-15,-0.7432274466271043
2025-08-18,-0.682476734698962
2025-08-19,-0.6152723511763223
2025-08-20,-0.5276764280199515
2025-08-21,-0.42939479599328045
2025-08-22,-0.3176073924056082
2025-08-25,-0.21637609299871863
2025-08-26,-0.1078033005712502
2025-08-27,8.11944903893469e-05
2025-08-28,0.10617648888190478
2025-08-29,0.22282991679542552
2025-09-02,0.3413669813015827
2025-09-03,0.45065062456634886
2025-09-04,0.5540336564405881
2025-09-05,0.6429989605530118
2025-09-08,0.7106840408728954
2025-09-09,0.770348829697022
2025-09-10,0.8229775532767301
2025-09-11,0.8801893403067127
2025-09-12,0.9193174464097027
2025-09-15,0.9465677651691704
2025-09-16,0.9647546797514523
2025-09-17,0.9790305567142108
2025-09-18,0.9881883655626673
2025-09-19,0.9936358191580268
2025-09-22,0.0
2025-09-23,0.0
2025-09-24,0.0
2025-09-25,0.0
2025-09-26,0.0
2025-09-29,0.0
2025-09-30,0.0
2025-10-01,0.0
2025-10-02,0.0
2025-10-03,0.0
2025-10-06,0.0
2025-10-07,-7.549516567451064e-15
2025-10-08,0.08715934730145669
2025-10-09,0.15274029005208156
2025-10-10,0.20833728611073354
2025-10-13,0.25490706754446313
2025-10-14,0.2716326455486411
2025-10-15,0.25927910464999493
2025-10-16,0.2618983189010107
2025-10-17,0.3209285078699573
2025-10-20,0.4229717200649594
2025-10-21,0.501843997512526
2025-10-22,0.5291466235324487
2025-10-23,0.5480906718314285
2025-10-24,0.5621896722624684
2025-10-27,0.5762415982827613
2025-10-28,0.5829083092388054
2025-10-29,0.5562708659136069
2025-10-30,0.5725532898100445
2025-10-31,0.44312645879973966
2025-11-03,0.19830370668634845
2025-11-04,0.010238847902439119
2025-11-05,-0.15766263379336865
2025-11-06,-0.2777547009650678
2025-11-07,-0.38644345653850354
2025-11-10,-0.4906542079675815
2025-11-11,-0.501706674959103
2025-11-12,-0.40382128876440526
2025-11-13,-0.3148571538279896
2025-11-14,-0.2226953917992902
2025-11-17,-0.10430976776333023
2025-11-18,0.011507066531311727
2025-11-19,0.10986903788267388
2025-11-20,0.1534333302849773
2025-11-21,0.29274780179462945
2025-11-24,0.3315274555176324
2025-11-25,0.39820490327932445
2025-11-26,0.4097105650184216
2025-11-28,0.42141030680172653
2025-12-01,0.4012330134444153
2025-12-02,0.3719813167016506
2025-12-03,0.41491806708430534
2025-12-04,0.4380274912974089
2025-12-05,0.4301737239694121
2025-12-08,0.3877201188171673
2025-12-09,0.3431766922062298
2025-12-10,0.3250517637984154
2025-12-11,0.29241491739744374
2025-12-12,0.25165803250981855
2025-12-15,0.26197283408150485
2025-12-16,0.22596847203303505
2025-12-17,0.19798783603854053
2025-12-18,0.151786161654603
2025-12-19,0.1552418146282406
2025-12-22,0.17190967854114847
2025-12-23,0.1987938959817226
2025-12-24,0.2379558271878801
2025-12-26,0.27699094093134735
2025-12-29,0.32431182117371904
2025-12-30,0.3579640235628494
2025-12-31,0.3773383693432175
2026-01-02,0.4046454863649491
2026-01-05,0.33669206725215517
2026-01-06,0.30766974351336773
2026-01-07,0.3788701612232297
2026-01-08,0.3527969607376571
2026-01-09,0.2838208962989728
2026-01-12,0.2129543198890982
2026-01-13,0.14909542365028372
2026-01-14,0.09776026091484069
2026-01-15,-0.010556554729300949
2026-01-16,-0.12475123262254573
2026-01-20,-0.23836264664358553
2026-01-21,-0.324617316058732
2026-01-22,-0.3871010374540327
2026-01-23,-0.4356561804066801
2026-01-26,-0.4684010277687649
2026-01-27,-0.47230814760880446
2026-01-28,-0.5210914635003698
2026-01-29,-0.5529000575498664
2026-01-30,-0.5632277748272296
2026-02-02,-0.5528423215042304
2026-02-03,-0.542286847823688
2026-02-04,-0.5973836376582604
2026-02-05,-0.6348032093175155
2026-02-06,-0.640525100193168
2026-02-09,-0.6472783146623675
2026-02-10,-0.6592382065552642
2026-02-11,-0.6805137970075814
2026-02-12,-0.6600459387455002
2026-02-13,-0.6118786705230237
2026-02-17,-0.5501527706547762
2026-02-18,-0.5167179324543452
2026-02-19,-0.5168259710397947
2026-02-20,-0.5133892698220905
2026-02-23,-0.4731616620937569
2026-02-24,-0.44031268877090524
2026-02-25,-0.419577536477
2026-02-26,-0.4173866486744744
2026-02-27,-0.3524637533944228
2026-03-02,-0.2657263857400398
2026-03-03,-0.18000712134315888
2026-03-04,-0.07084193493639157
2026-03-05,0.002376347354048347
2026-03-06,0.05390107537818878
2026-03-09,0.07997374151449144
2026-03-10,0.1016641434296568
2026-03-11,0.12925102630817054
2026-03-12,0.1354165266515701
2026-03-13,0.08960323925144453
2026-03-16,0.06009851639531316
2026-03-17,0.015302735258464484
2026-03-18,-0.13260713745060748
2026-03-19,-0.2927953890459547
2026-03-20,-0.4486403020364298
2026-03-23,-0.5853111102682238
2026-03-24,-0.6973916751345515
2026-03-25,-0.7783710425895318
2026-03-26,-0.828738020840037
2026-03-27,-0.8745044218143985
2026-03-30,-0.9018044303156583
2026-03-31,-0.915680302028423
2026-04-01,-0.9321018369305862
2026-04-02,-0.9535915703657609
2026-04-06,-0.9707324114874865
2026-04-07,-0.9822207153172231
2026-04-08,-0.9876737512087119
2026-04-09,-0.9913473912235351
2026-04-10,0.0
2026-04-13,0.0
2026-04-14,0.0
2026-04-15,0.0
2026-04-16,0.0
2026-04-17,0.0
2026-04-20,0.0
2026-04-21,0.0
2026-04-22,0.0
2026-04-23,0.0
2026-04-24,0.0
2026-04-27,3.1086244689504383e-15
2026-04-28,-0.34703707549655505
2026-04-29,-0.35493712651437725
2026-04-30,-0.0011390248578428963
2026-05-01,0.11057136123962596
2026-05-04,0.283982980424645
2026-05-05,0.35277554043626447
2026-05-06,0.37304876840350154
2026-05-07,0.30065238942151273
2026-05-08,0.1814983822588816
2026-05-11,0.11482358228576084
2026-05-12,0.2530862961862359
2026-05-13,0.40081772590192943
2026-05-14,0.5943698777340432
2026-05-15,0.7320094788611531
2026-05-18,0.8156798609416873
2026-05-19,0.918366882307267
2026-05-20,0.9619773135310987
2026-05-21,0.9874269974265459
2026-05-22,0.9968869296346492
2026-05-26,0.0
2026-05-27,0.0
2026-05-28,0.0
2026-05-29,0.0
2026-06-01,0.0
2026-06-02,0.0
2026-06-03,0.0
2026-06-04,0.0
2026-06-05,0.0
2026-06-08,0.0
2026-06-09,0.0
2026-06-10,6.439293542825908e-15
2026-06-11,0.2161125856435928
2026-06-12,0.5045687918951474
2026-06-15,0.5497272958908492
2026-06-16,0.6139994557957689
2026-06-17,0.6396199548474879
2026-06-18,0.5432209866661011
2026-06-22,0.7635368899216499
2026-06-23,0.9173665444782344
2026-06-24,0.9766049687042928
2026-06-25,0.998147035365347
2026-06-26,0.0
2026-06-29,0.0
2026-06-30,0.0
2026-07-01,0.0
2026-07-02,0.0
2026-07-06,0.0
2026-07-07,0.0
2026-07-08,0.0
2026-07-09,0.0
2026-07-10,0.0
2026-07-13,0.0
2026-07-14,-6.217248937900877e-15
2026-07-15,-0.3173144262547396
2026-07-16,-0.10192554376563345
2026-07-17,0.11076516361240163
2026-07-20,0.25321589248262866
2026-07-21,0.4869392960772516
2026-07-22,0.5811405343382563
2026-07-23,0.7516700905519043
2026-07-24,0.893574696974768
2026-07-27,0.9457295311160558
