2022-01-19,0.0
2022-01-20,0.0
2022-01-21,0.0
2022-01-24,0.0
2022-01-25,0.0
2022-01-26,0.0
2022-01-27,0.0
2022-01-28,0.0
2022-01-31,0.0
2022-02-01,0.0
2022-02-02,0.0
2022-02-03,2.4424906541753444e-15
2022-02-04,0.20390228121721998
2022-02-07,0.17942140442169063
2022-02-08,0.12788213273078042
2022-02-09,0.16819044111223747
2022-02-10,0.19366266770022755
2022-02-11,0.2641657523884511
2022-02-14,0.32989605418478796
2022-02-15,0.38590899721029337
2022-02-16,0.40765675760145026
2022-02-17,0.35732479032504405
2022-02-18,0.3124125875931234
2022-02-22,0.19582688236190515
2022-02-23,0.0619578260448328
2022-02-24,-0.014778604293186781
2022-02-25,-0.10413591243320153
2022-02-28,-0.11241078917644032
2022-03-01,-0.05375676879160629
2022-03-02,0.06395877162130481
2022-03-03,0.17863705966632026
2022-03-04,0.3344176348457739
2022-03-07,0.49119520382974424
2022-03-08,0.637836862644884
2022-03-09,0.7342370883397058
2022-03-10,0.8093374728946547
2022-03-11,0.8435198287158308
2022-03-14,0.8879180536588476
2022-03-15,0.9233102067153667
2022-03-16,0.9507273270423173
2022-03-17,0.9665979195160848
2022-03-18,0.9727709606592163
2022-03-21,0.9783032001456773
2022-03-22,0.985862513651508
2022-03-23,0.9907597056597066
2022-03-24,0.0
2022-03-25,0.0
2022-03-28,0.0
2022-03-29,0.0
2022-03-30,0.0
2022-03-31,0.0
2022-04-01,0.0
2022-04-04,0.0
2022-04-05,0.0
2022-04-06,0.0
2022-04-07,0.0
2022-04-08,-1.5543122344752192e-15
2022-04-11,0.2083035031584375
2022-04-12,0.45970384979752055
2022-04-13,0.742724243295807
2022-04-14,0.862954136443485
2022-04-18,0.939994359410325
2022-04-19,0.988067406394892
2022-04-20,0.9974572665950086
2022-04-21,0.0
2022-04-22,0.0
2022-04-25,0.0
2022-04-26,0.0
2022-04-27,0.0
2022-04-28,0.0
2022-04-29,0.0
2022-05-02,0.0
2022-05-03,0.0
2022-05-04,0.0
2022-05-05,0.0
2022-05-06,7.105427357601002e-15
2022-05-09,-0.45227827984010815
2022-05-10,-0.795448713311554
2022-05-11,-0.9329256518208786
2022-05-12,-0.9975403600870354
2022-05-13,0.0
2022-05-16,0.0
2022-05-17,0.0
2022-05-18,0.0
2022-05-19,0.0
2022-05-20,0.0
2022-05-23,0.0
2022-05-24,0.0
2022-05-25,0.0
2022-05-26,0.0
2022-05-27,0.0
2022-05-31,4.440892098500626e-16
2022-06-01,0.3098040927092014
2022-06-02,0.5622919864520746
2022-06-03,0.7837924381924308
2022-06-06,0.921405659218751
2022-06-07,0.9763378682360357
2022-06-08,0.9910899935758979
2022-06-09,0.0
2022-06-10,0.0
2022-06-13,0.0
2022-06-14,0.0
2022-06-15,0.0
2022-06-16,0.0
2022-06-17,0.0
2022-06-21,0.0
2022-06-22,0.0
2022-06-23,0.0
2022-06-24,0.0
2022-06-27,-2.6645352591003757e-15
2022-06-28,-0.052486349410604705
2022-06-29,-0.1851897978616579
2022-06-30,-0.30938285340077076
2022-07-01,-0.3880689880789474
2022-07-05,-0.6563723819847547
2022-07-06,-0.7451257140566858
2022-07-07,-0.7013839718325392
2022-07-08,-0.6227763372599124
2022-07-11,-0.5242684397989934
2022-07-12,-0.46440598725544513
2022-07-13,-0.3588532981253909
2022-07-14,-0.3981707125036855
2022-07-15,-0.5827424309815763
2022-07-18,-0.7606171043230843
2022-07-19,-0.8688117554215631
2022-07-20,-0.9454470233303081
2022-07-21,-0.979266109230418
2022-07-22,-0.9931869972551872
2022-07-25,0.0
2022-07-26,0.0
2022-07-27,0.0
2022-07-28,0.0
2022-07-29,0.0
2022-08-01,0.0
2022-08-02,0.0
2022-08-03,0.0
2022-08-04,0.0
2022-08-05,0.0
2022-08-08,0.0
2022-08-09,-8.881784197001252e-16
2022-08-10,0.33004414145490557
2022-08-11,0.6227039239134322
2022-08-12,0.840554186580228
2022-08-15,0.941047620617468
2022-08-16,0.9811898131072598
2022-08-17,0.9936976783526037
2022-08-18,0.0
2022-08-19,0.0
2022-08-22,0.0
2022-08-23,0.0
2022-08-24,0.0
2022-08-25,0.0
2022-08-26,0.0
2022-08-29,0.0
2022-08-30,0.0
2022-08-31,0.0
2022-09-01,0.0
2022-09-02,1.3100631690576847e-14
2022-09-06,0.2723736966741295
2022-09-07,0.5978814657669924
2022-09-08,0.9567705646914522
2022-09-09,0.9996143471192995
2022-09-12,0.0
2022-09-13,0.0
2022-09-14,0.0
2022-09-15,0.0
2022-09-16,0.0
2022-09-19,0.0
2022-09-20,0.0
2022-09-21,0.0
2022-09-22,0.0
2022-09-23,0.0
2022-09-26,0.0
2022-09-27,0.0
2022-09-28,-0.14050217686322442
2022-09-29,-0.4566694776698985
2022-09-30,-0.6778473081460303
2022-10-03,-0.6426349204510378
2022-10-04,-0.3967848999696679
2022-10-05,-0.22164917746352408
2022-10-06,-0.21647733707370942
2022-10-07,-0.3698168587941899
2022-10-10,-0.47920772760254415
2022-10-11,-0.6794467492395575
2022-10-12,-0.8399934227419132
2022-10-13,-0.8967220322794229
2022-10-14,-0.9645169015285049
2022-10-17,-0.9700185348292985
2022-10-18,-0.9649784180065883
2022-10-19,-0.9665747368734598
2022-10-20,-0.9756462074769781
2022-10-21,-0.9661856768458632
2022-10-24,-0.9512446473511249
2022-10-25,-0.9238900686014238
2022-10-26,-0.8734728666133511
2022-10-27,-0.6433317595494479
2022-10-28,-0.2150122612624059
2022-10-31,0.3284972343946513
2022-11-01,0.7632540052649253
2022-11-02,0.9152159359646777
2022-11-03,0.9815645572354976
2022-11-04,0.9969938592921719
2022-11-07,0.0
2022-11-08,0.0
2022-11-09,0.0
2022-11-10,0.0
2022-11-11,0.0
2022-11-14,0.0
2022-11-15,0.0
2022-11-16,0.0
2022-11-17,0.0
2022-11-18,0.0
2022-11-21,0.0
2022-11-22,2.4424906541753444e-15
2022-11-23,0.3344670334137876
2022-11-25,0.6237614513930043
2022-11-28,0.7241927707136333
2022-11-29,0.7881945289091661
2022-11-30,0.8778704395910035
2022-12-01,0.9086064865616108
2022-12-02,0.8956379171855939
2022-12-05,0.8401984828308637
2022-12-06,0.7906083566009738
2022-12-07,0.7711667877602262
2022-12-08,0.7341049261664989
2022-12-09,0.6332110197670695
2022-12-12,0.5672844509095305
2022-12-13,0.49632947072948674
2022-12-14,0.42329450064525087
2022-12-15,0.29159493148259097
2022-12-16,0.07691421988840608
2022-12-19,-0.16025714697622107
2022-12-20,-0.3844684320394578
2022-12-21,-0.49097152355545615
2022-12-22,-0.6622112862744012
2022-12-23,-0.7715683216903777
2022-12-27,-0.8577965821474476
2022-12-28,-0.9257817090282483
2022-12-29,-0.9629402367494995
2022-12-30,-0.9840422970379707
2023-01-03,-0.9970548925262059
2023-01-04,0.0
2023-01-05,0.0
2023-01-06,0.0
2023-01-09,0.0
2023-01-10,0.0
2023-01-11,0.0
2023-01-12,0.0
2023-01-13,0.0
2023-01-17,0.0
2023-01-18,0.0
2023-01-19,0.0
2023-01-20,-1.1546319456101628e-14
2023-01-23,0.16740075494171913
2023-01-24,0.2769468251709444
2023-01-25,0.29192987057972
2023-01-26,0.646609445942711
2023-01-27,0.8893448613219623
2023-01-30,0.831312720458738
2023-01-31,0.9208798948676222
2023-02-01,0.9665423479704105
2023-02-02,0.9863152676235412
2023-02-03,0.9835370092560634
2023-02-06,0.9810499315688463
2023-02-07,0.9943531433156201
2023-02-08,0.0
2023-02-09,0.0
2023-02-10,0.0
2023-02-13,0.0
2023-02-14,0.0
2023-02-15,0.0
2023-02-16,0.0
2023-02-17,0.0
2023-02-21,0.0
2023-02-22,0.0
2023-02-23,0.0
2023-02-24,-4.218847493575595e-15
2023-02-27,-0.31755293330764944
2023-02-28,-0.7183267529702366
2023-03-01,-0.9185680776436245
2023-03-02,-0.973950384045412
2023-03-03,-0.986525242734271
2023-03-06,-0.9934251920529671
2023-03-07,0.0
2023-03-08,0.0
2023-03-09,0.0
2023-03-10,0.0
2023-03-13,0.0
2023-03-14,0.0
2023-03-15,0.0
2023-03-16,0.0
2023-03-17,0.0
2023-03-20,0.0
2023-03-21,0.0
2023-03-22,-1.199040866595169e-14
2023-03-23,-0.6664474282759576
2023-03-24,-0.9362704769190029
2023-03-27,-0.9761989410262684
2023-03-28,-0.9903803285712356
2023-03-29,0.0
2023-03-30,0.0
2023-03-31,0.0
2023-04-03,0.0
2023-04-04,0.0
2023-04-05,0.0
2023-04-06,0.0
2023-04-10,0.0
2023-04-11,0.0
2023-04-12,0.0
2023-04-13,0.0
2023-04-14,-1.9317880628477724e-14
2023-04-17,-0.5328931070814855
2023-04-18,-0.8939092464722953
2023-04-19,-0.981000062813101
2023-04-20,-0.984225490398499
2023-04-21,-0.9858318260379744
2023-04-24,-0.9750179316453702
2023-04-25,-0.9693734504753311
2023-04-26,-0.984926453614414
2023-04-27,-0.9840172710004786
2023-04-28,-0.9715981474416138
2023-05-01,-0.9633342293453073
2023-05-02,-0.9614197607025419
2023-05-03,-0.9668124931883992
2023-05-04,-0.8914409800190555
2023-05-05,-0.6056350870624527
2023-05-08,-0.26442505541540573
2023-05-09,0.1757042915878042
2023-05-10,0.6292201602976113
2023-05-11,0.8745962463298114
2023-05-12,0.980494922490101
2023-05-15,0.9987181149540547
2023-05-16,0.0
2023-05-17,0.0
2023-05-18,0.0
2023-05-19,0.0
2023-05-22,0.0
2023-05-23,0.0
2023-05-24,0.0
2023-05-25,0.0
2023-05-26,0.0
2023-05-30,0.0
2023-05-31,0.0
2023-06-01,-5.551115123125783e-15
2023-06-02,0.3902504104935236
2023-06-05,0.6731139699465394
2023-06-06,0.8984412175289724
2023-06-07,0.9828795474458474
2023-06-08,0.9987943719474115
2023-06-09,0.0
2023-06-12,0.0
2023-06-13,0.0
2023-06-14,0.0
2023-06-15,0.0
2023-06-16,0.0
2023-06-20,0.0
2023-06-21,0.0
2023-06-22,0.0
2023-06-23,0.0
2023-06-26,0.0
2023-06-27,-3.9968028886505635e-15
2023-06-28,-0.19746193189418348
2023-06-29,-0.3328097031941597
2023-06-30,-0.37689695955764435
2023-07-03,-0.4120989213638173
2023-07-05,-0.390115490034707
2023-07-06,-0.48041090119630336
2023-07-07,-0.5315472319083194
2023-07-10,-0.37881429261805555
2023-07-11,-0.1383065981386813
2023-07-12,0.27426563768449785
2023-07-13,0.5483368821576304
2023-07-14,0.7305218083849687
2023-07-17,0.8870983278088811
2023-07-18,0.9490152101619627
2023-07-19,0.9742543934724905
2023-07-20,0.9939840732502145
2023-07-21,0.0
2023-07-24,0.0
2023-07-25,0.0
2023-07-26,0.0
2023-07-27,0.0
2023-07-28,0.0
2023-07-31,0.0
2023-08-01,0.0
2023-08-02,0.0
2023-08-03,0.0
2023-08-04,0.0
2023-08-07,8.659739592076221e-15
2023-08-08,0.45578977627808737
2023-08-09,0.7677954028662854
2023-08-10,0.9272951861192698
2023-08-11,0.9856629260444156
2023-08-14,0.9980644488323556
2023-08-15,0.0
2023-08-16,0.0
2023-08-17,0.0
2023-08-18,0.0
2023-08-21,0.0
2023-08-22,0.0
2023-08-23,0.0
2023-08-24,0.0
2023-08-25,0.0
2023-08-28,0.0
2023-08-29,0.0
2023-08-30,-9.769962616701378e-15
2023-08-31,-0.3723452468093884
2023-09-01,-0.08683320125978966
2023-09-05,-0.05993544692790809
2023-09-06,0.08124359519744728
2023-09-07,0.5305683754668662
2023-09-08,0.8175154259112443
2023-09-11,0.973195276015095
2023-09-12,0.9935730483191156
2023-09-13,0.0
2023-09-14,0.0
2023-09-15,0.0
2023-09-18,0.0
2023-09-19,0.0
2023-09-20,0.0
2023-09-21,0.0
2023-09-22,0.0
2023-09-25,0.0
2023-09-26,0.0
2023-09-27,0.0
2023-09-28,0.0
2023-09-29,-0.241375504269294
2023-10-02,-0.8927048292391679
2023-10-03,-0.9947206418244616
2023-10-04,0.0
2023-10-05,0.0
2023-10-06,0.0
2023-10-09,0.0
2023-10-10,0.0
2023-10-11,0.0
2023-10-12,0.0
2023-10-13,0.0
2023-10-16,0.0
2023-10-17,0.0
2023-10-18,0.0
2023-10-19,3.774758283725532e-15
2023-10-20,-0.06336462780130248
2023-10-23,-0.12117843614825596
2023-10-24,-0.050603839705781084
2023-10-25,-0.10979087178390978
2023-10-26,-0.127967595279459
2023-10-27,-0.24476841510344327
2023-10-30,-0.2427466044317148
2023-10-31,-0.24625419235652268
2023-11-01,-0.15823816622308473
2023-11-02,0.03951726159569624
2023-11-03,0.22100680902121872
2023-11-06,0.6540564774694875
2023-11-07,0.8077305419499268
2023-11-08,0.9152939916049454
2023-11-09,0.964189655691319
2023-11-10,0.9883275322055438
2023-11-13,0.9965890423353669
2023-11-14,0.0
2023-11-15,0.0
2023-11-16,0.0
2023-11-17,0.0
2023-11-20,0.0
2023-11-21,0.0
2023-11-22,0.0
2023-11-24,0.0
2023-11-27,0.0
2023-11-28,0.0
2023-11-29,0.0
2023-11-30,5.773159728050814e-15
2023-12-01,-0.3665857915339621
2023-12-04,-0.7140374263226392
2023-12-05,-0.9124477802144686
2023-12-06,-0.9982439088019235
2023-12-07,0.0
2023-12-08,0.0
2023-12-11,0.0
2023-12-12,0.0
2023-12-13,0.0
2023-12-14,0.0
2023-12-15,0.0
2023-12-18,0.0
2023-12-19,0.0
2023-12-20,0.0
2023-12-21,0.0
2023-12-22,4.218847493575595e-15
2023-12-26,0.10085697841432273
2023-12-27,0.18286249119029607
2023-12-28,0.23791874930388524
2023-12-29,0.2752279257246919
2024-01-02,0.21237422273795548
2024-01-03,0.18785243362456927
2024-01-04,0.13597220642809105
2024-01-05,0.13685111732716426
2024-01-08,0.18160428399947404
2024-01-09,0.1949888934211521
2024-01-10,0.1741894721240158
2024-01-11,-0.0005282182865333773
2024-01-12,-0.16819608255900032
2024-01-16,-0.37307535540952164
2024-01-17,-0.5423307770337562
2024-01-18,-0.693022297281741
2024-01-19,-0.7318786656647776
2024-01-22,-0.6954528670625864
2024-01-23,-0.6116043706140664
2024-01-24,-0.6197349545124726
2024-01-25,-0.46193019241723565
2024-01-26,-0.2524353236705177
2024-01-29,-0.04055733704370712
2024-01-30,0.204876157537506
2024-01-31,0.43005772403106857
2024-02-01,0.7562002520742237
2024-02-02,0.9365404586968673
2024-02-05,0.9832143274748666
2024-02-06,0.998167365119244
2024-02-07,0.0
2024-02-08,0.0
2024-02-09,0.0
2024-02-12,0.0
2024-02-13,0.0
2024-02-14,0.0
2024-02-15,0.0
2024-02-16,0.0
2024-02-20,0.0
2024-02-21,0.0
2024-02-22,0.0
2024-02-23,-1.3988810110276972e-14
2024-02-26,0.2363569774849239
2024-02-27,0.9998043868164179
2024-02-28,0.0
2024-02-29,0.0
2024-03-01,0.0
2024-03-04,0.0
2024-03-05,0.0
2024-03-06,0.0
2024-03-07,0.0
2024-03-08,0.0
2024-03-11,0.0
2024-03-12,0.0
2024-03-13,0.0
2024-03-14,0.0
2024-03-15,-0.2642344176896123
2024-03-18,-0.36312163543213627
2024-03-19,-0.3201872995722008
2024-03-20,-0.15214390737258876
2024-03-21,-0.049103779851012774
2024-03-22,0.2019458499152449
2024-03-25,0.6690418381417382
2024-03-26,0.883415379928828
2024-03-27,0.965601426776296
2024-03-28,0.9915988825137323
2024-04-01,0.0
2024-04-02,0.0
2024-04-03,0.0
2024-04-04,0.0
2024-04-05,0.0
2024-04-08,0.0
2024-04-09,0.0
2024-04-10,0.0
2024-04-11,0.0
2024-04-12,0.0
2024-04-15,0.0
2024-04-16,-1.021405182655144e-14
2024-04-17,-0.24175698222569064
2024-04-18,-0.5279387626446843
2024-04-19,-0.8187182482857311
2024-04-22,-0.9178905298507454
2024-04-23,-0.9188943912220993
2024-04-24,-0.942817822760494
2024-04-25,-0.9454648120873201
2024-04-26,-0.9449919537649969
2024-04-29,-0.9426182140556305
2024-04-30,-0.9604164513506319
2024-05-01,-0.9784283011352024
2024-05-02,-0.9847862974012696
2024-05-03,-0.9567422608858722
2024-05-06,-0.8561119823558603
2024-05-07,-0.5497240496366371
2024-05-08,0.2780415559597367
2024-05-09,0.9395133427165387
2024-05-10,0.9990081417967303
2024-05-13,0.0
2024-05-14,0.0
2024-05-15,0.0
2024-05-16,0.0
2024-05-17,0.0
2024-05-20,0.0
2024-05-21,0.0
2024-05-22,0.0
2024-05-23,0.0
2024-05-24,0.0
2024-05-28,0.0
2024-05-29,-4.440892098500626e-15
2024-05-30,0.17738677177778905
2024-05-31,0.06760299745637788
2024-06-03,-0.33712651842765484
2024-06-04,-0.7454042483163923
2024-06-05,-0.8783766253161791
2024-06-06,-0.9723323120972518
2024-06-07,-0.9973006231557686
2024-06-10,0.0
2024-06-11,0.0
2024-06-12,0.0
2024-06-13,0.0
2024-06-14,0.0
2024-06-17,0.0
2024-06-18,0.0
2024-06-20,0.0
2024-06-21,0.0
2024-06-24,0.0
2024-06-25,0.0
2024-06-26,8.659739592076221e-15
2024-06-27,-0.635984716058144
2024-06-28,-0.9610430844395439
2024-07-01,-0.9952194835205743
2024-07-02,0.0
2024-07-03,0.0
2024-07-05,0.0
2024-07-08,0.0
2024-07-09,0.0
2024-07-10,0.0
2024-07-11,0.0
2024-07-12,0.0
2024-07-15,0.0
2024-07-16,0.0
2024-07-17,0.0
2024-07-18,-4.884981308350689e-15
2024-07-19,-0.37304675113986274
2024-07-22,-0.6369913546088974
2024-07-23,-0.8124865597091699
2024-07-24,-0.9581766849309599
2024-07-25,-0.9950895095786676
2024-07-26,0.0
2024-07-29,0.0
2024-07-30,0.0
2024-07-31,0.0
2024-08-01,0.0
2024-08-02,0.0
2024-08-05,0.0
2024-08-06,0.0
2024-08-07,0.0
2024-08-08,0.0
2024-08-09,0.0
2024-08-12,8.881784197001252e-16
2024-08-13,0.28327154446415914
2024-08-14,0.4479583225158945
2024-08-15,0.6541595532435887
2024-08-16,0.7912143707252144
2024-08-19,0.8979027621525641
2024-08-20,0.9469015518909796
2024-08-21,0.9828969827213501
2024-08-22,0.9943131790453752
2024-08-23,0.0
2024-08-26,0.0
2024-08-27,0.0
2024-08-28,0.0
2024-08-29,0.0
2024-08-30,0.0
2024-09-03,0.0
2024-09-04,0.0
2024-09-05,0.0
2024-09-06,0.0
2024-09-09,0.0
2024-09-10,-2.6645352591003757e-15
2024-09-11,0.030713331298723112
2024-09-12,0.11676799467395238
2024-09-13,0.3155697938058686
2024-09-16,0.5361926788897837
2024-09-17,0.7235763783062166
2024-09-18,0.8394519423112032
2024-09-19,0.9415432620441686
2024-09-20,0.9993549254435561
2024-09-23,0.0
2024-09-24,0.0
2024-09-25,0.0
2024-09-26,0.0
2024-09-27,0.0
2024-09-30,0.0
2024-10-01,0.0
2024-10-02,0.0
2024-10-03,0.0
2024-10-04,0.0
2024-10-07,0.0
2024-10-08,-5.551115123125783e-15
2024-10-09,-0.08788197552135979
2024-10-10,-0.16786593788256798
2024-10-11,-0.16915291615231998
2024-10-14,-0.0701238921422187
2024-10-15,-0.07587829047223926
2024-10-16,0.15448680384146196
2024-10-17,0.22608876589856353
2024-10-18,0.2764083436454281
2024-10-21,0.3749810812294312
2024-10-22,0.35870215128621497
2024-10-23,0.3438499579884997
2024-10-24,0.30823664621424296
2024-10-25,0.27230289028762256
2024-10-28,0.27251687510936584
2024-10-29,0.24625095617595294
2024-10-30,0.17733673101407232
2024-10-31,0.12553035869441853
2024-11-01,0.009755950048372819
2024-11-04,-0.4918881144749425
2024-11-05,-0.7648792745098958
2024-11-06,-0.9064473680073308
2024-11-07,-0.9594299666726269
2024-11-08,-0.985441095641177
2024-11-11,-0.9957649914185793
2024-11-12,0.0
2024-11-13,0.0
2024-11-14,0.0
2024-11-15,0.0
2024-11-18,0.0
2024-11-19,0.0
2024-11-20,0.0
2024-11-21,0.0
2024-11-22,0.0
2024-11-25,0.0
2024-11-26,0.0
2024-11-27,2.4424906541753444e-15
2024-11-29,0.26351348805811803
2024-12-02,0.3939087341087306
2024-12-03,0.48107797760276894
2024-12-04,0.6242891134682358
2024-12-05,0.7480096414905877
2024-12-06,0.8229970949234606
2024-12-09,0.8129390987106628
2024-12-10,0.7585859709158822
2024-12-11,0.7276834711006215
2024-12-12,0.7130412911408679
2024-12-13,0.6991609329112243
2024-12-16,0.6872948577179776
2024-12-17,0.6392084394856643
2024-12-18,0.5184473450664564
2024-12-19,0.3785907147407013
2024-12-20,0.24845860629300143
2024-12-23,0.1289677282946382
2024-12-24,0.026327227279676624
2024-12-26,-0.08505536823692261
2024-12-27,-0.21179375636460418
2024-12-30,-0.33155921479766204
2024-12-31,-0.46154467423672374
2025-01-02,-0.4308412837295541
2025-01-03,-0.31709113434103764
2025-01-06,-0.0900258494631121
2025-01-07,0.059391084836315056
2025-01-08,0.09769109145701482
2025-01-10,0.6106132000736042
2025-01-13,0.8036259247500244
2025-01-14,0.9310599159222512
2025-01-15,0.9862140115349267
2025-01-16,0.9988364864566075
2025-01-17,0.0
2025-01-21,0.0
2025-01-22,0.0
2025-01-23,0.0
2025-01-24,0.0
2025-01-27,0.0
2025-01-28,0.0
2025-01-29,0.0
2025-01-30,0.0
2025-01-31,0.0
2025-02-03,0.0
2025-02-04,2.220446049250313e-15
2025-02-05,0.025841410187783076
2025-02-06,0.03140143358562675
2025-02-07,0.019023422108806143
2025-02-10,0.10921214154520054
2025-02-11,0.12629749170279325
2025-02-12,0.1441877163898293
2025-02-13,0.14350307736636791
2025-02-14,0.18606878585790243
2025-02-18,0.2844091500184205
2025-02-19,0.348653630617189
2025-02-20,0.3307832307971217
2025-02-21,0.14837097179627667
2025-02-24,-0.1470926583638068
2025-02-25,-0.4325093047172599
2025-02-26,-0.6297575594659088
2025-02-27,-0.8301486125705129
2025-02-28,-0.9322534809449219
2025-03-03,-0.9839386747114005
2025-03-04,-0.9970686294216617
2025-03-05,0.0
2025-03-06,0.0
2025-03-07,0.0
2025-03-10,0.0
2025-03-11,0.0
2025-03-12,0.0
2025-03-13,0.0
2025-03-14,0.0
2025-03-17,0.0
2025-03-18,0.0
2025-03-19,0.0
2025-03-20,8.881784197001252e-16
2025-03-21,0.2630082439318482
2025-03-24,0.622093911741298
2025-03-25,0.8153259007614158
2025-03-26,0.8355442695245405
2025-03-27,0.7628408904586297
2025-03-28,0.6094135483468763
2025-03-31,0.3327061875198889
2025-04-01,0.15315888735433014
2025-04-02,0.16057107209893662
2025-04-03,-0.4012385342508209
2025-04-04,-0.9277232008745302
2025-04-07,-0.9941788459718046
2025-04-08,0.0
2025-04-09,0.0
2025-04-10,0.0
2025-04-11,0.0
2025-04-14,0.0
2025-04-15,0.0
2025-04-16,0.0
2025-04-17,0.0
2025-04-21,0.0
2025-04-22,0.0
2025-04-23,0.0
2025-04-24,-4.440892098500626e-15
2025-04-25,0.41693719707447396
2025-04-28,0.7337866083225313
2025-04-29,0.9077487782898488
2025-04-30,0.9674320261932505
2025-05-01,0.9975127595197195
2025-05-02,0.0
2025-05-05,0.0
2025-05-06,0.0
2025-05-07,0.0
2025-05-08,0.0
2025-05-09,0.0
2025-05-12,0.0
2025-05-13,0.0
2025-05-14,0.0
2025-05-15,0.0
2025-05-16,0.0
2025-05-19,-5.329070518200751e-15
2025-05-20,0.2252780067995288
2025-05-21,0.3569461672327172
2025-05-22,0.5155662253278972
2025-05-23,0.6895651539787833
2025-05-27,0.8627849353734656
2025-05-28,0.9448372331617314
2025-05-29,0.9761852677015361
2025-05-30,0.9913434358861575
2025-06-02,0.0
2025-06-03,0.0
2025-06-04,0.0
2025-06-05,0.0
2025-06-06,0.0
2025-06-09,0.0
2025-06-10,0.0
2025-06-11,0.0
2025-06-12,0.0
2025-06-13,0.0
2025-06-16,0.0
2025-06-17,4.884981308350689e-15
2025-06-18,0.15801947621788415
2025-06-20,0.2612404068040626
2025-06-23,0.572049354369248
2025-06-24,0.8367879969279475
2025-06-25,0.9269562198590848
2025-06-26,0.9830516888363774
2025-06-27,0.9960885945428837
2025-06-30,0.0
2025-07-01,0.0
2025-07-02,0.0
2025-07-03,0.0
2025-07-07,0.0
2025-07-08,0.0
2025-07-09,0.0
2025-07-10,0.0
2025-07-11,0.0
2025-07-14,0.0
2025-07-15,0.0
2025-07-16,-1.0436096431476471e-14
2025-07-17,-0.2548118136224655
2025-07-18,-0.04398949860792856
2025-07-21,0.03950837138592633
2025-07-22,0.1144376111660208
2025-07-23,0.3561710802837146
2025-07-24,0.5074798502973654
2025-07-25,0.7318884700577346
2025-07-28,0.8799596755693881
2025-07-29,0.9592371228204364
2025-07-30,0.9974666566836479
2025-07-31,0.0
2025-08-01,0.0
2025-08-04,0.0
2025-08-05,0.0
2025-08-06,0.0
2025-08-07,0.0
2025-08-08,0.0
2025-08-11,0.0
2025-08-12,0.0
2025-08-13,0.0
2025-08-14,0.0
2025-08-15,-2.886579864025407e-15
2025-08-18,-0.31948888618859006
2025-08-19,-0.6592080064604859
2025-08-20,-0.8767395384854555
2025-08-21,-0.967558198692102
2025-08-22,-0.9942888463873645
2025-08-25,0.0
2025-08-26,0.0
2025-08-27,0.0
2025-08-28,0.0
2025-08-29,0.0
2025-09-02,0.0
2025-09-03,0.0
2025-09-04,0.0
2025-09-05,0.0
2025-09-08,0.0
2025-09-09,0.0
2025-09-10,-5.551115123125783e-15
2025-09-11,0.25133272438365184
2025-09-12,0.5888681565786698
2025-09-15,0.876414710998803
2025-09-16,0.9489581700266725
2025-09-17,0.9776233884368386
2025-09-18,0.9918742082490313
2025-09-19,0.0
2025-09-22,0.0
2025-09-23,0.0
2025-09-24,0.0
2025-09-25,0.0
2025-09-26,0.0
2025-09-29,0.0
2025-09-30,0.0
2025-10-01,0.0
2025-10-02,0.0
2025-10-03,0.0
2025-10-06,3.9968028886505635e-15
2025-10-07,0.26243162850419677
2025-10-08,0.6353858125935197
2025-10-09,0.9070065430536642
2025-10-10,0.9663966103325268
2025-10-13,0.9944588576385662
2025-10-14,0.0
2025-10-15,0.0
2025-10-16,0.0
2025-10-17,0.0
2025-10-20,0.0
2025-10-21,0.0
2025-10-22,0.0
2025-10-23,0.0
2025-10-24,0.0
2025-10-27,0.0
2025-10-28,0.0
2025-10-29,-1.5543122344752192e-15
2025-10-30,0.00198287018939336
2025-10-31,-0.06403163017615077
2025-11-03,-0.11677831535491667
2025-11-04,-0.32964447351029524
2025-11-05,-0.5046754558842825
2025-11-06,-0.7232744204932762
2025-11-07,-0.8317553730294409
2025-11-10,-0.8949944805635406
2025-11-11,-0.9512551738896209
2025-11-12,-0.9771702368169595
2025-11-13,-0.9947428759303503
2025-11-14,0.0
2025-11-17,0.0
2025-11-18,0.0
2025-11-19,0.0
2025-11-20,0.0
2025-11-21,0.0
2025-11-24,0.0
2025-11-25,0.0
2025-11-26,0.0
2025-11-28,0.0
2025-12-01,0.0
2025-12-02,2.4424906541753444e-15
2025-12-03,0.22211196733571237
2025-12-04,0.5373941487228096
2025-12-05,0.6508089906925609
2025-12-08,0.7169845148438823
2025-12-09,0.7844713542315964
2025-12-10,0.8562202141907773
2025-12-11,0.958882148719824
2025-12-12,0.9562642799404593
2025-12-15,0.9645060126055531
2025-12-16,0.9817987625025315
2025-12-17,0.9652259201325373
2025-12-18,0.9767906987855628
2025-12-19,0.979318476596619
2025-12-22,0.9837208075891772
2025-12-23,0.9893725787227539
2025-12-24,0.9940446319502869
2025-12-26,0.0
2025-12-29,0.0
2025-12-30,0.0
2025-12-31,0.0
2026-01-02,0.0
2026-01-05,0.0
2026-01-06,0.0
2026-01-07,0.0
2026-01-08,0.0
2026-01-09,0.0
2026-01-12,0.0
2026-01-13,-5.995204332975845e-15
2026-01-14,-0.29119238720539764
2026-01-15,-0.3835296093607923
2026-01-16,-0.7975522993869926
2026-01-20,-0.9744316219111924
2026-01-21,-0.9983878914322102
2026-01-22,0.0
2026-01-23,0.0
2026-01-26,0.0
2026-01-27,0.0
2026-01-28,0.0
2026-01-29,0.0
2026-01-30,0.0
2026-02-02,0.0
2026-02-03,0.0
2026-02-04,0.0
2026-02-05,0.0
2026-02-06,-1.3322676295501878e-15
2026-02-09,-0.046516652295957694
2026-02-10,-0.10335033601938148
2026-02-11,-0.08064151527830354
2026-02-12,-0.06882148486959738
2026-02-13,0.09614656500052776
2026-02-17,0.4098770722180807
2026-02-18,0.5770201767961993
2026-02-19,0.6905317824452042
2026-02-20,0.7946501695181722
2026-02-23,0.8641128464253223
2026-02-24,0.9501393598030075
2026-02-25,0.9903001565644383
2026-02-26,0.0
2026-02-27,0.0
2026-03-02,0.0
2026-03-03,0.0
2026-03-04,0.0
2026-03-05,0.0
2026-03-06,0.0
2026-03-09,0.0
2026-03-10,0.0
2026-03-11,0.0
2026-03-12,0.0
2026-03-13,0.0
2026-03-16,-0.2523613802793534
2026-03-17,-0.430621985277684
2026-03-18,-0.43585477456287647
2026-03-19,-0.45252418501047975
2026-03-20,-0.8335618330852126
2026-03-23,-0.9495702026539083
2026-03-24,-0.983310426556508
2026-03-25,-0.9916628187182492
2026-03-26,0.0
2026-03-27,0.0
2026-03-30,0.0
2026-03-31,0.0
2026-04-01,0.0
2026-04-02,0.0
2026-04-06,0.0
2026-04-07,0.0
2026-04-08,0.0
2026-04-09,0.0
2026-04-10,0.0
2026-04-13,-5.329070518200751e-15
2026-04-14,0.25794383538383925
2026-04-15,0.44073773244104375
2026-04-16,0.6507493259140644
2026-04-17,0.7671183188576669
2026-04-20,0.7794544116886297
2026-04-21,0.693858788397768
2026-04-22,0.7067055762504175
2026-04-23,0.771243857919945
2026-04-24,0.9287289225309856
2026-04-27,0.9841369806446569
2026-04-28,0.9948378765730814
2026-04-29,0.0
2026-04-30,0.0
2026-05-01,0.0
2026-05-04,0.0
2026-05-05,0.0
2026-05-06,0.0
2026-05-07,0.0
2026-05-08,0.0
2026-05-11,0.0
2026-05-12,0.0
2026-05-13,0.0
2026-05-14,0.0
2026-05-15,-0.4581882296129711
2026-05-18,-0.7928369460019042
2026-05-19,-0.9413057614373379
2026-05-20,-0.9695176041569924
2026-05-21,-0.9814387764126624
2026-05-22,-0.9843122828590611
2026-05-26,-0.9822320000834759
2026-05-27,-0.9877994010077562
2026-05-28,-0.992390580563004
2026-05-29,0.0
2026-06-01,0.0
2026-06-02,0.0
2026-06-03,0.0
2026-06-04,0.0
2026-06-05,0.0
2026-06-08,0.0
2026-06-09,0.0
2026-06-10,0.0
2026-06-11,0.0
2026-06-12,0.0
2026-06-15,1.5543122344752192e-15
2026-06-16,0.13919437348661834
2026-06-17,0.2513148213503187
2026-06-18,0.4492682797483978
2026-06-22,0.6237660012338291
2026-06-23,0.7086586273049926
2026-06-24,0.7595696916842174
2026-06-25,0.8064611746630703
2026-06-26,0.8191530246626397
2026-06-29,0.804287288466963
2026-06-30,0.7142409058850199
2026-07-01,0.4879678049056233
2026-07-02,0.2405259364311001
2026-07-06,0.060517620363611524
2026-07-07,-0.1903979498720556
2026-07-08,-0.3635137165090079
2026-07-09,-0.45344946653142926
2026-07-10,-0.5281425504316895
2026-07-13,-0.5423627327294884
2026-07-14,-0.5655976247067551
2026-07-15,-0.5739635776069862
2026-07-16,-0.6305618527721242
2026-07-17,-0.6767548430422996
2026-07-20,-0.7112330214780442
2026-07-21,-0.6908043384079443
2026-07-22,-0.5816596208936651
2026-07-23,-0.45041799152198037
2026-07-24,-0.3173886471397753
2026-07-27,-0.2195643214064309
