2012-07-20,0.0
2012-07-23,0.0
2012-07-24,0.0
2012-07-25,0.0
2012-07-26,0.0
2012-07-27,0.0
2012-07-30,0.0
2012-07-31,0.0
2012-08-01,0.0
2012-08-02,0.0
2012-08-03,0.0
2012-08-06,-2.220446049250313e-15
2012-08-07,0.10061270132505418
2012-08-08,0.5293217258300618
2012-08-09,0.8134400204030716
2012-08-10,0.9401500744393072
2012-08-13,0.9894624319903871
2012-08-14,0.9962574624875007
2012-08-15,0.0
2012-08-16,0.0
2012-08-17,0.0
2012-08-20,0.0
2012-08-21,0.0
2012-08-22,0.0
2012-08-23,0.0
2012-08-24,0.0
2012-08-27,0.0
2012-08-28,0.0
2012-08-29,0.0
2012-08-30,5.551115123125783e-15
2012-08-31,-0.02277686215776975
2012-09-04,0.7305951879420436
2012-09-05,0.9660108780151377
2012-09-06,0.9991468639278815
2012-09-07,0.0
2012-09-10,0.0
2012-09-11,0.0
2012-09-12,0.0
2012-09-13,0.0
2012-09-14,0.0
2012-09-17,0.0
2012-09-18,0.0
2012-09-19,0.0
2012-09-20,0.0
2012-09-21,0.0
2012-09-24,-1.1102230246251565e-15
2012-09-25,-0.27830957006539037
2012-09-26,-0.5687187532708049
2012-09-27,-0.6811986296003112
2012-09-28,-0.8793518263792124
2012-10-01,-0.9700810918212661
2012-10-02,-0.9912530889667719
2012-10-03,0.0
2012-10-04,0.0
2012-10-05,0.0
2012-10-08,0.0
2012-10-09,0.0
2012-10-10,0.0
2012-10-11,0.0
2012-10-12,0.0
2012-10-15,0.0
2012-10-16,0.0
2012-10-17,0.0
2012-10-18,2.4424906541753444e-15
2012-10-19,-0.3692482952425342
2012-10-22,-0.6471423847453219
2012-10-23,-0.832459505381699
2012-10-24,-0.9287047187441619
2012-10-25,-0.9840793450427572
2012-10-26,-0.9985916299034427
2012-10-31,0.0
2012-11-01,0.0
2012-11-02,0.0
2012-11-05,0.0
2012-11-06,0.0
2012-11-07,0.0
2012-11-08,0.0
2012-11-09,0.0
2012-11-12,0.0
2012-11-13,0.0
2012-11-14,0.0
2012-11-15,1.5543122344752192e-15
2012-11-16,-0.05613091448511942
2012-11-19,0.23760289578736793
2012-11-20,0.31520293403636446
2012-11-21,0.4882876426076628
2012-11-23,0.624437288022337
2012-11-26,0.7577611082017497
2012-11-27,0.8557285681399307
2012-11-28,0.8771534568385764
2012-11-29,0.9265237428906441
2012-11-30,0.9346289395108314
2012-12-03,0.8794334162072868
2012-12-04,0.870576878503746
2012-12-05,0.8058475691392424
2012-12-06,0.6808954486115859
2012-12-07,0.5205052147087976
2012-12-10,0.1186484919706925
2012-12-11,-0.2969882555394967
2012-12-12,-0.6073739826154396
2012-12-13,-0.8210846722096852
2012-12-14,-0.9165518524920846
2012-12-17,-0.9628129709627886
2012-12-18,-0.9741023501448345
2012-12-19,-0.9814788578391989
2012-12-20,-0.9879230703226296
2012-12-21,-0.9826790698405161
2012-12-24,-0.9750448713019808
2012-12-26,-0.9755517726055927
2012-12-27,-0.9784111687719497
2012-12-28,-0.982041769242022
2012-12-31,-0.9813557001442554
2013-01-02,-0.9891249962579463
2013-01-03,-0.9963273573752918
2013-01-04,0.0
2013-01-07,0.0
2013-01-08,0.0
2013-01-09,0.0
2013-01-10,0.0
2013-01-11,0.0
2013-01-14,0.0
2013-01-15,0.0
2013-01-16,0.0
2013-01-17,0.0
2013-01-18,0.0
2013-01-22,-2.4424906541753444e-15
2013-01-23,0.283880618045695
2013-01-24,0.5231327239480028
2013-01-25,0.726538740327441
2013-01-28,0.870040417053441
2013-01-29,0.937135277220752
2013-01-30,0.9505478023669831
2013-01-31,0.9701812409193431
2013-02-01,0.978637841472261
2013-02-04,0.981220903429856
2013-02-05,0.9849356483760365
2013-02-06,0.9886123700180207
2013-02-07,0.9914258036891512
2013-02-08,0.0
2013-02-11,0.0
2013-02-12,0.0
2013-02-13,0.0
2013-02-14,0.0
2013-02-15,0.0
2013-02-19,0.0
2013-02-20,0.0
2013-02-21,0.0
2013-02-22,0.0
2013-02-25,0.0
2013-02-26,-1.2212453270876722e-14
2013-02-27,0.44884518406041374
2013-02-28,0.95523778329143
2013-03-01,0.9921025930408798
2013-03-04,0.0
2013-03-05,0.0
2013-03-06,0.0
2013-03-07,0.0
2013-03-08,0.0
2013-03-11,0.0
2013-03-12,0.0
2013-03-13,0.0
2013-03-14,0.0
2013-03-15,0.0
2013-03-18,0.0
2013-03-19,-3.9968028886505635e-14
2013-03-20,-0.21130667045787477
2013-03-21,-0.5576731769924539
2013-03-22,-0.9703123351565839
2013-03-25,-0.9994900852956534
2013-03-26,0.0
2013-03-27,0.0
2013-03-28,0.0
2013-04-01,0.0
2013-04-02,0.0
2013-04-03,0.0
2013-04-04,0.0
2013-04-05,0.0
2013-04-08,0.0
2013-04-09,0.0
2013-04-10,0.0
2013-04-11,-9.992007221626409e-15
2013-04-12,-0.16036691776871104
2013-04-15,-0.48601094499704556
2013-04-16,-0.6448358976657991
2013-04-17,-0.8008926635953411
2013-04-18,-0.9100791748863228
2013-04-19,-0.9730667093299106
2013-04-22,-0.9906223721089376
2013-04-23,0.0
2013-04-24,0.0
2013-04-25,0.0
2013-04-26,0.0
2013-04-29,0.0
2013-04-30,0.0
2013-05-01,0.0
2013-05-02,0.0
2013-05-03,0.0
2013-05-06,0.0
2013-05-07,0.0
2013-05-08,7.105427357601002e-15
2013-05-09,-0.5202659474712856
2013-05-10,-0.8255752660482387
2013-05-13,-0.9373974712232651
2013-05-14,-0.9514032217811188
2013-05-15,-0.9557338096044927
2013-05-16,-0.9278110306660772
2013-05-17,-0.7711257397006968
2013-05-20,-0.6799496718440754
2013-05-21,-0.7103377375739952
2013-05-22,-0.7646398595545376
2013-05-23,-0.8147237063796455
2013-05-24,-0.8435163027505985
2013-05-28,-0.8066314237257757
2013-05-29,-0.705545216787349
2013-05-30,-0.6092602016102924
2013-05-31,-0.8636156577217002
2013-06-03,-0.9863130084070764
2013-06-04,-0.9997337709879459
2013-06-05,0.0
2013-06-06,0.0
2013-06-07,0.0
2013-06-10,0.0
2013-06-11,0.0
2013-06-12,0.0
2013-06-13,0.0
2013-06-14,0.0
2013-06-17,0.0
2013-06-18,0.0
2013-06-19,0.0
2013-06-20,6.661338147750939e-16
2013-06-21,-0.36912479607102133
2013-06-24,-0.7453739324835418
2013-06-25,-0.8600585818654871
2013-06-26,-0.9153687208730561
2013-06-27,-0.9032505137940947
2013-06-28,-0.9402088767013694
2013-07-01,-0.9630128432123861
2013-07-02,-0.9839821693774273
2013-07-03,-0.9880097372343972
2013-07-05,-0.9926930349149246
2013-07-08,0.0
2013-07-09,0.0
2013-07-10,0.0
2013-07-11,0.0
2013-07-12,0.0
2013-07-15,0.0
2013-07-16,0.0
2013-07-17,0.0
2013-07-18,0.0
2013-07-19,0.0
2013-07-22,0.0
2013-07-23,1.9984014443252818e-15
2013-07-24,0.17177029172784497
2013-07-25,0.4309990133812629
2013-07-26,0.5964444407069416
2013-07-29,0.6950107829365726
2013-07-30,0.7732741320463166
2013-07-31,0.8383728757913946
2013-08-01,0.8910190543488317
2013-08-02,0.9298604823581584
2013-08-05,0.9623382275440602
2013-08-06,0.9771102447393034
2013-08-07,0.9809952208140182
2013-08-08,0.9889367373950455
2013-08-09,0.9930277592806349
2013-08-12,0.0
2013-08-13,0.0
2013-08-14,0.0
2013-08-15,0.0
2013-08-16,0.0
2013-08-19,0.0
2013-08-20,0.0
2013-08-21,0.0
2013-08-22,0.0
2013-08-23,0.0
2013-08-26,0.0
2013-08-27,1.2434497875801753e-14
2013-08-28,-0.2516941513118971
2013-08-29,-0.3646048802437991
2013-08-30,-0.39932577841078265
2013-09-03,-0.7034933427053991
2013-09-04,-0.9082260758447291
2013-09-05,-0.9852287672609616
2013-09-06,-0.9992156832206185
2013-09-09,0.0
2013-09-10,0.0
2013-09-11,0.0
2013-09-12,0.0
2013-09-13,0.0
2013-09-16,0.0
2013-09-17,0.0
2013-09-18,0.0
2013-09-19,0.0
2013-09-20,0.0
2013-09-23,0.0
2013-09-24,0.0
2013-09-25,-0.3775270873980061
2013-09-26,-0.5913538498609405
2013-09-27,-0.7525950390012106
2013-09-30,-0.9167590737874425
2013-10-01,-0.9888722182950038
2013-10-02,-0.9949598668170636
2013-10-03,0.0
2013-10-04,0.0
2013-10-07,0.0
2013-10-08,0.0
2013-10-09,0.0
2013-10-10,0.0
2013-10-11,0.0
2013-10-14,0.0
2013-10-15,0.0
2013-10-16,0.0
2013-10-17,0.0
2013-10-18,1.5543122344752192e-15
2013-10-21,-0.18494951131968151
2013-10-22,-0.41286278333093196
2013-10-23,-0.5449042835898321
2013-10-24,-0.5892544059887892
2013-10-25,-0.6908454018223438
2013-10-28,-0.8260205043693845
2013-10-29,-0.8854673268759501
2013-10-30,-0.9351717793913432
2013-10-31,-0.9734626433894358
2013-11-01,-0.9907630413055326
2013-11-04,0.0
2013-11-05,0.0
2013-11-06,0.0
2013-11-07,0.0
2013-11-08,0.0
2013-11-11,0.0
2013-11-12,0.0
2013-11-13,0.0
2013-11-14,0.0
2013-11-15,0.0
2013-11-18,0.0
2013-11-19,0.0
2013-11-20,0.23060340094155518
2013-11-21,0.5371919649686978
2013-11-22,0.7744263045272981
2013-11-25,0.9272874201892751
2013-11-26,0.9962398821490845
2013-11-27,0.0
2013-11-29,0.0
2013-12-02,0.0
2013-12-03,0.0
2013-12-04,0.0
2013-12-05,0.0
2013-12-06,0.0
2013-12-09,0.0
2013-12-10,0.0
2013-12-11,0.0
2013-12-12,0.0
2013-12-13,6.439293542825908e-15
2013-12-16,0.5124220065748342
2013-12-17,0.8752691673229909
2013-12-18,0.9862754022068227
2013-12-19,0.9994845747630696
2013-12-20,0.0
2013-12-23,0.0
2013-12-24,0.0
2013-12-26,0.0
2013-12-27,0.0
2013-12-30,0.0
2013-12-31,0.0
2014-01-02,0.0
2014-01-03,0.0
2014-01-06,0.0
2014-01-07,0.0
2014-01-08,9.103828801926284e-15
2014-01-09,0.4797097561638004
2014-01-10,0.7853888898607777
2014-01-13,0.866338346234502
2014-01-14,0.9574420261178278
2014-01-15,0.9966328346499003
2014-01-16,0.0
2014-01-17,0.0
2014-01-21,0.0
2014-01-22,0.0
2014-01-23,0.0
2014-01-24,0.0
2014-01-27,0.0
2014-01-28,0.0
2014-01-29,0.0
2014-01-30,0.0
2014-01-31,0.0
2014-02-03,7.327471962526033e-15
2014-02-04,-0.10995468950693921
2014-02-05,-0.23936725628071498
2014-02-06,0.4616460737361474
2014-02-07,0.8066574770930166
2014-02-10,0.974572475842626
2014-02-11,0.9989473874997363
2014-02-12,0.0
2014-02-13,0.0
2014-02-14,0.0
2014-02-18,0.0
2014-02-19,0.0
2014-02-20,0.0
2014-02-21,0.0
2014-02-24,0.0
2014-02-25,0.0
2014-02-26,0.0
2014-02-27,0.0
2014-02-28,3.3306690738754696e-15
2014-03-03,-0.5086163700141408
2014-03-04,-0.6706151240007534
2014-03-05,-0.8358554843359149
2014-03-06,-0.9242702725169094
2014-03-07,-0.7981531758413829
2014-03-10,-0.5045221128013373
2014-03-11,-0.18708355647619568
2014-03-12,0.20831190926771326
2014-03-13,0.4453636246405803
2014-03-14,0.6513792707818791
2014-03-17,0.8487476806842433
2014-03-18,0.9582968459775809
2014-03-19,0.9878075510037043
2014-03-20,0.9967849127765256
2014-03-21,0.0
2014-03-24,0.0
2014-03-25,0.0
2014-03-26,0.0
2014-03-27,0.0
2014-03-28,0.0
2014-03-31,0.0
2014-04-01,0.0
2014-04-02,0.0
2014-04-03,0.0
2014-04-04,0.0
2014-04-07,-1.1102230246251565e-15
2014-04-08,-0.2787827738696911
2014-04-09,-0.3214401497473076
2014-04-10,-0.5253483871412326
2014-04-11,-0.6675790526041583
2014-04-14,-0.737884827585926
2014-04-15,-0.7457581788385523
2014-04-16,-0.7215600978326715
2014-04-17,-0.6947602616530231
2014-04-21,-0.7045112204645563
2014-04-22,-0.6500251306314806
2014-04-23,-0.6460129245439601
2014-04-24,-0.6662907325463063
2014-04-25,-0.7228651931817396
2014-04-28,-0.8002000914981298
2014-04-29,-0.8581293060331714
2014-04-30,-0.9073893274370404
2014-05-01,-0.9310283692537773
2014-05-02,-0.949882912684743
2014-05-05,-0.9564576573958425
2014-05-06,-0.9666327328962105
2014-05-07,-0.9858479020016067
2014-05-08,-0.994635874646429
2014-05-09,0.0
2014-05-12,0.0
2014-05-13,0.0
2014-05-14,0.0
2014-05-15,0.0
2014-05-16,0.0
2014-05-19,0.0
2014-05-20,0.0
2014-05-21,0.0
2014-05-22,0.0
2014-05-23,0.0
2014-05-27,-2.220446049250313e-15
2014-05-28,0.41823021740777966
2014-05-29,0.8263064703671286
2014-05-30,0.9757481730291875
2014-06-02,0.9972768496854314
2014-06-03,0.0
2014-06-04,0.0
2014-06-05,0.0
2014-06-06,0.0
2014-06-09,0.0
2014-06-10,0.0
2014-06-11,0.0
2014-06-12,0.0
2014-06-13,0.0
2014-06-16,0.0
2014-06-17,0.0
2014-06-18,-4.884981308350689e-15
2014-06-19,0.22854410036440065
2014-06-20,0.4280540250023914
2014-06-23,0.5835181768024391
2014-06-24,0.6149906479537344
2014-06-25,0.7025261403670104
2014-06-26,0.8197551070838478
2014-06-27,0.9033078294344956
2014-06-30,0.9764167762342515
2014-07-01,0.9922781764652624
2014-07-02,0.0
2014-07-03,0.0
2014-07-07,0.0
2014-07-08,0.0
2014-07-09,0.0
2014-07-10,0.0
2014-07-11,0.0
2014-07-14,0.0
2014-07-15,0.0
2014-07-16,0.0
2014-07-17,0.0
2014-07-18,6.439293542825908e-15
2014-07-21,0.20128425078287115
2014-07-22,0.511073939853921
2014-07-23,0.7155683638133585
2014-07-24,0.9133741987069246
2014-07-25,0.972462037395311
2014-07-28,0.9898980630345862
2014-07-29,0.9965202114498457
2014-07-30,0.0
2014-07-31,0.0
2014-08-01,0.0
2014-08-04,0.0
2014-08-05,0.0
2014-08-06,0.0
2014-08-07,0.0
2014-08-08,0.0
2014-08-11,0.0
2014-08-12,0.0
2014-08-13,0.0
2014-08-14,5.329070518200751e-15
2014-08-15,0.30954793700135874
2014-08-18,0.6211578973991125
2014-08-19,0.8090924098661842
2014-08-20,0.9036891774432128
2014-08-21,0.9539492481689673
2014-08-22,0.9794883932065332
2014-08-25,0.9900733885615374
2014-08-26,0.0
2014-08-27,0.0
2014-08-28,0.0
2014-08-29,0.0
2014-09-02,0.0
2014-09-03,0.0
2014-09-04,0.0
2014-09-05,0.0
2014-09-08,0.0
2014-09-09,0.0
2014-09-10,0.0
2014-09-11,0.0
2014-09-12,0.4083430735607747
2014-09-15,0.6396138277937817
2014-09-16,0.808888658748913
2014-09-17,0.9086761675398005
2014-09-18,0.960863299929062
2014-09-19,0.9849507229112344
2014-09-22,0.993598834767982
2014-09-23,0.0
2014-09-24,0.0
2014-09-25,0.0
2014-09-26,0.0
2014-09-29,0.0
2014-09-30,0.0
2014-10-01,0.0
2014-10-02,0.0
2014-10-03,0.0
2014-10-06,0.0
2014-10-07,0.0
2014-10-08,7.327471962526033e-15
2014-10-09,0.2828574109124997
2014-10-10,-0.10853319964299812
2014-10-13,-0.7188691416834825
2014-10-14,-0.8684481572129756
2014-10-15,-0.8960076090002906
2014-10-16,-0.9106137674103434
2014-10-17,-0.8999698703610639
2014-10-20,-0.8571694738095192
2014-10-21,-0.6759683287436429
2014-10-22,-0.5141835919284641
2014-10-23,-0.03356248676966289
2014-10-24,0.47221012278427965
2014-10-27,0.6578960474509801
2014-10-28,0.8335938623502441
2014-10-29,0.9048740410514655
2014-10-30,0.9587354280827476
2014-10-31,0.9858606513011323
2014-11-03,0.9959079277187779
2014-11-04,0.0
2014-11-05,0.0
2014-11-06,0.0
2014-11-07,0.0
2014-11-10,0.0
2014-11-11,0.0
2014-11-12,0.0
2014-11-13,0.0
2014-11-14,0.0
2014-11-17,0.0
2014-11-18,0.0
2014-11-19,-6.8833827526759706e-15
2014-11-20,0.11755043958681588
2014-11-21,0.21391147129549615
2014-11-24,0.6335576450156422
2014-11-25,0.9782882790776348
2014-11-26,0.9997390261995276
2014-11-28,0.0
2014-12-01,0.0
2014-12-02,0.0
2014-12-03,0.0
2014-12-04,0.0
2014-12-05,0.0
2014-12-08,0.0
2014-12-09,0.0
2014-12-10,0.0
2014-12-11,0.0
2014-12-12,0.0
2014-12-15,-3.1086244689504383e-15
2014-12-16,-0.27902819430824755
2014-12-17,-0.09081340426379869
2014-12-18,0.4972566837670884
2014-12-19,0.8789255481552056
2014-12-22,0.9903333665569944
2014-12-23,0.0
2014-12-24,0.0
2014-12-26,0.0
2014-12-29,0.0
2014-12-30,0.0
2014-12-31,0.0
2015-01-02,0.0
2015-01-05,0.0
2015-01-06,0.0
2015-01-07,0.0
2015-01-08,0.0
2015-01-09,-9.103828801926284e-15
2015-01-12,0.2982392735623398
2015-01-13,0.32986385536355156
2015-01-14,0.4851068191926622
2015-01-15,0.29290294159023533
2015-01-16,0.3439103302230391
2015-01-20,0.3483320538874173
2015-01-21,0.41892532942744176
2015-01-22,0.36525786799234283
2015-01-23,0.526982744469269
2015-01-26,0.6634546686093188
2015-01-27,0.730671915499816
2015-01-28,0.7662647370296891
2015-01-29,0.8965622030699438
2015-01-30,0.9260650000126494
2015-02-02,0.932238778992112
2015-02-03,0.9159284175336133
2015-02-04,0.9307459453316578
2015-02-05,0.9570281164617374
2015-02-06,0.9643989919282736
2015-02-09,0.9667349509826941
2015-02-10,0.9848641572274572
2015-02-11,0.9971301538108694
2015-02-12,0.0
2015-02-13,0.0
2015-02-17,0.0
2015-02-18,0.0
2015-02-19,0.0
2015-02-20,0.0
2015-02-23,0.0
2015-02-24,0.0
2015-02-25,0.0
2015-02-26,0.0
2015-02-27,0.0
2015-03-02,2.6645352591003757e-15
2015-03-03,0.5269182425865762
2015-03-04,0.6799076311095142
2015-03-05,0.780332743878388
2015-03-06,0.8009777202527415
2015-03-09,0.7730384992121411
2015-03-10,0.7398481483544794
2015-03-11,0.7594003668830256
2015-03-12,0.7946084921217049
2015-03-13,0.8247196927631757
2015-03-16,0.8907426426754612
2015-03-17,0.9401555653579907
2015-03-18,0.9695725403848019
2015-03-19,0.9872960145360987
2015-03-20,0.9929817679816313
2015-03-23,0.0
2015-03-24,0.0
2015-03-25,0.0
2015-03-26,0.0
2015-03-27,0.0
2015-03-30,0.0
2015-03-31,0.0
2015-04-01,0.0
2015-04-02,0.0
2015-04-06,0.0
2015-04-07,0.0
2015-04-08,7.771561172376096e-15
2015-04-09,0.188709236478668
2015-04-10,0.4661641584542815
2015-04-13,0.54672892417274
2015-04-14,0.5890311334429201
2015-04-15,0.6339109694565188
2015-04-16,0.7441832797198598
2015-04-17,0.7046196723045746
2015-04-20,0.7868190186785355
2015-04-21,0.9518377740051451
2015-04-22,0.9917196693652479
2015-04-23,0.0
2015-04-24,0.0
2015-04-27,0.0
2015-04-28,0.0
2015-04-29,0.0
2015-04-30,0.0
2015-05-01,0.0
2015-05-04,0.0
2015-05-05,0.0
2015-05-06,0.0
2015-05-07,0.0
2015-05-08,8.215650382226158e-15
2015-05-11,0.05891994405377621
2015-05-12,0.1025371406718989
2015-05-13,0.12992833115261848
2015-05-14,0.2998098204492676
2015-05-15,0.5012592992284937
2015-05-18,0.7667881170378241
2015-05-19,0.9159061941478097
2015-05-20,0.9756010175370866
2015-05-21,0.9958920323487632
2015-05-22,0.0
2015-05-26,0.0
2015-05-27,0.0
2015-05-28,0.0
2015-05-29,0.0
2015-06-01,0.0
2015-06-02,0.0
2015-06-03,0.0
2015-06-04,0.0
2015-06-05,0.0
2015-06-08,0.0
2015-06-09,-5.995204332975845e-15
2015-06-10,0.34135787513897875
2015-06-11,0.6040067734473284
2015-06-12,0.8086020518227259
2015-06-15,0.9276662948344883
2015-06-16,0.975623294082909
2015-06-17,0.9963887885108138
2015-06-18,0.0
2015-06-19,0.0
2015-06-22,0.0
2015-06-23,0.0
2015-06-24,0.0
2015-06-25,0.0
2015-06-26,0.0
2015-06-29,0.0
2015-06-30,0.0
2015-07-01,0.0
2015-07-02,0.0
2015-07-06,3.552713678800501e-15
2015-07-07,-0.33679285411424975
2015-07-08,-0.5635435765013177
2015-07-09,-0.6611244814956683
2015-07-10,-0.5593779078584458
2015-07-13,-0.4374114779199634
2015-07-14,-0.17802152540094363
2015-07-15,0.1253907920939621
2015-07-16,0.5648354331391305
2015-07-17,0.8485013824692778
2015-07-20,0.9541954020350656
2015-07-21,0.9916199051417196
2015-07-22,0.0
2015-07-23,0.0
2015-07-24,0.0
2015-07-27,0.0
2015-07-28,0.0
2015-07-29,0.0
2015-07-30,0.0
2015-07-31,0.0
2015-08-03,0.0
2015-08-04,0.0
2015-08-05,0.0
2015-08-06,3.1086244689504383e-15
2015-08-07,-0.4090823029736863
2015-08-10,-0.6696248446203492
2015-08-11,-0.8683093758805043
2015-08-12,-0.9666428451809053
2015-08-13,-0.9917839504345192
2015-08-14,0.0
2015-08-17,0.0
2015-08-18,0.0
2015-08-19,0.0
2015-08-20,0.0
2015-08-21,0.0
2015-08-24,0.0
2015-08-25,0.0
2015-08-26,0.0
2015-08-27,0.0
2015-08-28,0.0
2015-08-31,-4.218847493575595e-15
2015-09-01,-0.1455748014060987
2015-09-02,-0.2262733980606919
2015-09-03,-0.34121291855846025
2015-09-04,-0.43386969789227514
2015-09-08,-0.4230234798718371
2015-09-09,-0.44265369791023423
2015-09-10,-0.17088795058585804
2015-09-11,0.1078681278473399
2015-09-14,0.4085038777808583
2015-09-15,0.6969774774314166
2015-09-16,0.8618974232389862
2015-09-17,0.9508643363679206
2015-09-18,0.9858283507286894
2015-09-21,0.9966318909553502
2015-09-22,0.0
2015-09-23,0.0
2015-09-24,0.0
2015-09-25,0.0
2015-09-28,0.0
2015-09-29,0.0
2015-09-30,0.0
2015-10-01,0.0
2015-10-02,0.0
2015-10-05,0.0
2015-10-06,0.0
2015-10-07,-2.4424906541753444e-15
2015-10-08,-0.3285604739843655
2015-10-09,-0.4951895904584256
2015-10-12,-0.7507857077805935
2015-10-13,-0.9009123067831137
2015-10-14,-0.9777093783514532
2015-10-15,-0.9882455185447871
2015-10-16,-0.9926270450600494
2015-10-19,0.0
2015-10-20,0.0
2015-10-21,0.0
2015-10-22,0.0
2015-10-23,0.0
2015-10-26,0.0
2015-10-27,0.0
2015-10-28,0.0
2015-10-29,0.0
2015-10-30,0.0
2015-11-02,0.0
2015-11-03,2.220446049250313e-15
2015-11-04,0.21272704401269515
2015-11-05,0.09762339771444939
2015-11-06,0.07787942750161458
2015-11-09,0.031576051052752074
2015-11-10,-0.1843908158839218
2015-11-11,-0.43284401761148317
2015-11-12,-0.6018612589634795
2015-11-13,-0.7318402115401192
2015-11-16,-0.7893871626012547
2015-11-17,-0.7596751930557137
2015-11-18,-0.7183378726335798
2015-11-19,-0.5817232865671196
2015-11-20,-0.30286194984515036
2015-11-23,0.04916321960960546
2015-11-24,0.6698339604808226
2015-11-25,0.932043809416476
2015-11-27,0.9949709205075892
2015-11-30,0.0
2015-12-01,0.0
2015-12-02,0.0
2015-12-03,0.0
2015-12-04,0.0
2015-12-07,0.0
2015-12-08,0.0
2015-12-09,0.0
2015-12-10,0.0
2015-12-11,0.0
2015-12-14,0.0
2015-12-15,1.5543122344752192e-15
2015-12-16,-0.11579101374830159
2015-12-17,-0.2685364111903865
2015-12-18,-0.5993603519760307
2015-12-21,-0.829561591241438
2015-12-22,-0.9434783662125339
2015-12-23,-0.9853654804545824
2015-12-24,-0.9983262813387426
2015-12-28,0.0
2015-12-29,0.0
2015-12-30,0.0
2015-12-31,0.0
2016-01-04,0.0
2016-01-05,0.0
2016-01-06,0.0
2016-01-07,0.0
2016-01-08,0.0
2016-01-11,0.0
2016-01-12,0.0
2016-01-13,0.0
2016-01-14,-0.2627052886443726
2016-01-15,-0.5739871046466609
2016-01-19,-0.8424342257995132
2016-01-20,-0.9613944506464693
2016-01-21,-0.9941887854067919
2016-01-22,0.0
2016-01-25,0.0
2016-01-26,0.0
2016-01-27,0.0
2016-01-28,0.0
2016-01-29,0.0
2016-02-01,0.0
2016-02-02,0.0
2016-02-03,0.0
2016-02-04,0.0
2016-02-05,0.0
2016-02-08,-2.4424906541753444e-15
2016-02-09,-0.48358850376817064
2016-02-10,-0.7659279205636707
2016-02-11,-0.8897458618565603
2016-02-12,-0.9539283039117139
2016-02-16,-0.977209535320499
2016-02-17,-0.9850338710028672
2016-02-18,-0.9948064013502238
2016-02-19,0.0
2016-02-22,0.0
2016-02-23,0.0
2016-02-24,0.0
2016-02-25,0.0
2016-02-26,0.0
2016-02-29,0.0
2016-03-01,0.0
2016-03-02,0.0
2016-03-03,0.0
2016-03-04,0.0
2016-03-07,-4.440892098500626e-16
2016-03-08,0.22731838177721864
2016-03-09,0.4312450328514119
2016-03-10,0.5607769934822848
2016-03-11,0.7424609312970594
2016-03-14,0.8399153846831964
2016-03-15,0.8961199265905007
2016-03-16,0.9381114886677295
2016-03-17,0.962028509315046
2016-03-18,0.9794694593277422
2016-03-21,0.9886309138826288
2016-03-22,0.9950031475722414
2016-03-23,0.0
2016-03-24,0.0
2016-03-28,0.0
2016-03-29,0.0
2016-03-30,0.0
2016-03-31,0.0
2016-04-01,0.0
2016-04-04,0.0
2016-04-05,0.0
2016-04-06,0.0
2016-04-07,0.0
2016-04-08,-5.773159728050814e-15
2016-04-11,-0.6337327006946938
2016-04-12,-0.930588668774682
2016-04-13,-0.9879599170681264
2016-04-14,-0.998771539791506
2016-04-15,0.0
2016-04-18,0.0
2016-04-19,0.0
2016-04-20,0.0
2016-04-21,0.0
2016-04-22,0.0
2016-04-25,0.0
2016-04-26,0.0
2016-04-27,0.0
2016-04-28,0.0
2016-04-29,0.0
2016-05-02,-8.881784197001252e-16
2016-05-03,-0.01742612738978222
2016-05-04,-0.22387304866568725
2016-05-05,-0.44782608895256093
2016-05-06,-0.7260393845080797
2016-05-09,-0.8460716727698558
2016-05-10,-0.9086559796056495
2016-05-11,-0.9520677390241385
2016-05-12,-0.99224941364167
2016-05-13,0.0
2016-05-16,0.0
2016-05-17,0.0
2016-05-18,0.0
2016-05-19,0.0
2016-05-20,0.0
2016-05-23,0.0
2016-05-24,0.0
2016-05-25,0.0
2016-05-26,0.0
2016-05-27,0.0
2016-05-31,-1.5543122344752192e-15
2016-06-01,-0.1341217738785716
2016-06-02,-0.05698861458084026
2016-06-03,-0.01884413986890121
2016-06-06,0.01564611910627245
2016-06-07,-0.020687558147002516
2016-06-08,-0.06318064539711021
2016-06-09,-0.16162465514379387
2016-06-10,-0.34292554343261505
2016-06-13,-0.48919681360639466
2016-06-14,-0.6367692675587326
2016-06-15,-0.7389268709756642
2016-06-16,-0.8275187680677405
2016-06-17,-0.9002076783869795
2016-06-20,-0.9452954773338575
2016-06-21,-0.973889646225111
2016-06-22,-0.990239490615318
2016-06-23,0.0
2016-06-24,0.0
2016-06-27,0.0
2016-06-28,0.0
2016-06-29,0.0
2016-06-30,0.0
2016-07-01,0.0
2016-07-05,0.0
2016-07-06,0.0
2016-07-07,0.0
2016-07-08,0.0
2016-07-11,-1.3322676295501878e-15
2016-07-12,0.3016540667414025
2016-07-13,0.5656986759436393
2016-07-14,0.6561648385830763
2016-07-15,0.6979435301991583
2016-07-18,0.745135899996684
2016-07-19,0.8190953629055988
2016-07-20,0.9277402874941347
2016-07-21,0.959202633863117
2016-07-22,0.9863382625793797
2016-07-25,0.9972467317128368
2016-07-26,0.0
2016-07-27,0.0
2016-07-28,0.0
2016-07-29,0.0
2016-08-01,0.0
2016-08-02,0.0
2016-08-03,0.0
2016-08-04,0.0
2016-08-05,0.0
2016-08-08,0.0
2016-08-09,0.0
2016-08-10,-4.440892098500626e-15
2016-08-11,-0.4353176547282387
2016-08-12,-0.6352800830270746
2016-08-15,-0.5622718887591169
2016-08-16,-0.11359770675029135
2016-08-17,0.3869811618246175
2016-08-18,0.7781517077386741
2016-08-19,0.9376683021011623
2016-08-22,0.9893561483837601
2016-08-23,0.9997441627987338
2016-08-24,0.0
2016-08-25,0.0
2016-08-26,0.0
2016-08-29,0.0
2016-08-30,0.0
2016-08-31,0.0
2016-09-01,0.0
2016-09-02,0.0
2016-09-06,0.0
2016-09-07,0.0
2016-09-08,0.0
2016-09-09,1.3322676295501878e-15
2016-09-12,0.26506391137455054
2016-09-13,0.48190870787756923
2016-09-14,0.6914410572815615
2016-09-15,0.8316777214754176
2016-09-16,0.9206884651311682
2016-09-19,0.9729999772347002
2016-09-20,0.9908284956204647
2016-09-21,0.0
2016-09-22,0.0
2016-09-23,0.0
2016-09-26,0.0
2016-09-27,0.0
2016-09-28,0.0
2016-09-29,0.0
2016-09-30,0.0
2016-10-03,0.0
2016-10-04,0.0
2016-10-05,0.0
2016-10-06,1.1102230246251565e-15
2016-10-07,0.22611030248501773
2016-10-10,0.4125795834370849
2016-10-11,0.40184838090409913
2016-10-12,0.34036361757388045
2016-10-13,0.15801870450644318
2016-10-14,-0.05983847493011818
2016-10-17,-0.43297057617512236
2016-10-18,-0.6412299659662493
2016-10-19,-0.7929815755930072
2016-10-20,-0.8840240161855326
2016-10-21,-0.9266330413804824
2016-10-24,-0.9472111889432089
2016-10-25,-0.9689580467047445
2016-10-26,-0.9782593701939994
2016-10-27,-0.9878844540479732
2016-10-28,-0.9914892535116988
2016-10-31,0.0
2016-11-01,0.0
2016-11-02,0.0
2016-11-03,0.0
2016-11-04,0.0
2016-11-07,0.0
2016-11-08,0.0
2016-11-09,0.0
2016-11-10,0.0
2016-11-11,0.0
2016-11-14,0.0
2016-11-15,7.771561172376096e-15
2016-11-16,0.3613907712636857
2016-11-17,0.740413457480559
2016-11-18,0.8857688733070446
2016-11-21,0.9531708871077871
2016-11-22,0.7763559969255227
2016-11-23,0.3751273573851479
2016-11-25,-0.0843394669822497
2016-11-28,-0.6490395687100885
2016-11-29,-0.9357582921186118
2016-11-30,-0.9928319230714866
2016-12-01,0.0
2016-12-02,0.0
2016-12-05,0.0
2016-12-06,0.0
2016-12-07,0.0
2016-12-08,0.0
2016-12-09,0.0
2016-12-12,0.0
2016-12-13,0.0
2016-12-14,0.0
2016-12-15,0.0
2016-12-16,-4.6629367034256575e-15
2016-12-19,-0.12122640462430101
2016-12-20,-0.5945656892645572
2016-12-21,-0.8707290320480021
2016-12-22,-0.9839886759924901
2016-12-23,-0.9932641432263833
2016-12-27,0.0
2016-12-28,0.0
2016-12-29,0.0
2016-12-30,0.0
2017-01-03,0.0
2017-01-04,0.0
2017-01-05,0.0
2017-01-06,0.0
2017-01-09,0.0
2017-01-10,0.0
2017-01-11,0.0
2017-01-12,-1.1102230246251565e-15
2017-01-13,0.3535114471419811
2017-01-17,0.6223610858970963
2017-01-18,0.8044621399135345
2017-01-19,0.935073090413544
2017-01-20,0.9824533961861202
2017-01-23,0.9951030423473044
2017-01-24,0.0
2017-01-25,0.0
2017-01-26,0.0
2017-01-27,0.0
2017-01-30,0.0
2017-01-31,0.0
2017-02-01,0.0
2017-02-02,0.0
2017-02-03,0.0
2017-02-06,0.0
2017-02-07,0.0
2017-02-08,1.6431300764452317e-14
2017-02-09,0.6036269972394253
2017-02-10,0.893595452213154
2017-02-13,0.9845108045422162
2017-02-14,0.9988086178999416
2017-02-15,0.0
2017-02-16,0.0
2017-02-17,0.0
2017-02-21,0.0
2017-02-22,0.0
2017-02-23,0.0
2017-02-24,0.0
2017-02-27,0.0
2017-02-28,0.0
2017-03-01,0.0
2017-03-02,0.0
2017-03-03,1.9984014443252818e-15
2017-03-06,-0.3661989526238967
2017-03-07,-0.644657996257366
2017-03-08,-0.8190759571238955
2017-03-09,-0.9143980376518328
2017-03-10,-0.9571467526756361
2017-03-13,-0.9802848357369631
2017-03-14,-0.9916417721462178
2017-03-15,0.0
2017-03-16,0.0
2017-03-17,0.0
2017-03-20,0.0
2017-03-21,0.0
2017-03-22,0.0
2017-03-23,0.0
2017-03-24,0.0
2017-03-27,0.0
2017-03-28,0.0
2017-03-29,0.0
2017-03-30,-2.220446049250313e-15
2017-03-31,-0.09180959419047796
2017-04-03,-0.3346053932166797
2017-04-04,-0.6184704748279097
2017-04-05,-0.8675363070387516
2017-04-06,-0.9228132614044522
2017-04-07,-0.9383868968921971
2017-04-10,-0.9480997739978554
2017-04-11,-0.9430910191574402
2017-04-12,-0.9394100638854086
2017-04-13,-0.9510999599778285
2017-04-17,-0.9780082224656896
2017-04-18,-0.9925135440860231
2017-04-19,0.0
2017-04-20,0.0
2017-04-21,0.0
2017-04-24,0.0
2017-04-25,0.0
2017-04-26,0.0
2017-04-27,0.0
2017-04-28,0.0
2017-05-01,0.0
2017-05-02,0.0
2017-05-03,0.0
2017-05-04,4.440892098500626e-15
2017-05-05,0.5725198233294235
2017-05-08,0.8889716548521651
2017-05-09,0.988129900419153
2017-05-10,0.9980373992517835
2017-05-11,0.0
2017-05-12,0.0
2017-05-15,0.0
2017-05-16,0.0
2017-05-17,0.0
2017-05-18,0.0
2017-05-19,0.0
2017-05-22,0.0
2017-05-23,0.0
2017-05-24,0.0
2017-05-25,0.0
2017-05-26,1.6653345369377348e-14
2017-05-30,0.005306411583065662
2017-05-31,0.1994123350719914
2017-06-01,0.9994473203767356
2017-06-02,0.0
2017-06-05,0.0
2017-06-06,0.0
2017-06-07,0.0
2017-06-08,0.0
2017-06-09,0.0
2017-06-12,0.0
2017-06-13,0.0
2017-06-14,0.0
2017-06-15,0.0
2017-06-16,0.0
2017-06-19,5.995204332975845e-15
2017-06-20,-0.2351348800009856
2017-06-21,-0.4016638629147615
2017-06-22,-0.378782475344174
2017-06-23,-0.22451584487797027
2017-06-26,-0.14696025887246478
2017-06-27,-0.19278193559644552
2017-06-28,-0.1704437072142213
2017-06-29,-0.22787363880571476
2017-06-30,-0.3252259369817836
2017-07-03,-0.45211013331076777
2017-07-05,-0.5268383074006684
2017-07-06,-0.6335288648337514
2017-07-07,-0.61455439519368
2017-07-10,-0.5465250790947271
2017-07-11,-0.42486535893007416
2017-07-12,-0.27212010429969236
2017-07-13,-0.04141072882208974
2017-07-14,0.09602169406728156
2017-07-17,0.2137366070040998
2017-07-18,0.353357041350546
2017-07-19,0.5229590929940366
2017-07-20,0.6268183983510867
2017-07-21,0.6943139752022578
2017-07-24,0.7665762982464754
2017-07-25,0.8245822523704605
2017-07-26,0.8606565438392584
2017-07-27,0.8437039818086596
2017-07-28,0.8047669112128493
2017-07-31,0.7219829473484731
2017-08-01,0.6531045378897327
2017-08-02,0.5282677309816659
2017-08-03,0.3984943706440869
2017-08-04,0.21377308242125803
2017-08-07,0.038791622003601756
2017-08-08,-0.18086841978402357
2017-08-09,-0.3752724044721316
2017-08-10,-0.5983813256956994
2017-08-11,-0.7428281357867821
2017-08-14,-0.8172093096903348
2017-08-15,-0.8681615807589187
2017-08-16,-0.8938287495499084
2017-08-17,-0.9313491267077425
2017-08-18,-0.9580560102304014
2017-08-21,-0.9729787408465997
2017-08-22,-0.9801581089155007
2017-08-23,-0.9884737309573304
2017-08-24,-0.9923834261383839
2017-08-25,0.0
2017-08-28,0.0
2017-08-29,0.0
2017-08-30,0.0
2017-08-31,0.0
2017-09-01,0.0
2017-09-05,0.0
2017-09-06,0.0
2017-09-07,0.0
2017-09-08,0.0
2017-09-11,0.0
2017-09-12,-1.3322676295501878e-15
2017-09-13,0.16318627951941478
2017-09-14,0.2635210648936419
2017-09-15,0.37748690837382815
2017-09-18,0.4764249642404008
2017-09-19,0.5506170189069615
2017-09-20,0.5948716759485031
2017-09-21,0.6055645731793975
2017-09-22,0.6192238143946258
2017-09-25,0.5990206235544027
2017-09-26,0.6081714647598853
2017-09-27,0.6162476143163893
2017-09-28,0.6356728465283275
2017-09-29,0.6999131169417216
2017-10-02,0.7596877579488632
2017-10-03,0.8066560998378374
2017-10-04,0.8430229155976061
2017-10-05,0.88204693790669
2017-10-06,0.9205774306664165
2017-10-09,0.9445546920824095
2017-10-10,0.9701443767447591
2017-10-11,0.982910202996311
2017-10-12,0.9899398388362044
2017-10-13,0.9948377650316329
2017-10-16,0.0
2017-10-17,0.0
2017-10-18,0.0
2017-10-19,0.0
2017-10-20,0.0
2017-10-23,0.0
2017-10-24,0.0
2017-10-25,0.0
2017-10-26,0.0
2017-10-27,0.0
2017-10-30,0.0
2017-10-31,4.884981308350689e-15
2017-11-01,-0.800790496977688
2017-11-02,-0.9925882762069362
2017-11-03,0.0
2017-11-06,0.0
2017-11-07,0.0
2017-11-08,0.0
2017-11-09,0.0
2017-11-10,0.0
2017-11-13,0.0
2017-11-14,0.0
2017-11-15,0.0
2017-11-16,0.0
2017-11-17,0.0
2017-11-20,3.774758283725532e-15
2017-11-21,0.3741739508866524
2017-11-22,0.716639710764339
2017-11-24,0.8836924579994461
2017-11-27,0.9586048981591349
2017-11-28,0.9830067984856341
2017-11-29,0.9864374026874578
2017-11-30,0.9905862390572018
2017-12-01,0.0
2017-12-04,0.0
2017-12-05,0.0
2017-12-06,0.0
2017-12-07,0.0
2017-12-08,0.0
2017-12-11,0.0
2017-12-12,0.0
2017-12-13,0.0
2017-12-14,0.0
2017-12-15,0.0
2017-12-18,-5.10702591327572e-15
2017-12-19,0.49422704443744303
2017-12-20,0.7174134776578569
2017-12-21,0.8228720516789374
2017-12-22,0.8787621660274554
2017-12-26,0.9188151359176062
2017-12-27,0.9541997044083361
2017-12-28,0.9756345913923641
2017-12-29,0.976973771685663
2018-01-02,0.9930288679877339
2018-01-03,0.0
2018-01-04,0.0
2018-01-05,0.0
2018-01-08,0.0
2018-01-09,0.0
2018-01-10,0.0
2018-01-11,0.0
2018-01-12,0.0
2018-01-16,0.0
2018-01-17,0.0
2018-01-18,0.0
2018-01-19,9.547918011776346e-15
2018-01-22,0.0506054238812339
2018-01-23,0.5268879529870609
2018-01-24,0.7699147516062153
2018-01-25,0.8799630692749341
2018-01-26,0.9660722039807059
2018-01-29,0.9826582967263102
2018-01-30,0.9844350476186468
2018-01-31,0.9942331937401754
2018-02-01,0.0
2018-02-02,0.0
2018-02-05,0.0
2018-02-06,0.0
2018-02-07,0.0
2018-02-08,0.0
2018-02-09,0.0
2018-02-12,0.0
2018-02-13,0.0
2018-02-14,0.0
2018-02-15,0.0
2018-02-16,7.771561172376096e-15
2018-02-20,0.42534488466070086
2018-02-21,0.7730862684979476
2018-02-22,0.8930495623920638
2018-02-23,0.9771919423909363
2018-02-26,0.998610659636924
2018-02-27,0.0
2018-02-28,0.0
2018-03-01,0.0
2018-03-02,0.0
2018-03-05,0.0
2018-03-06,0.0
2018-03-07,0.0
2018-03-08,0.0
2018-03-09,0.0
2018-03-12,0.0
2018-03-13,0.0
2018-03-14,2.220446049250313e-15
2018-03-15,0.21614142715098383
2018-03-16,0.35904930544058544
2018-03-19,0.44732486668719185
2018-03-20,0.5639824004314722
2018-03-21,0.6617507431486898
2018-03-22,0.6902146300419225
2018-03-23,0.6656957409736801
2018-03-26,0.7328922874771464
2018-03-27,0.6753444771726735
2018-03-28,0.5675967121967531
2018-03-29,0.5402808768685907
2018-04-02,0.4865568159657454
2018-04-03,0.5151975308260799
2018-04-04,0.6242574112466075
2018-04-05,0.7970879827437045
2018-04-06,0.8846158889534927
2018-04-09,0.9109236856028218
2018-04-10,0.9268956382896567
2018-04-11,0.9407228748587164
2018-04-12,0.9615770648460318
2018-04-13,0.9698577818396819
2018-04-16,0.9788871031544548
2018-04-17,0.9880415764064572
2018-04-18,0.9936611705020515
2018-04-19,0.0
2018-04-20,0.0
2018-04-23,0.0
2018-04-24,0.0
2018-04-25,0.0
2018-04-26,0.0
2018-04-27,0.0
2018-04-30,0.0
2018-05-01,0.0
2018-05-02,0.0
2018-05-03,0.0
2018-05-04,3.108624468950438e-14
2018-05-07,0.6218289113507336
2018-05-08,0.9723082525093529
2018-05-09,0.9999668692695147
2018-05-10,0.0
2018-05-11,0.0
2018-05-14,0.0
2018-05-15,0.0
2018-05-16,0.0
2018-05-17,0.0
2018-05-18,0.0
2018-05-21,0.0
2018-05-22,0.0
2018-05-23,0.0
2018-05-24,0.0
2018-05-25,2.886579864025407e-15
2018-05-29,0.23704005163439001
2018-05-30,0.5287113396806573
2018-05-31,0.6799977336481655
2018-06-01,0.816664138781233
2018-06-04,0.8838673380771163
2018-06-05,0.8700372568949215
2018-06-06,0.8396086257357986
2018-06-07,0.6891024275679294
2018-06-08,0.5125734887900393
2018-06-11,0.27583016711107056
2018-06-12,0.41509278879366285
2018-06-13,0.7109972724561469
2018-06-14,0.9103872160486937
2018-06-15,0.9759540173335282
2018-06-18,0.9917856643252778
2018-06-19,0.0
2018-06-20,0.0
2018-06-21,0.0
2018-06-22,0.0
2018-06-25,0.0
2018-06-26,0.0
2018-06-27,0.0
2018-06-28,0.0
2018-06-29,0.0
2018-07-02,0.0
2018-07-03,0.0
2018-07-05,0.0
2018-07-06,0.17858743116239317
2018-07-09,0.23142963717642018
2018-07-10,0.35930431868549806
2018-07-11,0.5469618507135174
2018-07-12,0.8165227764064069
2018-07-13,0.9194744577931395
2018-07-16,0.9604930622445595
2018-07-17,0.9865346624681117
2018-07-18,0.9955816718467421
2018-07-19,0.0
2018-07-20,0.0
2018-07-23,0.0
2018-07-24,0.0
2018-07-25,0.0
2018-07-26,0.0
2018-07-27,0.0
2018-07-30,0.0
2018-07-31,0.0
2018-08-01,0.0
2018-08-02,0.0
2018-08-03,5.773159728050814e-15
2018-08-06,0.1083543779069549
2018-08-07,0.23707179493774655
2018-08-08,0.34418614018983007
2018-08-09,0.46261846562402553
2018-08-10,0.5532573778670291
2018-08-13,0.5907583176989113
2018-08-14,0.62932778585692
2018-08-15,0.5556836765023228
2018-08-16,0.590242796416568
2018-08-17,0.6644615916646306
2018-08-20,0.7205481217615155
2018-08-21,0.7642132978440808
2018-08-22,0.8334619920225235
2018-08-23,0.8918331429758619
2018-08-24,0.9615232650340044
2018-08-27,0.989341657267389
2018-08-28,0.9979935193237248
2018-08-29,0.0
2018-08-30,0.0
2018-08-31,0.0
2018-09-04,0.0
2018-09-05,0.0
2018-09-06,0.0
2018-09-07,0.0
2018-09-10,0.0
2018-09-11,0.0
2018-09-12,0.0
2018-09-13,0.0
2018-09-14,-1.1102230246251565e-14
2018-09-17,0.052096299816516645
2018-09-18,0.18154135129853732
2018-09-19,0.10902808981850765
2018-09-20,0.07770377429764608
2018-09-21,0.030334099741929466
2018-09-24,0.026133000983920462
2018-09-25,-0.011740106782236026
2018-09-26,-0.165568804151212
2018-09-27,-0.3179391275174053
2018-09-28,-0.46588390731500784
2018-10-01,-0.6004603981342176
2018-10-02,-0.7432251552754603
2018-10-03,-0.8580819585860544
2018-10-04,-0.9377064379784197
2018-10-05,-0.9825381176618595
2018-10-08,-0.9972159212253198
2018-10-09,0.0
2018-10-10,0.0
2018-10-11,0.0
2018-10-12,0.0
2018-10-15,0.0
2018-10-16,0.0
2018-10-17,0.0
2018-10-18,0.0
2018-10-19,0.0
2018-10-22,0.0
2018-10-23,0.0
2018-10-24,-6.217248937900877e-15
2018-10-25,-0.30569246892065105
2018-10-26,-0.6484784643606236
2018-10-29,-0.8993284191172515
2018-10-30,-0.9811803300450392
2018-10-31,-0.9956640553816083
2018-11-01,0.0
2018-11-02,0.0
2018-11-05,0.0
2018-11-06,0.0
2018-11-07,0.0
2018-11-08,0.0
2018-11-09,0.0
2018-11-12,0.0
2018-11-13,0.0
2018-11-14,0.0
2018-11-15,0.0
2018-11-16,-1.5543122344752192e-15
2018-11-19,-0.5496118654512689
2018-11-20,-0.8260341841910348
2018-11-21,-0.9394794405811158
2018-11-23,-0.9828643240523274
2018-11-26,-0.9933868171902687
2018-11-27,0.0
2018-11-28,0.0
2018-11-29,0.0
2018-11-30,0.0
2018-12-03,0.0
2018-12-04,0.0
2018-12-06,0.0
2018-12-07,0.0
2018-12-10,0.0
2018-12-11,0.0
2018-12-12,0.0
2018-12-13,-2.220446049250313e-15
2018-12-14,0.17490771568548236
2018-12-17,0.0935724540629792
2018-12-18,0.03658798794680429
2018-12-19,0.03803492548562182
2018-12-20,0.05294886897259654
2018-12-21,-0.11178443520682335
2018-12-24,-0.35183496417784865
2018-12-26,-0.2731655549554912
2018-12-27,-0.17939124784035254
2018-12-28,-0.03856186555793184
2018-12-31,0.2043174731003825
2019-01-02,0.303544707186967
2019-01-03,0.3159386625256513
2019-01-04,0.42879287096149366
2019-01-07,0.5811369436385461
2019-01-08,0.7425732699064902
2019-01-09,0.8722316578443561
2019-01-10,0.9525972526353907
2019-01-11,0.9847771406591395
2019-01-14,0.9953350855722101
2019-01-15,0.0
2019-01-16,0.0
2019-01-17,0.0
2019-01-18,0.0
2019-01-22,0.0
2019-01-23,0.0
2019-01-24,0.0
2019-01-25,0.0
2019-01-28,0.0
2019-01-29,0.0
2019-01-30,0.0
2019-01-31,-8.43769498715119e-15
2019-02-01,0.5859596636112809
2019-02-04,0.883085485429379
2019-02-05,0.9722379050359569
2019-02-06,0.9960493487896958
2019-02-07,0.0
2019-02-08,0.0
2019-02-11,0.0
2019-02-12,0.0
2019-02-13,0.0
2019-02-14,0.0
2019-02-15,0.0
2019-02-19,0.0
2019-02-20,0.0
2019-02-21,0.0
2019-02-22,0.0
2019-02-25,-1.2878587085651816e-14
2019-02-26,0.505119088584224
2019-02-27,0.9921981093752885
2019-02-28,0.0
2019-03-01,0.0
2019-03-04,0.0
2019-03-05,0.0
2019-03-06,0.0
2019-03-07,0.0
2019-03-08,0.0
2019-03-11,0.0
2019-03-12,0.0
2019-03-13,0.0
2019-03-14,0.0
2019-03-15,-2.220446049250313e-15
2019-03-18,0.05680788581366758
2019-03-19,0.18015454246397633
2019-03-20,0.4301851396928389
2019-03-21,0.7342284531751573
2019-03-22,0.776120619311957
2019-03-25,0.8017132923772721
2019-03-26,0.8603868569868485
2019-03-27,0.8438336546072907
2019-03-28,0.8098620618264407
2019-03-29,0.8459414134289176
2019-04-01,0.8574935447056029
2019-04-02,0.8530948713731374
2019-04-03,0.873268101138208
2019-04-04,0.8300670446570155
2019-04-05,0.807026746640426
2019-04-08,0.7833706702248402
2019-04-09,0.789300315842212
2019-04-10,0.8197888255809325
2019-04-11,0.8824361168375245
2019-04-12,0.9167875511980283
2019-04-15,0.9582065774552013
2019-04-16,0.971080681532662
2019-04-17,0.9673160710912019
2019-04-18,0.9474844272567424
2019-04-22,0.9412648221083124
2019-04-23,0.9438358513055392
2019-04-24,0.9547801104905143
2019-04-25,0.9705775762677002
2019-04-26,0.9818449230908024
2019-04-29,0.9922022992574007
2019-04-30,0.0
2019-05-01,0.0
2019-05-02,0.0
2019-05-03,0.0
2019-05-06,0.0
2019-05-07,0.0
2019-05-08,0.0
2019-05-09,0.0
2019-05-10,0.0
2019-05-13,0.0
2019-05-14,0.0
2019-05-15,-1.9984014443252818e-15
2019-05-16,-0.2853246775474423
2019-05-17,-0.5060924340038064
2019-05-20,-0.6968873190155547
2019-05-21,-0.790920205617418
2019-05-22,-0.8567428162172823
2019-05-23,-0.94758902663581
2019-05-24,-0.9827331768571728
2019-05-28,-0.9954851765038804
2019-05-29,0.0
2019-05-30,0.0
2019-05-31,0.0
2019-06-03,0.0
2019-06-04,0.0
2019-06-05,0.0
2019-06-06,0.0
2019-06-07,0.0
2019-06-10,0.0
2019-06-11,0.0
2019-06-12,0.0
2019-06-13,-7.549516567451064e-15
2019-06-14,0.07262139271361212
2019-06-17,0.2069750247954898
2019-06-18,0.3395369270577673
2019-06-19,0.567001802359655
2019-06-20,0.6800452143584927
2019-06-21,0.7276480026539978
2019-06-24,0.6505580110529037
2019-06-25,0.5669014129596888
2019-06-26,0.5054453778034746
2019-06-27,0.5775481983643718
2019-06-28,0.6166074031316984
2019-07-01,0.6879995516879278
2019-07-02,0.7339148588090754
2019-07-03,0.8279429252938053
2019-07-05,0.8963085906259496
2019-07-08,0.9418471299542239
2019-07-09,0.981087597115043
2019-07-10,0.9942627278054801
2019-07-11,0.0
2019-07-12,0.0
2019-07-15,0.0
2019-07-16,0.0
2019-07-17,0.0
2019-07-18,0.0
2019-07-19,0.0
2019-07-22,0.0
2019-07-23,0.0
2019-07-24,0.0
2019-07-25,0.0
2019-07-26,1.6431300764452317e-14
2019-07-29,0.2699195160784671
2019-07-30,0.6080179967105444
2019-07-31,0.77955141821116
2019-08-01,0.859949218549062
2019-08-02,0.8385666137132302
2019-08-05,0.5611867996968116
2019-08-06,0.11942106185553536
2019-08-07,-0.4524837981185965
2019-08-08,-0.7251671766467283
2019-08-09,-0.8789240105506471
2019-08-12,-0.9440286023266258
2019-08-13,-0.9335936815840036
2019-08-14,-0.9691796781817372
2019-08-15,-0.9906851970114228
2019-08-16,0.0
2019-08-19,0.0
2019-08-20,0.0
2019-08-21,0.0
2019-08-22,0.0
2019-08-23,0.0
2019-08-26,0.0
2019-08-27,0.0
2019-08-28,0.0
2019-08-29,0.0
2019-08-30,0.0
2019-09-03,1.6653345369377348e-14
2019-09-04,-0.061207684235888404
2019-09-05,0.755148420440432
2019-09-06,0.993902607179868
2019-09-09,0.0
2019-09-10,0.0
2019-09-11,0.0
2019-09-12,0.0
2019-09-13,0.0
2019-09-16,0.0
2019-09-17,0.0
2019-09-18,0.0
2019-09-19,0.0
2019-09-20,0.0
2019-09-23,0.0
2019-09-24,1.4210854715202004e-14
2019-09-25,0.08802199482302075
2019-09-26,-0.0270912227085347
2019-09-27,-0.5538528137636445
2019-09-30,-0.81148793642874
2019-10-01,-0.917042592509598
2019-10-02,-0.9638574017510564
2019-10-03,-0.9712757162776429
2019-10-04,-0.9648189939599381
2019-10-07,-0.936367120435948
2019-10-08,-0.9611720313716414
2019-10-09,-0.9628129519062734
2019-10-10,-0.9651150378020985
2019-10-11,-0.9601171081462081
2019-10-14,-0.925321505572823
2019-10-15,-0.8877079825775662
2019-10-16,-0.8313819746104207
2019-10-17,-0.7218011814946086
2019-10-18,-0.6378667769492494
2019-10-21,-0.5563990209103276
2019-10-22,-0.41992871795320896
2019-10-23,-0.08747955950763897
2019-10-24,0.44468161795414796
2019-10-25,0.8547568603020055
2019-10-28,0.9874728185344765
2019-10-29,0.9990692057803754
2019-10-30,0.0
2019-10-31,0.0
2019-11-01,0.0
2019-11-04,0.0
2019-11-05,0.0
2019-11-06,0.0
2019-11-07,0.0
2019-11-08,0.0
2019-11-11,0.0
2019-11-12,0.0
2019-11-13,0.0
2019-11-14,-3.552713678800501e-15
2019-11-15,0.42983085796557585
2019-11-18,0.7577274155614315
2019-11-19,0.9131152953599615
2019-11-20,0.9727496140925307
2019-11-21,0.9913955846997324
2019-11-22,0.0
2019-11-25,0.0
2019-11-26,0.0
2019-11-27,0.0
2019-11-29,0.0
2019-12-02,0.0
2019-12-03,0.0
2019-12-04,0.0
2019-12-05,0.0
2019-12-06,0.0
2019-12-09,0.0
2019-12-10,4.218847493575595e-15
2019-12-11,-0.053530197446019834
2019-12-12,-0.10476831694453459
2019-12-13,-0.15004289648176794
2019-12-16,-0.13565669298001382
2019-12-17,-0.10211756086832846
2019-12-18,-0.0954564676016203
2019-12-19,-0.0954531811946171
2019-12-20,-0.07822729752585955
2019-12-23,-0.0372859101058709
2019-12-24,0.010204502574665542
2019-12-26,0.08661708706533244
2019-12-27,0.15446308756763316
2019-12-30,0.1881271951031862
2019-12-31,0.2173159807069851
2020-01-02,0.309416576799622
2020-01-03,0.4140651249934717
2020-01-06,0.549545063889959
2020-01-07,0.6752129001534917
2020-01-08,0.7491730090632116
2020-01-09,0.8182930631447207
2020-01-10,0.8601182187314274
2020-01-13,0.9049036529148649
2020-01-14,0.934244661020925
2020-01-15,0.9565252068086181
2020-01-16,0.9748251944103379
2020-01-17,0.984991305633633
2020-01-21,0.9917317533415402
2020-01-22,0.0
2020-01-23,0.0
2020-01-24,0.0
2020-01-27,0.0
2020-01-28,0.0
2020-01-29,0.0
2020-01-30,0.0
2020-01-31,0.0
2020-02-03,0.0
2020-02-04,0.0
2020-02-05,0.0
2020-02-06,-2.6645352591003757e-15
2020-02-07,0.33164117218169364
2020-02-10,0.658448818847809
2020-02-11,0.8353767823360383
2020-02-12,0.902232420373265
2020-02-13,0.9508050173838847
2020-02-14,0.9821459133716122
2020-02-18,0.9959625391102251
2020-02-19,0.0
2020-02-20,0.0
2020-02-21,0.0
2020-02-24,0.0
2020-02-25,0.0
2020-02-26,0.0
2020-02-27,0.0
2020-02-28,0.0
2020-03-02,0.0
2020-03-03,0.0
2020-03-04,0.0
2020-03-05,2.220446049250313e-16
2020-03-06,-0.22877592790540735
2020-03-09,-0.529894022267472
2020-03-10,-0.704792823520495
2020-03-11,-0.8495574235511678
2020-03-12,-0.9488565929959263
2020-03-13,-0.9809439794981756
2020-03-16,-0.9954048032524538
2020-03-17,0.0
2020-03-18,0.0
2020-03-19,0.0
2020-03-20,0.0
2020-03-23,0.0
2020-03-24,0.0
2020-03-25,0.0
2020-03-26,0.0
2020-03-27,0.0
2020-03-30,0.0
2020-03-31,0.0
2020-04-01,6.661338147750939e-16
2020-04-02,0.18780619150040612
2020-04-03,0.30933643536464217
2020-04-06,0.5298880424544423
2020-04-07,0.7086176995943207
2020-04-08,0.8478531038706687
2020-04-09,0.9312580645255786
2020-04-13,0.9773557548841625
2020-04-14,0.9949400062152316
2020-04-15,0.0
2020-04-16,0.0
2020-04-17,0.0
2020-04-20,0.0
2020-04-21,0.0
2020-04-22,0.0
2020-04-23,0.0
2020-04-24,0.0
2020-04-27,0.0
2020-04-28,0.0
2020-04-29,0.0
2020-04-30,-1.0658141036401503e-14
2020-05-01,0.1169296447221777
2020-05-04,0.06035032889901104
2020-05-05,0.35414549139854135
2020-05-06,0.6949663022453065
2020-05-07,0.9811481301119398
2020-05-08,0.9997388477541607
2020-05-11,0.0
2020-05-12,0.0
2020-05-13,0.0
2020-05-14,0.0
2020-05-15,0.0
2020-05-18,0.0
2020-05-19,0.0
2020-05-20,0.0
2020-05-21,0.0
2020-05-22,0.0
2020-05-26,0.0
2020-05-27,-1.3322676295501878e-15
2020-05-28,0.10563876095964297
2020-05-29,0.35544937529143006
2020-06-01,0.6159148185005601
2020-06-02,0.8079763511021412
2020-06-03,0.8687618754376649
2020-06-04,0.8654430532734474
2020-06-05,0.8961095750189818
2020-06-08,0.9473394518435634
2020-06-09,0.9655211478839945
2020-06-10,0.9761526853398903
2020-06-11,0.9648069147758103
2020-06-12,0.9498073761192678
2020-06-15,0.9468524991161653
2020-06-16,0.951433180650423
2020-06-17,0.9570166239652234
2020-06-18,0.9643681537033753
2020-06-19,0.9711839876482089
2020-06-22,0.9796568734917803
2020-06-23,0.9820353070301091
2020-06-24,0.9771115650060274
2020-06-25,0.9766240423083645
2020-06-26,0.9739909466356604
2020-06-29,0.9738617042703872
2020-06-30,0.9773292520366383
2020-07-01,0.9799812142833555
2020-07-02,0.9834713552190233
2020-07-06,0.9900982656017046
2020-07-07,0.0
2020-07-08,0.0
2020-07-09,0.0
2020-07-10,0.0
2020-07-13,0.0
2020-07-14,0.0
2020-07-15,0.0
2020-07-16,0.0
2020-07-17,0.0
2020-07-20,0.0
2020-07-21,0.0
2020-07-22,8.43769498715119e-15
2020-07-23,0.1664014709626962
2020-07-24,0.14986026292046795
2020-07-27,0.2669453025124142
2020-07-28,0.28265988014252774
2020-07-29,0.4087291329118532
2020-07-30,0.5950860948867873
2020-07-31,0.7977748430442202
2020-08-03,0.8987540833039303
2020-08-04,0.9548865728441929
2020-08-05,0.9927944181642103
2020-08-06,0.0
2020-08-07,0.0
2020-08-10,0.0
2020-08-11,0.0
2020-08-12,0.0
2020-08-13,0.0
2020-08-14,0.0
2020-08-17,0.0
2020-08-18,0.0
2020-08-19,0.0
2020-08-20,0.0
2020-08-21,-3.774758283725532e-15
2020-08-24,0.15496770762263457
2020-08-25,0.052514668230946304
2020-08-26,0.05286640081968352
2020-08-27,-0.25037638981248067
2020-08-28,-0.5247576211374227
2020-08-31,-0.6646001675011517
2020-09-01,-0.7506858287680074
2020-09-02,-0.8312765971468883
2020-09-03,-0.9740587376788008
2020-09-04,-0.9990571299238853
2020-09-08,0.0
2020-09-09,0.0
2020-09-10,0.0
2020-09-11,0.0
2020-09-14,0.0
2020-09-15,0.0
2020-09-16,0.0
2020-09-17,0.0
2020-09-18,0.0
2020-09-21,0.0
2020-09-22,0.0
2020-09-23,-9.103828801926284e-15
2020-09-24,-0.20245817428227997
2020-09-25,-0.18929877375058624
2020-09-28,0.0011837794380058497
2020-09-29,0.20399603489863938
2020-09-30,0.313225179163678
2020-10-01,0.6063838840145432
2020-10-02,0.6808111851176148
2020-10-05,0.810771448249278
2020-10-06,0.8772266573196159
2020-10-07,0.9483448060563291
2020-10-08,0.9763242894894004
2020-10-09,0.9932202970615118
2020-10-12,0.0
2020-10-13,0.0
2020-10-14,0.0
2020-10-15,0.0
2020-10-16,0.0
2020-10-19,0.0
2020-10-20,0.0
2020-10-21,0.0
2020-10-22,0.0
2020-10-23,0.0
2020-10-26,0.0
2020-10-27,3.3306690738754696e-15
2020-10-28,-0.40193945534849185
2020-10-29,-0.6485582054929124
2020-10-30,-0.8731909915091303
2020-11-02,-0.961239744789947
2020-11-03,-0.9841551425253448
2020-11-04,-0.9892453986271041
2020-11-05,-0.9858317801059138
2020-11-06,-0.9734355800050936
2020-11-09,-0.948191688487569
2020-11-10,-0.943610802779705
2020-11-11,-0.8991310517608122
2020-11-12,-0.8398196607307629
2020-11-13,-0.6964839276086132
2020-11-16,-0.18780087288310465
2020-11-17,0.6039104872619729
2020-11-18,0.8973191892146151
2020-11-19,0.9882596383976432
2020-11-20,0.9994782170963556
2020-11-23,0.0
2020-11-24,0.0
2020-11-25,0.0
2020-11-27,0.0
2020-11-30,0.0
2020-12-01,0.0
2020-12-02,0.0
2020-12-03,0.0
2020-12-04,0.0
2020-12-07,0.0
2020-12-08,0.0
2020-12-09,-1.9984014443252818e-15
2020-12-10,0.38201264350486497
2020-12-11,0.7147785660199943
2020-12-14,0.9312355798275471
2020-12-15,0.992626678716765
2020-12-16,0.0
2020-12-17,0.0
2020-12-18,0.0
2020-12-21,0.0
2020-12-22,0.0
2020-12-23,0.0
2020-12-24,0.0
2020-12-28,0.0
2020-12-29,0.0
2020-12-30,0.0
2020-12-31,0.0
2021-01-04,-2.220446049250313e-15
2021-01-05,-0.06467264577273868
2021-01-06,-0.1971059753082518
2021-01-07,-0.06139279177610435
2021-01-08,0.11602069401237958
2021-01-11,0.2548862412246833
2021-01-12,0.44491862465837473
2021-01-13,0.5553981076250722
2021-01-14,0.6254708499244894
2021-01-15,0.6983181246182881
2021-01-19,0.7535263912889987
2021-01-20,0.8315275727739753
2021-01-21,0.8701202027538986
2021-01-22,0.8974744334766487
2021-01-25,0.9095360061660371
2021-01-26,0.9034175927114148
2021-01-27,0.8304546764879288
2021-01-28,0.8181058117774036
2021-01-29,0.7948224507605848
2021-02-01,0.8190994773255424
2021-02-02,0.9174900828840109
2021-02-03,0.9545913519890918
2021-02-04,0.9795645788208569
2021-02-05,0.9905407630015861
2021-02-08,0.0
2021-02-09,0.0
2021-02-10,0.0
2021-02-11,0.0
2021-02-12,0.0
2021-02-16,0.0
2021-02-17,0.0
2021-02-18,0.0
2021-02-19,0.0
2021-02-22,0.0
2021-02-23,0.0
2021-02-24,9.769962616701378e-15
2021-02-25,-0.674357219286781
2021-02-26,-0.9490382251235494
2021-03-01,-0.9896780542687578
2021-03-02,-0.9995945990751232
2021-03-03,0.0
2021-03-04,0.0
2021-03-05,0.0
2021-03-08,0.0
2021-03-09,0.0
2021-03-10,0.0
2021-03-11,0.0
2021-03-12,0.0
2021-03-15,0.0
2021-03-16,0.0
2021-03-17,0.0
2021-03-18,3.774758283725532e-15
2021-03-19,-0.5437237069706922
2021-03-22,-0.7718654670451721
2021-03-23,-0.8968278326845207
2021-03-24,-0.9654505883707782
2021-03-25,-0.987276904458962
2021-03-26,-0.9969838840018641
2021-03-29,0.0
2021-03-30,0.0
2021-03-31,0.0
2021-04-01,0.0
2021-04-05,0.0
2021-04-06,0.0
2021-04-07,0.0
2021-04-08,0.0
2021-04-09,0.0
2021-04-12,0.0
2021-04-13,0.0
2021-04-14,-3.774758283725532e-15
2021-04-15,0.43383370206686145
2021-04-16,0.701937013519061
2021-04-19,0.8615948555169595
2021-04-20,0.9253206505071563
2021-04-21,0.9558724430327863
2021-04-22,0.9702473995783061
2021-04-23,0.9840838170902111
2021-04-26,0.992687355442557
2021-04-27,0.0
2021-04-28,0.0
2021-04-29,0.0
2021-04-30,0.0
2021-05-03,0.0
2021-05-04,0.0
2021-05-05,0.0
2021-05-06,0.0
2021-05-07,0.0
2021-05-10,0.0
2021-05-11,0.0
2021-05-12,2.4424906541753444e-15
2021-05-13,-0.5598016579056833
2021-05-14,-0.7150595722773996
2021-05-17,-0.8322131113059217
2021-05-18,-0.8767217730913985
2021-05-19,-0.9322864588119288
2021-05-20,-0.9423062443483301
2021-05-21,-0.8431225207381985
2021-05-24,-0.6334813166811533
2021-05-25,-0.3117039929411032
2021-05-26,0.116444003767749
2021-05-27,0.48879035099071677
2021-05-28,0.704909616443377
2021-06-01,0.823449757020162
2021-06-02,0.886100377958408
2021-06-03,0.9010661079281719
2021-06-04,0.9370284712128099
2021-06-07,0.9586462520468364
2021-06-08,0.9682945638531855
2021-06-09,0.9744278413097882
2021-06-10,0.988599155045216
2021-06-11,0.9961538216518493
2021-06-14,0.0
2021-06-15,0.0
2021-06-16,0.0
2021-06-17,0.0
2021-06-18,0.0
2021-06-21,0.0
2021-06-22,0.0
2021-06-23,0.0
2021-06-24,0.0
2021-06-25,0.0
2021-06-28,0.0
2021-06-29,-1.7763568394002505e-15
2021-06-30,0.0346216637698189
2021-07-01,0.05213068058108483
2021-07-02,0.1509689652994357
2021-07-06,0.7749584310485162
2021-07-07,0.948713939202857
2021-07-08,0.9912840344981488
2021-07-09,0.0
2021-07-12,0.0
2021-07-13,0.0
2021-07-14,0.0
2021-07-15,0.0
2021-07-16,0.0
2021-07-19,0.0
2021-07-20,0.0
2021-07-21,0.0
2021-07-22,0.0
2021-07-23,0.0
2021-07-26,-1.3766765505351941e-14
2021-07-27,0.190449230894139
2021-07-28,0.4214628735724115
2021-07-29,0.592476118333928
2021-07-30,0.7227225560980917
2021-08-02,0.8335895578023829
2021-08-03,0.8866748016416148
2021-08-04,0.9515950273722966
2021-08-05,0.9816054684652857
2021-08-06,0.9611081648241557
2021-08-09,0.9380683002842523
2021-08-10,0.7922716591572234
2021-08-11,0.211697067133517
2021-08-12,-0.42399379960308226
2021-08-13,-0.7628118092988583
2021-08-16,-0.9434593188627676
2021-08-17,-0.9941511650567976
2021-08-18,0.0
2021-08-19,0.0
2021-08-20,0.0
2021-08-23,0.0
2021-08-24,0.0
2021-08-25,0.0
2021-08-26,0.0
2021-08-27,0.0
2021-08-30,0.0
2021-08-31,0.0
2021-09-01,0.0
2021-09-02,1.5543122344752192e-15
2021-09-03,0.20484688908653315
2021-09-07,0.35954157183294644
2021-09-08,0.5025839605022115
2021-09-09,0.6219170282705713
2021-09-10,0.7248376456282046
2021-09-13,0.8140738386103776
2021-09-14,0.8875551055623385
2021-09-15,0.9304681434712903
2021-09-16,0.9602817485041522
2021-09-17,0.9754084787225572
2021-09-20,0.9845761714276722
2021-09-21,0.990241614506391
2021-09-22,0.0
2021-09-23,0.0
2021-09-24,0.0
2021-09-27,0.0
2021-09-28,0.0
2021-09-29,0.0
2021-09-30,0.0
2021-10-01,0.0
2021-10-04,0.0
2021-10-05,0.0
2021-10-06,0.0
2021-10-07,0.0
2021-10-08,0.3313882102488186
2021-10-11,0.7184287928183597
2021-10-12,0.9385520679688462
2021-10-13,0.9903834826328395
2021-10-14,0.0
2021-10-15,0.0
2021-10-18,0.0
2021-10-19,0.0
2021-10-20,0.0
2021-10-21,0.0
2021-10-22,0.0
2021-10-25,0.0
2021-10-26,0.0
2021-10-27,0.0
2021-10-28,0.0
2021-10-29,0.0
2021-11-01,0.11206581675374627
2021-11-02,0.21763592748150895
2021-11-03,0.09377356308564644
2021-11-04,-0.14219415728670048
2021-11-05,-0.35426684184100066
2021-11-08,-0.06455382889880079
2021-11-09,0.11491676662424455
2021-11-10,0.014151913361200696
2021-11-11,0.09337116510933363
2021-11-12,0.3056495942411259
2021-11-15,0.5323326678137987
2021-11-16,0.7750696108625212
2021-11-17,0.8435640889716844
2021-11-18,0.9207762926245373
2021-11-19,0.9792426165827657
2021-11-22,0.9977947113027756
2021-11-23,0.0
2021-11-24,0.0
2021-11-26,0.0
2021-11-29,0.0
2021-11-30,0.0
2021-12-01,0.0
2021-12-02,0.0
2021-12-03,0.0
2021-12-06,0.0
2021-12-07,0.0
2021-12-08,0.0
2021-12-09,-4.218847493575595e-15
2021-12-10,0.0012950413742318645
2021-12-13,0.04985001215752738
2021-12-14,-0.23561858488353815
2021-12-15,-0.10819592056696248
2021-12-16,-0.2154884241503754
2021-12-17,-0.23088727552115218
2021-12-20,-0.2524670863013492
2021-12-21,-0.17325844882490937
2021-12-22,0.11887525637738539
2021-12-23,0.4576357041937511
2021-12-27,0.7489560815398086
2021-12-28,0.892680985470764
2021-12-29,0.9585134117844805
2021-12-30,0.984477705699945
2021-12-31,0.9935278800064495
2022-01-03,0.0
2022-01-04,0.0
2022-01-05,0.0
2022-01-06,0.0
2022-01-07,0.0
2022-01-10,0.0
2022-01-11,0.0
2022-01-12,0.0
2022-01-13,0.0
2022-01-14,0.0
2022-01-18,0.0
2022-01-19,-6.661338147750939e-15
2022-01-20,0.005226027674795519
2022-01-21,-0.4760921471212547
2022-01-24,-0.6205882805157841
2022-01-25,-0.8883453532163617
2022-01-26,-0.9754457674258392
2022-01-27,-0.9936154896734544
2022-01-28,0.0
2022-01-31,0.0
2022-02-01,0.0
2022-02-02,0.0
2022-02-03,0.0
2022-02-04,0.0
2022-02-07,0.0
2022-02-08,0.0
2022-02-09,0.0
2022-02-10,0.0
2022-02-11,0.0
2022-02-14,0.0
2022-02-15,0.24167412545446787
2022-02-16,0.44695612472036816
2022-02-17,0.20255286857806643
2022-02-18,-0.326444797287468
2022-02-22,-0.7686269465335409
2022-02-23,-0.9407912912483278
2022-02-24,-0.8117427147960539
2022-02-25,-0.16172845830302918
2022-02-28,0.8101729062644236
2022-03-01,0.9851872578308165
2022-03-02,0.9996923431649616
2022-03-03,0.0
2022-03-04,0.0
2022-03-07,0.0
2022-03-08,0.0
2022-03-09,0.0
2022-03-10,0.0
2022-03-11,0.0
2022-03-14,0.0
2022-03-15,0.0
2022-03-16,0.0
2022-03-17,0.0
2022-03-18,4.6629367034256575e-15
2022-03-21,0.3393976455975767
2022-03-22,0.7553785360589051
2022-03-23,0.9475858581433312
2022-03-24,0.9966521880562029
2022-03-25,0.0
2022-03-28,0.0
2022-03-29,0.0
2022-03-30,0.0
2022-03-31,0.0
2022-04-01,0.0
2022-04-04,0.0
2022-04-05,0.0
2022-04-06,0.0
2022-04-07,0.0
2022-04-08,0.0
2022-04-11,-2.886579864025407e-15
2022-04-12,-0.16594954159146025
2022-04-13,0.2050937899384262
2022-04-14,0.4606402423575102
2022-04-18,0.46434983735114943
2022-04-19,0.6847110303462525
2022-04-20,0.8015882439884106
2022-04-21,0.32300608940463316
2022-04-22,-0.7155600388234844
2022-04-25,-0.8891452233055344
2022-04-26,-0.9926505626820719
2022-04-27,0.0
2022-04-28,0.0
2022-04-29,0.0
2022-05-02,0.0
2022-05-03,0.0
2022-05-04,0.0
2022-05-05,0.0
2022-05-06,0.0
2022-05-09,0.0
2022-05-10,0.0
2022-05-11,0.0
2022-05-12,1.9984014443252818e-15
2022-05-13,-0.17278262012096013
2022-05-16,-0.4181620730356159
2022-05-17,-0.5950696767884516
2022-05-18,-0.800295171281244
2022-05-19,-0.9140957037791793
2022-05-20,-0.9446928717150693
2022-05-23,-0.9545659161921352
2022-05-24,-0.9716227533393138
2022-05-25,-0.9751356390964361
2022-05-26,-0.9790765883285528
2022-05-27,-0.9813538937479069
2022-05-31,-0.9841538155535563
2022-06-01,-0.9866913901528296
2022-06-02,-0.986549850076818
2022-06-03,-0.98716827660901
2022-06-06,-0.9875672448981008
2022-06-07,-0.9861004592463387
2022-06-08,-0.9849177430077023
2022-06-09,-0.9851490446398614
2022-06-10,-0.9882941283831532
2022-06-13,-0.9923846866639701
2022-06-14,0.0
2022-06-15,0.0
2022-06-16,0.0
2022-06-17,0.0
2022-06-21,0.0
2022-06-22,0.0
2022-06-23,0.0
2022-06-24,0.0
2022-06-27,0.0
2022-06-28,0.0
2022-06-29,0.0
2022-06-30,0.0
2022-07-01,0.2923988774535453
2022-07-05,0.6827202564502022
2022-07-06,0.8542574240191843
2022-07-07,0.9461042645591848
2022-07-08,0.9879190048599864
2022-07-11,0.9963049577341796
2022-07-12,0.0
2022-07-13,0.0
2022-07-14,0.0
2022-07-15,0.0
2022-07-18,0.0
2022-07-19,0.0
2022-07-20,0.0
2022-07-21,0.0
2022-07-22,0.0
2022-07-25,0.0
2022-07-26,0.0
2022-07-27,-5.10702591327572e-15
2022-07-28,-0.09222966244825193
2022-07-29,-0.08129405788250432
2022-08-01,0.044761001086085495
2022-08-02,0.2005253624198522
2022-08-03,0.5368027261203232
2022-08-04,0.5537640552369636
2022-08-05,0.5668933897002193
2022-08-08,0.5768935379823503
2022-08-09,0.5807924773452473
2022-08-10,0.7355732615247752
2022-08-11,0.8190661684371716
2022-08-12,0.9090272125278147
2022-08-15,0.9587231189487984
2022-08-16,0.9805437640000081
2022-08-17,0.9874077448233038
2022-08-18,0.9928579885205804
2022-08-19,0.0
2022-08-22,0.0
2022-08-23,0.0
2022-08-24,0.0
2022-08-25,0.0
2022-08-26,0.0
2022-08-29,0.0
2022-08-30,0.0
2022-08-31,0.0
2022-09-01,0.0
2022-09-02,0.0
2022-09-06,8.881784197001252e-16
2022-09-07,-0.08699759024179143
2022-09-08,-0.09647963639079915
2022-09-09,0.06063902911661656
2022-09-12,0.23494989003088085
2022-09-13,0.23101112334285956
2022-09-14,0.2049347105735153
2022-09-15,0.1195367718376168
2022-09-16,-0.09892587071927239
2022-09-19,-0.2718793293360888
2022-09-20,-0.4316480433718861
2022-09-21,-0.6298533337893018
2022-09-22,-0.8223245293412238
2022-09-23,-0.9437838063949984
2022-09-26,-0.9838755255653107
2022-09-27,-0.9959198012759034
2022-09-28,0.0
2022-09-29,0.0
2022-09-30,0.0
2022-10-03,0.0
2022-10-04,0.0
2022-10-05,0.0
2022-10-06,0.0
2022-10-07,0.0
2022-10-10,0.0
2022-10-11,0.0
2022-10-12,0.0
2022-10-13,3.774758283725532e-15
2022-10-14,-0.34931020794275813
2022-10-17,-0.5343523459326112
2022-10-18,-0.5810103881793918
2022-10-19,-0.682775416543528
2022-10-20,-0.7833111004016979
2022-10-21,-0.8199120455441764
2022-10-24,-0.8567387627595986
2022-10-25,-0.8458961900622655
2022-10-26,-0.8300496773760082
2022-10-27,-0.7992366845283627
2022-10-28,-0.729847721249254
2022-10-31,-0.6419321020541731
2022-11-01,-0.5568892015356333
2022-11-02,-0.6187223850146042
2022-11-03,-0.8117738909482901
2022-11-04,-0.9482054053653635
2022-11-07,-0.9873094109766007
2022-11-08,-0.9943235171014633
2022-11-09,0.0
2022-11-10,0.0
2022-11-11,0.0
2022-11-14,0.0
2022-11-15,0.0
2022-11-16,0.0
2022-11-17,0.0
2022-11-18,0.0
2022-11-21,0.0
2022-11-22,0.0
2022-11-23,0.0
2022-11-25,3.774758283725532e-15
2022-11-28,0.2157863915300684
2022-11-29,0.37820756047809523
2022-11-30,0.5004431384204842
2022-12-01,0.7527824552912716
2022-12-02,0.8409288586357215
2022-12-05,0.8795604945867368
2022-12-06,0.8859313278162437
2022-12-07,0.8768296416302304
2022-12-08,0.8327059478047834
2022-12-09,0.7579441176225892
2022-12-12,0.7093367766448804
2022-12-13,0.6413816308536668
2022-12-14,0.5587960246359958
2022-12-15,0.31751620383078394
2022-12-16,0.013542309756704007
2022-12-19,-0.29169969270662066
2022-12-20,-0.5677530225816521
2022-12-21,-0.7822620242768619
2022-12-22,-0.9245503922344884
2022-12-23,-0.981461081357559
2022-12-27,-0.9969921567108784
2022-12-28,0.0
2022-12-29,0.0
2022-12-30,0.0
2023-01-03,0.0
2023-01-04,0.0
2023-01-05,0.0
2023-01-06,0.0
2023-01-09,0.0
2023-01-10,0.0
2023-01-11,0.0
2023-01-12,0.0
2023-01-13,-1.3100631690576847e-14
2023-01-17,0.4984836272332831
2023-01-18,0.7897323475260261
2023-01-19,0.9051973238808191
2023-01-20,0.9937151829868709
2023-01-23,0.0
2023-01-24,0.0
2023-01-25,0.0
2023-01-26,0.0
2023-01-27,0.0
2023-01-30,0.0
2023-01-31,0.0
2023-02-01,0.0
2023-02-02,0.0
2023-02-03,0.0
2023-02-06,0.0
2023-02-07,6.217248937900877e-15
2023-02-08,0.4543612304419593
2023-02-09,0.7555789143021334
2023-02-10,0.8972488260418452
2023-02-13,0.9672243261939464
2023-02-14,0.9953982145484876
2023-02-15,0.0
2023-02-16,0.0
2023-02-17,0.0
2023-02-21,0.0
2023-02-22,0.0
2023-02-23,0.0
2023-02-24,0.0
2023-02-27,0.0
2023-02-28,0.0
2023-03-01,0.0
2023-03-02,0.0
2023-03-03,2.886579864025407e-15
2023-03-06,0.12650649840918948
2023-03-07,0.22471043966700055
2023-03-08,0.3383935862628977
2023-03-09,0.3608792172912032
2023-03-10,0.406653533373428
2023-03-13,0.4520503859102516
2023-03-14,0.4698501445386438
2023-03-15,0.4756237859700361
2023-03-16,0.5718249995302807
2023-03-17,0.6453399591300055
2023-03-20,0.7111686919436191
2023-03-21,0.8087886884859141
2023-03-22,0.8564297512996306
2023-03-23,0.9068596697417353
2023-03-24,0.9338125508910307
2023-03-27,0.9556742405828138
2023-03-28,0.9678311293648512
2023-03-29,0.9785081470700863
2023-03-30,0.9868465530612831
2023-03-31,0.9945280158159575
2023-04-03,0.0
2023-04-04,0.0
2023-04-05,0.0
2023-04-06,0.0
2023-04-10,0.0
2023-04-11,0.0
2023-04-12,0.0
2023-04-13,0.0
2023-04-14,0.0
2023-04-17,0.0
2023-04-18,0.0
2023-04-19,1.0880185641326534e-14
2023-04-20,-0.2762573356316047
2023-04-21,-0.4479032586518614
2023-04-24,-0.6480576171498924
2023-04-25,-0.9567778482582334
2023-04-26,-0.9968244941547681
2023-04-27,0.0
2023-04-28,0.0
2023-05-01,0.0
2023-05-02,0.0
2023-05-03,0.0
2023-05-04,0.0
2023-05-05,0.0
2023-05-08,0.0
2023-05-09,0.0
2023-05-10,0.0
2023-05-11,0.0
2023-05-12,6.217248937900877e-15
2023-05-15,0.13827948257778377
2023-05-16,0.22557016409639052
2023-05-17,0.3066395401683042
2023-05-18,0.3420975808328519
2023-05-19,0.35355775614055696
2023-05-22,0.4308216269319707
2023-05-23,0.45855124879704134
2023-05-24,0.6977376482720836
2023-05-25,0.8730849843466724
2023-05-26,0.9635449385184649
2023-05-30,0.9920030701143305
2023-05-31,0.0
2023-06-01,0.0
2023-06-02,0.0
2023-06-05,0.0
2023-06-06,0.0
2023-06-07,0.0
2023-06-08,0.0
2023-06-09,0.0
2023-06-12,0.0
2023-06-13,0.0
2023-06-14,0.0
2023-06-15,1.9984014443252818e-15
2023-06-16,0.4639087403873192
2023-06-20,0.7082090574492315
2023-06-21,0.8349515130992851
2023-06-22,0.9512366538854231
2023-06-23,0.9830121664476199
2023-06-26,0.9945309376998153
2023-06-27,0.0
2023-06-28,0.0
2023-06-29,0.0
2023-06-30,0.0
2023-07-03,0.0
2023-07-05,0.0
2023-07-06,0.0
2023-07-07,0.0
2023-07-10,0.0
2023-07-11,0.0
2023-07-12,0.0
2023-07-13,-8.881784197001252e-16
2023-07-14,-0.2526486852771117
2023-07-17,-0.23467677579697788
2023-07-18,-0.2642169319843606
2023-07-19,-0.3505331454207967
2023-07-20,-0.5137844795887212
2023-07-21,-0.6144364298065297
2023-07-24,-0.7043690493005523
2023-07-25,-0.7807242326833896
2023-07-26,-0.819762459071681
2023-07-27,-0.8499186082003116
2023-07-28,-0.8513656645427885
2023-07-31,-0.8406849207644158
2023-08-01,-0.8010005597457308
2023-08-02,-0.8956698010882334
2023-08-03,-0.9448868189027169
2023-08-04,-0.993019055879969
2023-08-07,0.0
2023-08-08,0.0
2023-08-09,0.0
2023-08-10,0.0
2023-08-11,0.0
2023-08-14,0.0
2023-08-15,0.0
2023-08-16,0.0
2023-08-17,0.0
2023-08-18,0.0
2023-08-21,0.0
2023-08-22,0.0
2023-08-23,0.3822490597062471
2023-08-24,0.5410035335867382
2023-08-25,0.7073778004040565
2023-08-28,0.8345929427881504
2023-08-29,0.9180599245575007
2023-08-30,0.9698316684999986
2023-08-31,0.9930576639859781
2023-09-01,0.0
2023-09-05,0.0
2023-09-06,0.0
2023-09-07,0.0
2023-09-08,0.0
2023-09-11,0.0
2023-09-12,0.0
2023-09-13,0.0
2023-09-14,0.0
2023-09-15,0.0
2023-09-18,0.0
2023-09-19,-5.995204332975845e-15
2023-09-20,-0.4393999846106855
2023-09-21,-0.8901460541655251
2023-09-22,-0.9870351959713823
2023-09-25,-0.999393180225645
2023-09-26,0.0
2023-09-27,0.0
2023-09-28,0.0
2023-09-29,0.0
2023-10-02,0.0
2023-10-03,0.0
2023-10-04,0.0
2023-10-05,0.0
2023-10-06,0.0
2023-10-09,0.0
2023-10-10,0.0
2023-10-11,3.774758283725532e-15
2023-10-12,0.39977181888637814
2023-10-13,0.6726486596218897
2023-10-16,0.854582993812542
2023-10-17,0.9436490330332781
2023-10-18,0.9799807128593296
2023-10-19,0.988927204034326
2023-10-20,0.9885769126945259
2023-10-23,0.9902668844133296
2023-10-24,0.0
2023-10-25,0.0
2023-10-26,0.0
2023-10-27,0.0
2023-10-30,0.0
2023-10-31,0.0
2023-11-01,0.0
2023-11-02,0.0
2023-11-03,0.0
2023-11-06,0.0
2023-11-07,0.0
2023-11-08,6.8833827526759706e-15
2023-11-09,-0.00858631417514788
2023-11-10,0.4420548685297445
2023-11-13,0.7910266087854712
2023-11-14,0.9701674075949722
2023-11-15,0.9946166576907172
2023-11-16,0.0
2023-11-17,0.0
2023-11-20,0.0
2023-11-21,0.0
2023-11-22,0.0
2023-11-24,0.0
2023-11-27,0.0
2023-11-28,0.0
2023-11-29,0.0
2023-11-30,0.0
2023-12-01,0.0
2023-12-04,3.3306690738754696e-15
2023-12-05,0.26199428535189306
2023-12-06,0.42474830870061364
2023-12-07,0.6128785291024621
2023-12-08,0.7770120537023342
2023-12-11,0.8840748861621519
2023-12-12,0.9525955694816564
2023-12-13,0.9868586081208948
2023-12-14,0.9946248532819597
2023-12-15,0.0
2023-12-18,0.0
2023-12-19,0.0
2023-12-20,0.0
2023-12-21,0.0
2023-12-22,0.0
2023-12-26,0.0
2023-12-27,0.0
2023-12-28,0.0
2023-12-29,0.0
2024-01-02,0.0
2024-01-03,0.0
2024-01-04,-0.464896394953209
2024-01-05,-0.7735531517097507
2024-01-08,-0.8704291290259476
2024-01-09,-0.8418677974843605
2024-01-10,-0.5576447339257116
2024-01-11,0.07034405757975071
2024-01-12,0.6610458810859603
2024-01-16,0.9544163985510798
2024-01-17,0.9966114842134481
2024-01-18,0.0
2024-01-19,0.0
2024-01-22,0.0
2024-01-23,0.0
2024-01-24,0.0
2024-01-25,0.0
2024-01-26,0.0
2024-01-29,0.0
2024-01-30,0.0
2024-01-31,0.0
2024-02-01,0.0
2024-02-02,-1.509903313490213e-14
2024-02-05,0.17349039293158186
2024-02-06,0.15215281551763415
2024-02-07,0.9399908459234294
2024-02-08,0.9997318730328357
2024-02-09,0.0
2024-02-12,0.0
2024-02-13,0.0
2024-02-14,0.0
2024-02-15,0.0
2024-02-16,0.0
2024-02-20,0.0
2024-02-21,0.0
2024-02-22,0.0
2024-02-23,0.0
2024-02-26,0.0
2024-02-27,1.5543122344752192e-15
2024-02-28,-0.0898966180308205
2024-02-29,-0.19800648728834336
2024-03-01,-0.32992822148249434
2024-03-04,-0.4560612445973917
2024-03-05,-0.5888974904742899
2024-03-06,-0.7240758384345334
2024-03-07,-0.8079854442370875
2024-03-08,-0.8766281481580189
2024-03-11,-0.9200858171530608
2024-03-12,-0.9483643410384313
2024-03-13,-0.9650158748495754
2024-03-14,-0.9771825651415775
2024-03-15,-0.9862045415299352
2024-03-18,-0.9914337222145777
2024-03-19,0.0
2024-03-20,0.0
2024-03-21,0.0
2024-03-22,0.0
2024-03-25,0.0
2024-03-26,0.0
2024-03-27,0.0
2024-03-28,0.0
2024-04-01,0.0
2024-04-02,0.0
2024-04-03,0.0
2024-04-04,7.327471962526033e-15
2024-04-05,-0.33360736556217807
2024-04-08,-0.602875331124769
2024-04-09,-0.6087623054567679
2024-04-10,-0.5782858221416127
2024-04-11,-0.4891135578387382
2024-04-12,-0.5014591872954457
2024-04-15,-0.6400864941882238
2024-04-16,-0.7079923172185516
2024-04-17,-0.7355711446374191
2024-04-18,-0.7124091233378538
2024-04-19,-0.7342154279270363
2024-04-22,-0.7055282203510953
2024-04-23,-0.49057581454727384
2024-04-24,-0.21871527826850512
2024-04-25,-0.035251875976669345
2024-04-26,0.1971086646953717
2024-04-29,0.44103073180710806
2024-04-30,0.6014513327938085
2024-05-01,0.686272232348258
2024-05-02,0.8265383843115637
2024-05-03,0.9156172743103319
2024-05-06,0.9710040603801366
2024-05-07,0.9939377627974724
2024-05-08,0.0
2024-05-09,0.0
2024-05-10,0.0
2024-05-13,0.0
2024-05-14,0.0
2024-05-15,0.0
2024-05-16,0.0
2024-05-17,0.0
2024-05-20,0.0
2024-05-21,0.0
2024-05-22,0.0
2024-05-23,0.0
2024-05-24,0.32427421770012455
2024-05-28,0.3013201743884817
2024-05-29,0.25517250162283434
2024-05-30,-0.10152771193086618
2024-05-31,-0.3863531606038493
2024-06-03,-0.6171730947370486
2024-06-04,-0.8189361978674601
2024-06-05,-0.8994247393266961
2024-06-06,-0.9451040360319922
2024-06-07,-0.9585113680631061
2024-06-10,-0.9524370974799405
2024-06-11,-0.9335534034613262
2024-06-12,-0.8760593118012443
2024-06-13,-0.7911303115112696
2024-06-14,-0.7008193089781567
2024-06-17,-0.5636000896750866
2024-06-18,-0.43998009407600613
2024-06-20,-0.39701070138146366
2024-06-21,-0.21059597668005914
2024-06-24,-0.07696607331368432
2024-06-25,0.1499855581570002
2024-06-26,0.39510703095713007
2024-06-27,0.7455932202649236
2024-06-28,0.9127218647275519
2024-07-01,0.9785917676862548
2024-07-02,0.9958630684986156
2024-07-03,0.0
2024-07-05,0.0
2024-07-08,0.0
2024-07-09,0.0
2024-07-10,0.0
2024-07-11,0.0
2024-07-12,0.0
2024-07-15,0.0
2024-07-16,0.0
2024-07-17,0.0
2024-07-18,0.0
2024-07-19,9.769962616701378e-15
2024-07-22,-0.08197015235361582
2024-07-23,-0.0833626355908692
2024-07-24,-0.48895239776039734
2024-07-25,-0.8288092034597476
2024-07-26,-0.9168020698061465
2024-07-29,-0.9778668553686971
2024-07-30,-0.997405430181123
2024-07-31,0.0
2024-08-01,0.0
2024-08-02,0.0
2024-08-05,0.0
2024-08-06,0.0
2024-08-07,0.0
2024-08-08,0.0
2024-08-09,0.0
2024-08-12,0.0
2024-08-13,0.0
2024-08-14,0.0
2024-08-15,3.3306690738754696e-15
2024-08-16,0.18865479360272652
2024-08-19,0.4602433935273378
2024-08-20,0.8251843880719196
2024-08-21,0.9459072258565966
2024-08-22,0.9790158871110153
2024-08-23,0.9928350482911221
2024-08-26,0.0
2024-08-27,0.0
2024-08-28,0.0
2024-08-29,0.0
2024-08-30,0.0
2024-09-03,0.0
2024-09-04,0.0
2024-09-05,0.0
2024-09-06,0.0
2024-09-09,0.0
2024-09-10,0.0
2024-09-11,1.7763568394002505e-15
2024-09-12,-0.10169089196333436
2024-09-13,-0.14558664797389098
2024-09-16,-0.20753677097784906
2024-09-17,-0.46083500507356523
2024-09-18,-0.7745959543176197
2024-09-19,-0.9020220751691699
2024-09-20,-0.9388594554239462
2024-09-23,-0.9497696879762383
2024-09-24,-0.9605723969376454
2024-09-25,-0.9751982078095509
2024-09-26,-0.9865754084953895
2024-09-27,-0.994458240789956
2024-09-30,0.0
2024-10-01,0.0
2024-10-02,0.0
2024-10-03,0.0
2024-10-04,0.0
2024-10-07,0.0
2024-10-08,0.0
2024-10-09,0.0
2024-10-10,0.0
2024-10-11,0.0
2024-10-14,0.0
2024-10-15,-2.220446049250313e-15
2024-10-16,0.25701399991592444
2024-10-17,0.5010689673982749
2024-10-18,0.673858527100911
2024-10-21,0.8130611202697704
2024-10-22,0.8918302626401715
2024-10-23,0.8987834485629684
2024-10-24,0.920576834575678
2024-10-25,0.9409675453383854
2024-10-28,0.9506896668963198
2024-10-29,0.962294041284752
2024-10-30,0.965719683370837
2024-10-31,0.9695584658885599
2024-11-01,0.9747134749511106
2024-11-04,0.9780267267735361
2024-11-05,0.9835980247360492
2024-11-06,0.9932311550693838
2024-11-07,0.0
2024-11-08,0.0
2024-11-11,0.0
2024-11-12,0.0
2024-11-13,0.0
2024-11-14,0.0
2024-11-15,0.0
2024-11-18,0.0
2024-11-19,0.0
2024-11-20,0.0
2024-11-21,0.0
2024-11-22,-6.661338147750939e-15
2024-11-25,-0.21682194437749436
2024-11-26,-0.06249381413323274
2024-11-27,-0.3251556331345187
2024-11-29,-0.44713814936610285
2024-12-02,-0.4915593909679541
2024-12-03,-0.47096327802399385
2024-12-04,-0.10791694104911276
2024-12-05,0.2160817659310248
2024-12-06,0.5586735686696311
2024-12-09,0.47315478112628195
2024-12-10,0.40456451377513747
2024-12-11,0.5358477526348095
2024-12-12,0.6756682214466141
2024-12-13,0.6802376503593122
2024-12-16,0.8355155089746933
2024-12-17,0.9091763453141664
2024-12-18,0.769766462100685
2024-12-19,0.5541969199729255
2024-12-20,0.1454001559747895
2024-12-23,-0.22938286213293857
2024-12-24,-0.5009917684913912
2024-12-26,-0.7319959810833687
2024-12-27,-0.9029595051399286
2024-12-30,-0.9789590559810595
2024-12-31,-0.9978021245908875
2025-01-02,0.0
2025-01-03,0.0
2025-01-06,0.0
2025-01-07,0.0
2025-01-08,0.0
2025-01-10,0.0
2025-01-13,0.0
2025-01-14,0.0
2025-01-15,0.0
2025-01-16,0.0
2025-01-17,0.0
2025-01-21,9.325873406851315e-15
2025-01-22,0.4830757295147139
2025-01-23,0.7806342433632878
2025-01-24,0.9265319809616759
2025-01-27,0.9835721138235258
2025-01-28,0.9983946516383673
2025-01-29,0.0
2025-01-30,0.0
2025-01-31,0.0
2025-02-03,0.0
2025-02-04,0.0
2025-02-05,0.0
2025-02-06,0.0
2025-02-07,0.0
2025-02-10,0.0
2025-02-11,0.0
2025-02-12,0.0
2025-02-13,-3.1086244689504383e-15
2025-02-14,0.3329962302411913
2025-02-18,0.7605419999560077
2025-02-19,0.919319872548414
2025-02-20,0.9577556677881354
2025-02-21,0.9548308091839752
2025-02-24,0.9493680961770079
2025-02-25,0.9318829218510456
2025-02-26,0.9209133498034716
2025-02-27,0.8951463516412503
2025-02-28,0.888841796305085
2025-03-03,0.8212968208080975
2025-03-04,0.741605831316976
2025-03-05,0.6433276373883436
2025-03-06,0.43062048614458615
2025-03-07,0.21914522747795284
2025-03-10,-0.16876610346936038
2025-03-11,-0.40954236068297445
2025-03-12,-0.5971563889916531
2025-03-13,-0.7755295055997582
2025-03-14,-0.842540023802419
2025-03-17,-0.8749520699198388
2025-03-18,-0.9112895382997153
2025-03-19,-0.9195163306843595
2025-03-20,-0.940599907386108
2025-03-21,-0.960876795017048
2025-03-24,-0.9702279985451658
2025-03-25,-0.9685050300995361
2025-03-26,-0.9757748106638835
2025-03-27,-0.9910189388815205
2025-03-28,0.0
2025-03-31,0.0
2025-04-01,0.0
2025-04-02,0.0
2025-04-03,0.0
2025-04-04,0.0
2025-04-07,0.0
2025-04-08,0.0
2025-04-09,0.0
2025-04-10,0.0
2025-04-11,0.0
2025-04-14,0.0
2025-04-15,0.20280383212973763
2025-04-16,0.2901271567707686
2025-04-17,0.3215414091702333
2025-04-21,0.1760254006208768
2025-04-22,0.11750386485965536
2025-04-23,0.16793725664199544
2025-04-24,0.3747778065400309
2025-04-25,0.5940231494736801
2025-04-28,0.7795295684429324
2025-04-29,0.9171592081766557
2025-04-30,0.9741816016765057
2025-05-01,0.9927907100725661
2025-05-02,0.0
2025-05-05,0.0
2025-05-06,0.0
2025-05-07,0.0
2025-05-08,0.0
2025-05-09,0.0
2025-05-12,0.0
2025-05-13,0.0
2025-05-14,0.0
2025-05-15,0.0
2025-05-16,0.0
2025-05-19,1.2434497875801753e-14
2025-05-20,0.33268579921314245
2025-05-21,-0.3906183124960152
2025-05-22,-0.6370582931519189
2025-05-23,-0.7798029796397836
2025-05-27,-0.8554172693592161
2025-05-28,-0.9009333059670237
2025-05-29,-0.954821115657013
2025-05-30,-0.9249792709993263
2025-06-02,-0.828626234445645
2025-06-03,-0.5719729135585312
2025-06-04,-0.37189961418720774
2025-06-05,0.03641538040651415
2025-06-06,0.5424400255756652
2025-06-09,0.7579673107240268
2025-06-10,0.8797088511137485
2025-06-11,0.9300131494110562
2025-06-12,0.9781419343933266
2025-06-13,0.9922120545338
2025-06-16,0.0
2025-06-17,0.0
2025-06-18,0.0
2025-06-20,0.0
2025-06-23,0.0
2025-06-24,0.0
2025-06-25,0.0
2025-06-26,0.0
2025-06-27,0.0
2025-06-30,0.0
2025-07-01,0.0
2025-07-02,1.7763568394002505e-14
2025-07-03,0.07996651001188582
2025-07-07,0.12097323490544509
2025-07-08,0.3522050733768096
2025-07-09,0.6538451652560275
2025-07-10,0.07070051572635916
2025-07-11,-0.7463966493952361
2025-07-14,-0.9557114967979254
2025-07-15,-0.9931838783061131
2025-07-16,0.0
2025-07-17,0.0
2025-07-18,0.0
2025-07-21,0.0
2025-07-22,0.0
2025-07-23,0.0
2025-07-24,0.0
2025-07-25,0.0
2025-07-28,0.0
2025-07-29,0.0
2025-07-30,0.0
2025-07-31,6.661338147750939e-16
2025-08-01,-0.5140971961437715
2025-08-04,-0.838510865218332
2025-08-05,-0.9653590682753457
2025-08-06,-0.9924888412919168
2025-08-07,0.0
2025-08-08,0.0
2025-08-11,0.0
2025-08-12,0.0
2025-08-13,0.0
2025-08-14,0.0
2025-08-15,0.0
2025-08-18,0.0
2025-08-19,0.0
2025-08-20,0.0
2025-08-21,0.0
2025-08-22,-5.995204332975845e-15
2025-08-25,0.27048531085816085
2025-08-26,0.4863711082541773
2025-08-27,0.7175300135005918
2025-08-28,0.8907944292151626
2025-08-29,0.9624386987676223
2025-09-02,0.988654348640394
2025-09-03,0.9972761595005974
2025-09-04,0.0
2025-09-05,0.0
2025-09-08,0.0
2025-09-09,0.0
2025-09-10,0.0
2025-09-11,0.0
2025-09-12,0.0
2025-09-15,0.0
2025-09-16,0.0
2025-09-17,0.0
2025-09-18,0.0
2025-09-19,-5.773159728050814e-15
2025-09-22,0.4003290726509552
2025-09-23,0.5322901442489374
2025-09-24,0.5598555323391281
2025-09-25,0.6304526279595248
2025-09-26,0.6943266851917722
2025-09-29,0.779848656377865
2025-09-30,0.8387923992859494
2025-10-01,0.9149097667108688
2025-10-02,0.9681499845422517
2025-10-03,0.9858999502942958
2025-10-06,0.9972469805933821
2025-10-07,0.0
2025-10-08,0.0
2025-10-09,0.0
2025-10-10,0.0
2025-10-13,0.0
2025-10-14,0.0
2025-10-15,0.0
2025-10-16,0.0
2025-10-17,0.0
2025-10-20,0.0
2025-10-21,0.0
2025-10-22,-5.10702591327572e-15
2025-10-23,0.23001722162365978
2025-10-24,0.522547313803486
2025-10-27,0.811938642725933
2025-10-28,0.9495592581277665
2025-10-29,0.9779773658145416
2025-10-30,0.9925356325883803
2025-10-31,0.0
2025-11-03,0.0
2025-11-04,0.0
2025-11-05,0.0
2025-11-06,0.0
2025-11-07,0.0
2025-11-10,0.0
2025-11-11,0.0
2025-11-12,0.0
2025-11-13,0.0
2025-11-14,0.0
2025-11-17,-2.220446049250313e-15
2025-11-18,-0.4132855777851052
2025-11-19,-0.7279168452564091
2025-11-20,-0.9771121814297472
2025-11-21,-0.9994837251256334
2025-11-24,0.0
2025-11-25,0.0
2025-11-26,0.0
2025-11-28,0.0
2025-12-01,0.0
2025-12-02,0.0
2025-12-03,0.0
2025-12-04,0.0
2025-12-05,0.0
2025-12-08,0.0
2025-12-09,0.0
2025-12-10,-9.769962616701378e-15
2025-12-11,-0.04050004978382349
2025-12-12,-0.01811106863040468
2025-12-15,-0.24633754177236078
2025-12-16,-0.3986745467966757
2025-12-17,-0.6351771618884956
2025-12-18,-0.7486731482191002
2025-12-19,-0.815613018565629
2025-12-22,-0.8311279228557926
2025-12-23,-0.8627208823672534
2025-12-24,-0.8974122586659103
2025-12-26,-0.9143765428023849
2025-12-29,-0.9387437059515935
2025-12-30,-0.9565016814795617
2025-12-31,-0.9768567377819131
2026-01-02,-0.9932939403633434
2026-01-05,0.0
2026-01-06,0.0
2026-01-07,0.0
2026-01-08,0.0
2026-01-09,0.0
2026-01-12,0.0
2026-01-13,0.0
2026-01-14,0.0
2026-01-15,0.0
2026-01-16,0.0
2026-01-20,0.0
2026-01-21,-3.552713678800501e-15
2026-01-22,-0.3127995775892811
2026-01-23,-0.6441886421060137
2026-01-26,-0.7432462704132452
2026-01-27,-0.8323874279265513
2026-01-28,-0.8896841253567811
2026-01-29,-0.9768776867799087
2026-01-30,-0.9958253285504002
2026-02-02,0.0
2026-02-03,0.0
2026-02-04,0.0
2026-02-05,0.0
2026-02-06,0.0
2026-02-09,0.0
2026-02-10,0.0
2026-02-11,0.0
2026-02-12,0.0
2026-02-13,0.0
2026-02-17,0.0
2026-02-18,-4.218847493575595e-15
2026-02-19,-0.44086959035918083
2026-02-20,-0.7801258798978847
2026-02-23,-0.9567410210506149
2026-02-24,-0.99587458545746
2026-02-25,0.0
2026-02-26,0.0
2026-02-27,0.0
2026-03-02,0.0
2026-03-03,0.0
2026-03-04,0.0
2026-03-05,0.0
2026-03-06,0.0
2026-03-09,0.0
2026-03-10,0.0
2026-03-11,0.0
2026-03-12,-3.1086244689504383e-15
2026-03-13,0.23301743317991996
2026-03-16,0.44159425010749964
2026-03-17,0.6372181127701566
2026-03-18,0.7723137224473757
2026-03-19,0.8690869828864578
2026-03-20,0.8908230564720143
2026-03-23,0.9146702369977846
2026-03-24,0.900311146394793
2026-03-25,0.8583846316348891
2026-03-26,0.8338041564884091
2026-03-27,0.7128738235118088
2026-03-30,0.6539784663473531
2026-03-31,0.6691102060258101
2026-04-01,0.6874813666815007
2026-04-02,0.7315290716362686
2026-04-06,0.7583322046965262
2026-04-07,0.8426068385733911
2026-04-08,0.9175859211032564
2026-04-09,0.9425451770943618
2026-04-10,0.9302523886632148
2026-04-13,0.9392587358133215
2026-04-14,0.944684921786453
2026-04-15,0.9554598632947289
2026-04-16,0.9690657453411964
2026-04-17,0.9797114886445681
2026-04-20,0.9880689093407389
2026-04-21,0.9950311106591734
2026-04-22,0.0
2026-04-23,0.0
2026-04-24,0.0
2026-04-27,0.0
2026-04-28,0.0
2026-04-29,0.0
2026-04-30,0.0
2026-05-01,0.0
2026-05-04,0.0
2026-05-05,0.0
2026-05-06,0.0
2026-05-07,3.552713678800501e-15
2026-05-08,0.8094300421733134
2026-05-11,0.995007183610243
2026-05-12,0.0
2026-05-13,0.0
2026-05-14,0.0
2026-05-15,0.0
2026-05-18,0.0
2026-05-19,0.0
2026-05-20,0.0
2026-05-21,0.0
2026-05-22,0.0
2026-05-26,0.0
2026-05-27,0.0
2026-05-28,-1.9984014443252818e-15
2026-05-29,0.5709092256964743
2026-06-01,0.9438727472483845
2026-06-02,0.9961341670475343
2026-06-03,0.0
2026-06-04,0.0
2026-06-05,0.0
2026-06-08,0.0
2026-06-09,0.0
2026-06-10,0.0
2026-06-11,0.0
2026-06-12,0.0
2026-06-15,0.0
2026-06-16,0.0
2026-06-17,0.0
2026-06-18,-5.995204332975845e-15
2026-06-22,0.25331110636591836
2026-06-23,0.5536235992643408
2026-06-24,0.6838967251162478
2026-06-25,0.8541087694928975
2026-06-26,0.9714626705014289
2026-06-29,0.9997262088036487
2026-06-30,0.0
2026-07-01,0.0
2026-07-02,0.0
2026-07-06,0.0
2026-07-07,0.0
2026-07-08,0.0
2026-07-09,0.0
2026-07-10,0.0
2026-07-13,0.0
2026-07-14,0.0
2026-07-15,0.0
2026-07-16,-6.439293542825908e-15
2026-07-17,0.281593917383719
2026-07-20,0.3672511336578095
2026-07-21,0.3482749462494341
2026-07-22,0.2265333610825342
2026-07-23,-0.04403210906936428
2026-07-24,-0.32101959309398986
2026-07-27,-0.6177349870043423
