2012-08-13,0.0
2012-08-14,0.0
2012-08-15,0.0
2012-08-16,0.0
2012-08-17,0.0
2012-08-20,0.0
2012-08-21,0.0
2012-08-22,0.0
2012-08-23,0.0
2012-08-24,0.0
2012-08-27,0.0
2012-08-28,0.0
2012-08-29,0.20940842745415744
2012-08-30,0.39118543247073356
2012-08-31,0.5416823058669205
2012-09-04,0.6616482784377808
2012-09-05,0.7543788035540331
2012-09-06,0.8242656643557749
2012-09-07,0.8758393368020225
2012-09-10,0.9132318272961242
2012-09-11,0.9399395403618225
2012-09-12,0.9587731666628363
2012-09-13,0.9719088350735412
2012-09-14,0.9809835263276994
2012-09-17,0.9872008862797546
2012-09-18,0.9914297300075303
2012-09-19,0.0
2012-09-20,0.0
2012-09-21,0.0
2012-09-24,0.0
2012-09-25,0.0
2012-09-26,0.0
2012-09-27,0.0
2012-09-28,0.0
2012-10-01,0.0
2012-10-02,0.0
2012-10-03,0.0
2012-10-04,
2012-10-05,
2012-10-08,
2012-10-09,
2012-10-10,1.0
2012-10-11,0.0
2012-10-12,0.0
2012-10-15,0.0
2012-10-16,0.0
2012-10-17,0.0
2012-10-18,0.0
2012-10-19,0.0
2012-10-22,0.0
2012-10-23,0.0
2012-10-24,0.0
2012-10-25,0.0
2012-10-26,
2012-10-31,
2012-11-01,
2012-11-02,
2012-11-05,
2012-11-06,
2012-11-07,
2012-11-08,1.0
2012-11-09,0.0
2012-11-12,0.0
2012-11-13,0.0
2012-11-14,0.0
2012-11-15,0.0
2012-11-16,0.0
2012-11-19,0.0
2012-11-20,0.0
2012-11-21,0.0
2012-11-23,0.0
2012-11-26,0.0
2012-11-27,
2012-11-28,
2012-11-29,
2012-11-30,
2012-12-03,
2012-12-04,
2012-12-05,
2012-12-06,
2012-12-07,
2012-12-10,
2012-12-11,
2012-12-12,
2012-12-13,
2012-12-14,
2012-12-17,
2012-12-18,
2012-12-19,
2012-12-20,
2012-12-21,
2012-12-24,
2012-12-26,
2012-12-27,
2012-12-28,
2012-12-31,
2013-01-02,
2013-01-03,
2013-01-04,
2013-01-07,
2013-01-08,
2013-01-09,
2013-01-10,
2013-01-11,
2013-01-14,
2013-01-15,
2013-01-16,
2013-01-17,
2013-01-18,
2013-01-22,
2013-01-23,
2013-01-24,
2013-01-25,
2013-01-28,
2013-01-29,
2013-01-30,
2013-01-31,
2013-02-01,
2013-02-04,
2013-02-05,
2013-02-06,
2013-02-07,
2013-02-08,
2013-02-11,
2013-02-12,
2013-02-13,
2013-02-14,
2013-02-15,
2013-02-19,
2013-02-20,
2013-02-21,
2013-02-22,
2013-02-25,
2013-02-26,
2013-02-27,
2013-02-28,
2013-03-01,
2013-03-04,
2013-03-05,
2013-03-06,
2013-03-07,
2013-03-08,
2013-03-11,
2013-03-12,
2013-03-13,
2013-03-14,
2013-03-15,
2013-03-18,
2013-03-19,
2013-03-20,
2013-03-21,
2013-03-22,
2013-03-25,
2013-03-26,
2013-03-27,
2013-03-28,
2013-04-01,
2013-04-02,
2013-04-03,
2013-04-04,
2013-04-05,
2013-04-08,
2013-04-09,
2013-04-10,
2013-04-11,1.0
2013-04-12,0.0
2013-04-15,0.0
2013-04-16,0.0
2013-04-17,0.0
2013-04-18,0.0
2013-04-19,0.0
2013-04-22,0.0
2013-04-23,0.0
2013-04-24,0.0
2013-04-25,0.0
2013-04-26,0.0
2013-04-29,-6.772360450213455e-14
2013-04-30,0.028112025895762116
2013-05-01,0.05414843424674065
2013-05-02,0.07840226887408841
2013-05-03,0.10110819935962811
2013-05-06,0.12245695559515557
2013-05-07,0.14260559255924754
2013-05-08,0.1616849431792955
2013-05-09,0.17980513031883483
2013-05-10,0.19705971106933573
2013-05-13,0.21352883920204002
2013-05-14,0.9813929204571108
2013-05-15,0.9999862715890635
2013-05-16,0.0
2013-05-17,0.0
2013-05-20,0.0
2013-05-21,0.0
2013-05-22,0.0
2013-05-23,0.0
2013-05-24,0.0
2013-05-28,0.0
2013-05-29,0.0
2013-05-30,0.0
2013-05-31,0.0
2013-06-03,8.881784197001252e-16
2013-06-04,-0.14701791956559496
2013-06-05,-0.279018794633616
2013-06-06,-0.3952320853430633
2013-06-07,-0.495969966110833
2013-06-10,-0.582212536431074
2013-06-11,-0.6553023762982944
2013-06-12,-0.7167327062303102
2013-06-13,-0.7680086613863017
2013-06-14,-0.8105623804442303
2013-06-17,-0.8457059349796066
2013-06-18,-0.8746097900117606
2013-06-19,-0.8982977497420079
2013-06-20,-0.9176519771912259
2013-06-21,-0.9334236853548423
2013-06-24,-0.946246571148752
2013-06-25,-0.9566511130166799
2013-06-26,-0.9650785820162409
2013-06-27,-0.9718941103514722
2013-06-28,-0.9773984877016424
2013-07-01,-0.9818385646516994
2013-07-02,-0.9854162708595429
2013-07-03,-0.9858546059695386
2013-07-05,-0.9862890946811937
2013-07-08,-0.9867184720788242
2013-07-09,-0.9871416832918252
2013-07-10,-0.9875578557854809
2013-07-11,-0.9879662752602039
2013-07-12,-0.9883663646732697
2013-07-15,-0.9887576659646522
2013-07-16,-0.9891398241267257
2013-07-17,-0.9895125733075933
2013-07-18,-0.9898757246806791
2013-07-19,-0.9902291558500076
2013-07-22,0.0
2013-07-23,0.0
2013-07-24,0.0
2013-07-25,0.0
2013-07-26,0.0
2013-07-29,0.0
2013-07-30,0.0
2013-07-31,0.0
2013-08-01,0.0
2013-08-02,0.0
2013-08-05,0.0
2013-08-06,-1.1546319456101628e-14
2013-08-07,0.24662639614872317
2013-08-08,0.4551731494827229
2013-08-09,0.6197829476752728
2013-08-12,0.7427198228458114
2013-08-13,0.8304881333404799
2013-08-14,0.8908625174829279
2013-08-15,0.931125803648071
2013-08-16,0.9572855284874666
2013-08-19,0.9739093315188734
2013-08-20,0.9842747002454939
2013-08-21,0.9906328432913691
2013-08-22,0.0
2013-08-23,0.0
2013-08-26,0.0
2013-08-27,0.0
2013-08-28,0.0
2013-08-29,0.0
2013-08-30,0.0
2013-09-03,0.0
2013-09-04,0.0
2013-09-05,0.0
2013-09-06,0.0
2013-09-09,0.0
2013-09-10,0.06381370652694063
2013-09-11,-0.05272759965571461
2013-09-12,-0.1603299740342743
2013-09-13,-0.2585405026128116
2013-09-16,-0.34736078616095467
2013-09-17,-0.4270975552781633
2013-09-18,-0.4982504805975334
2013-09-19,-0.4283287144339085
2013-09-20,-0.3580473807827167
2013-09-23,-0.28808800439076987
2013-09-24,-0.2190258293418883
2013-09-25,0.3302498760621464
2013-09-26,0.7297313784086001
2013-09-27,0.9202797588242693
2013-09-30,0.9826065323844861
2013-10-01,0.9985778262133984
2013-10-02,0.0
2013-10-03,0.0
2013-10-04,0.0
2013-10-07,0.0
2013-10-08,0.0
2013-10-09,0.0
2013-10-10,0.0
2013-10-11,0.0
2013-10-14,0.0
2013-10-15,0.0
2013-10-16,0.0
2013-10-17,
2013-10-18,
2013-10-21,
2013-10-22,
2013-10-23,
2013-10-24,1.0
2013-10-25,0.0
2013-10-28,0.0
2013-10-29,0.0
2013-10-30,0.0
2013-10-31,0.0
2013-11-01,0.0
2013-11-04,0.0
2013-11-05,0.0
2013-11-06,0.0
2013-11-07,0.0
2013-11-08,0.0
2013-11-11,
2013-11-12,
2013-11-13,
2013-11-14,
2013-11-15,
2013-11-18,
2013-11-19,
2013-11-20,
2013-11-21,
2013-11-22,
2013-11-25,
2013-11-26,
2013-11-27,
2013-11-29,
2013-12-02,
2013-12-03,
2013-12-04,
2013-12-05,
2013-12-06,
2013-12-09,
2013-12-10,1.0
2013-12-11,0.0
2013-12-12,0.0
2013-12-13,0.0
2013-12-16,0.0
2013-12-17,0.0
2013-12-18,0.0
2013-12-19,0.0
2013-12-20,0.0
2013-12-23,0.0
2013-12-24,0.0
2013-12-26,0.0
2013-12-27,3.552713678800501e-15
2013-12-30,-0.24662639614873094
2013-12-31,-0.45517314948273024
2014-01-02,-0.619782947675279
2014-01-03,-0.7427198228458165
2014-01-06,-0.8304881333404837
2014-01-07,-0.8908625174829305
2014-01-08,-0.931125803648073
2014-01-09,-0.957285528487468
2014-01-10,-0.8546903621730604
2014-01-13,-0.6389949429210411
2014-01-14,-0.3073073547983953
2014-01-15,0.08028934494055484
2014-01-16,0.4357830655517403
2014-01-17,0.698836186616405
2014-01-21,0.859626884024911
2014-01-22,0.9424801708527191
2014-01-23,0.9895497496332528
2014-01-24,0.9986262744852146
2014-01-27,0.0
2014-01-28,0.0
2014-01-29,0.0
2014-01-30,0.0
2014-01-31,0.0
2014-02-03,0.0
2014-02-04,0.0
2014-02-05,0.0
2014-02-06,0.0
2014-02-07,0.0
2014-02-10,0.0
2014-02-11,
2014-02-12,
2014-02-13,
2014-02-14,
2014-02-18,
2014-02-19,
2014-02-20,
2014-02-21,
2014-02-24,
2014-02-25,
2014-02-26,
2014-02-27,
2014-02-28,
2014-03-03,
2014-03-04,
2014-03-05,1.0
2014-03-06,0.0
2014-03-07,0.0
2014-03-10,0.0
2014-03-11,0.0
2014-03-12,0.0
2014-03-13,0.0
2014-03-14,0.0
2014-03-17,0.0
2014-03-18,0.0
2014-03-19,0.0
2014-03-20,0.0
2014-03-21,0.0
2014-03-24,-0.44733476961237617
2014-03-25,-0.7475191096706912
2014-03-26,-0.7319733660772831
2014-03-27,-0.7173824727940037
2014-03-28,-0.7036663756877988
2014-03-31,-0.6907515908674196
2014-04-01,-0.6785712595484874
2014-04-02,-0.6670648572190832
2014-04-03,-0.6561777390944792
2014-04-04,-0.6458606235836721
2014-04-07,-0.6360690694842748
2014-04-08,-0.4271799316485265
2014-04-09,-0.18516454259286608
2014-04-10,0.06574381189010192
2014-04-11,0.30142893933673864
2014-04-14,0.504162477756569
2014-04-15,0.6653342713580823
2014-04-16,0.7847010464436321
2014-04-17,0.8676330831724695
2014-04-21,0.9220133202525784
2014-04-22,0.9558473878744538
2014-04-23,0.9759153019694944
2014-04-24,0.9978885212684538
2014-04-25,0.0
2014-04-28,0.0
2014-04-29,0.0
2014-04-30,0.0
2014-05-01,0.0
2014-05-02,0.0
2014-05-05,0.0
2014-05-06,0.0
2014-05-07,0.0
2014-05-08,0.0
2014-05-09,0.0
2014-05-12,0.0
2014-05-13,0.14894061898992317
2014-05-14,-0.9798522452530865
2014-05-15,-0.9999969047209682
2014-05-16,0.0
2014-05-19,0.0
2014-05-20,0.0
2014-05-21,0.0
2014-05-22,0.0
2014-05-23,0.0
2014-05-27,0.0
2014-05-28,0.0
2014-05-29,0.0
2014-05-30,0.0
2014-06-02,0.0
2014-06-03,-1.84297022087776e-14
2014-06-04,0.2514162297659006
2014-06-05,0.46322503772371215
2014-06-06,0.6292814791406691
2014-06-09,0.7521574973529446
2014-06-10,0.8388988348365958
2014-06-11,0.8977984931827727
2014-06-12,0.936517758516346
2014-06-13,0.9612856486487851
2014-06-16,0.9767659749198712
2014-06-17,0.9862511665742477
2014-06-18,0.9919642676646059
2014-06-19,0.0
2014-06-20,0.0
2014-06-23,0.0
2014-06-24,0.0
2014-06-25,0.0
2014-06-26,0.0
2014-06-27,0.0
2014-06-30,0.0
2014-07-01,0.0
2014-07-02,0.0
2014-07-03,0.0
2014-07-07,-2.4202861936828413e-14
2014-07-08,0.3305051666164769
2014-07-09,0.589281210531512
2014-07-10,0.7667792244729204
2014-07-11,0.4396616797284745
2014-07-14,0.008072663004508707
2014-07-15,-0.4034506053560458
2014-07-16,-0.2542505488129363
2014-07-17,-0.10333403503597571
2014-07-18,0.04380891771864914
2014-07-21,0.1828188572924383
2014-07-22,-0.04347111233184453
2014-07-23,-0.25712981593208606
2014-07-24,-0.4451911010366252
2014-07-25,-0.600781167342932
2014-07-28,-0.7226276857639209
2014-07-29,-0.8134931640389405
2014-07-30,-0.8783538512019651
2014-07-31,-0.9228682695483825
2014-08-01,-0.9523560819971009
2014-08-04,-0.9712742739076552
2014-08-05,-0.9830639919825344
2014-08-06,-0.9902196779232297
2014-08-07,0.0
2014-08-08,0.0
2014-08-11,0.0
2014-08-12,0.0
2014-08-13,0.0
2014-08-14,0.0
2014-08-15,0.0
2014-08-18,0.0
2014-08-19,0.0
2014-08-20,0.0
2014-08-21,0.0
2014-08-22,
2014-08-25,
2014-08-26,-1.0
2014-08-27,0.0
2014-08-28,0.0
2014-08-29,0.0
2014-09-02,0.0
2014-09-03,0.0
2014-09-04,0.0
2014-09-05,0.0
2014-09-08,0.0
2014-09-09,0.0
2014-09-10,0.0
2014-09-11,0.0
2014-09-12,0.0
2014-09-15,0.1775728946142603
2014-09-16,0.3346375554022949
2014-09-17,0.4691986233024217
2014-09-18,0.5815846983800621
2014-09-19,0.6735389657803614
2014-09-22,0.7475191096706912
2014-09-23,0.8062139141255449
2014-09-24,0.8522413084428273
2014-09-25,0.8879814560883192
2014-09-26,0.9155020602760704
2014-09-29,0.9365418714414275
2014-09-30,0.9525277448570819
2014-10-01,0.9646085835702418
2014-10-02,0.9736955998908392
2014-10-03,0.980502657745683
2014-10-06,0.9855833601807344
2014-10-07,0.9893633906013295
2014-10-08,0.9921677217761959
2014-10-09,0.0
2014-10-10,0.0
2014-10-13,0.0
2014-10-14,0.0
2014-10-15,0.0
2014-10-16,0.0
2014-10-17,0.0
2014-10-20,0.0
2014-10-21,0.0
2014-10-22,0.0
2014-10-23,0.0
2014-10-24,0.0
2014-10-27,-0.20940842745415744
2014-10-28,-0.39118543247073356
2014-10-29,-0.5416823058669205
2014-10-30,-0.6616482784377808
2014-10-31,-0.7543788035540329
2014-11-03,-0.8242656643557749
2014-11-04,-0.6995379864755171
2014-11-05,-0.537006761065566
2014-11-06,-0.34554072103153266
2014-11-07,-0.13876240814162766
2014-11-10,0.06834284540240465
2014-11-11,0.26257559930568153
2014-11-12,0.434523676769365
2014-11-13,0.5791907523857613
2014-11-14,0.695536493062189
2014-11-17,0.7854214434226028
2014-11-18,0.851716447646748
2014-11-19,0.8997525311286105
2014-11-20,0.9328732211183051
2014-11-21,0.9558347396920488
2014-11-24,0.9714108412117402
2014-11-25,0.9817701031997466
2014-11-26,0.9885366359778096
2014-11-28,0.9928841483217081
2014-12-01,0.0
2014-12-02,0.0
2014-12-03,0.0
2014-12-04,0.0
2014-12-05,0.0
2014-12-08,0.0
2014-12-09,0.0
2014-12-10,0.0
2014-12-11,0.0
2014-12-12,0.0
2014-12-15,0.0
2014-12-16,1.8207657603852567e-14
2014-12-17,-0.16138507011108927
2014-12-18,-0.3053214639553832
2014-12-19,-0.43051266858479287
2014-12-22,-0.5372500978269086
2014-12-23,-0.6268032946336413
2014-12-24,-0.700959961420438
2014-12-26,-0.7617061448079605
2014-12-29,-0.8110200911494179
2014-12-30,-0.850750709368638
2014-12-31,-0.8825551093797972
2015-01-02,-0.9078750899900985
2015-01-05,-0.9279377604415227
2015-01-06,-0.9437699368415073
2015-01-07,-0.9562193927497471
2015-01-08,-0.9659785517768036
2015-01-09,-0.9736079644148896
2015-01-12,-0.9795580935513089
2015-01-13,-0.9841887008169614
2015-01-14,-0.8771388129519457
2015-01-15,-0.5164098049441161
2015-01-16,0.09211141517417953
2015-01-20,0.6359101276745645
2015-01-21,0.9064050695348582
2015-01-22,0.9846718526175748
2015-01-23,0.9916785140042006
2015-01-26,0.0
2015-01-27,0.0
2015-01-28,0.0
2015-01-29,0.0
2015-01-30,0.0
2015-02-02,0.0
2015-02-03,0.0
2015-02-04,0.0
2015-02-05,0.0
2015-02-06,0.0
2015-02-09,0.0
2015-02-10,
2015-02-11,
2015-02-12,
2015-02-13,1.0
2015-02-17,0.0
2015-02-18,0.0
2015-02-19,0.0
2015-02-20,0.0
2015-02-23,0.0
2015-02-24,0.0
2015-02-25,0.0
2015-02-26,0.0
2015-02-27,0.0
2015-03-02,0.0
2015-03-03,0.0
2015-03-04,
2015-03-05,
2015-03-06,
2015-03-09,
2015-03-10,
2015-03-11,
2015-03-12,
2015-03-13,
2015-03-16,
2015-03-17,
2015-03-18,
2015-03-19,
2015-03-20,
2015-03-23,
2015-03-24,
2015-03-25,
2015-03-26,
2015-03-27,
2015-03-30,
2015-03-31,
2015-04-01,
2015-04-02,
2015-04-06,
2015-04-07,
2015-04-08,
2015-04-09,
2015-04-10,
2015-04-13,
2015-04-14,
2015-04-15,
2015-04-16,
2015-04-17,
2015-04-20,
2015-04-21,
2015-04-22,
2015-04-23,
2015-04-24,
2015-04-27,1.0
2015-04-28,0.0
2015-04-29,0.0
2015-04-30,0.0
2015-05-01,0.0
2015-05-04,0.0
2015-05-05,0.0
2015-05-06,0.0
2015-05-07,0.0
2015-05-08,0.0
2015-05-11,0.0
2015-05-12,0.0
2015-05-13,0.0
2015-05-14,-0.2927364921158806
2015-05-15,-0.5307788439582604
2015-05-18,-0.7057338956950368
2015-05-19,-0.8242656643557749
2015-05-20,-0.8994045958436663
2015-05-21,-0.944488901902129
2015-05-22,-0.8927934196391918
2015-05-26,-0.8143596684339593
2015-05-27,-0.7067998879004596
2015-05-28,-0.5715985485645234
2015-05-29,-0.41401181824066224
2015-06-01,-0.2420445708166168
2015-06-02,-0.06492600512050095
2015-06-03,0.10842819590108466
2015-06-04,0.2705989065053973
2015-06-05,0.4163224939026262
2015-06-08,0.5426381801580682
2015-06-09,0.6486501427348461
2015-06-10,0.7350699072937044
2015-06-11,0.803689121585228
2015-06-12,0.8568897949187184
2015-06-15,0.8972510049928273
2015-06-16,0.9272712959137774
2015-06-17,0.9491995309123531
2015-06-18,0.9649532866888322
2015-06-19,0.9760998182004266
2015-06-22,0.9838764800794368
2015-06-23,0.989232151449041
2015-06-24,0.9928765396273369
2015-06-25,0.0
2015-06-26,0.0
2015-06-29,0.0
2015-06-30,0.0
2015-07-01,0.0
2015-07-02,0.0
2015-07-06,0.0
2015-07-07,0.0
2015-07-08,0.0
2015-07-09,0.0
2015-07-10,0.0
2015-07-13,9.547918011776346e-15
2015-07-14,0.6215224067553278
2015-07-15,0.9103670057321134
2015-07-16,0.9860937031046544
2015-07-17,0.9985038357102545
2015-07-20,0.0
2015-07-21,0.0
2015-07-22,0.0
2015-07-23,0.0
2015-07-24,0.0
2015-07-27,0.0
2015-07-28,0.0
2015-07-29,0.0
2015-07-30,0.0
2015-07-31,0.0
2015-08-03,0.0
2015-08-04,3.1086244689504383e-15
2015-08-05,0.17757289461426318
2015-08-06,0.3346375554022978
2015-08-07,0.46919862330242457
2015-08-10,0.5815846983800645
2015-08-11,0.6735389657803637
2015-08-12,0.747519109670693
2015-08-13,0.8062139141255464
2015-08-14,0.9352608264001894
2015-08-17,0.9821661133858692
2015-08-18,0.9958700800364426
2015-08-19,0.0
2015-08-20,0.0
2015-08-21,0.0
2015-08-24,0.0
2015-08-25,0.0
2015-08-26,0.0
2015-08-27,0.0
2015-08-28,0.0
2015-08-31,0.0
2015-09-01,0.0
2015-09-02,0.0
2015-09-03,-9.547918011776346e-15
2015-09-04,-0.03023835148110332
2015-09-08,-0.058238955589169805
2015-09-09,-0.08431381428156515
2015-09-10,-0.10871346396269899
2015-09-11,-0.13164201877174464
2015-09-14,-0.1532679116951614
2015-09-15,-0.17373172058092967
2015-09-16,-0.19315197376806736
2015-09-17,-0.2116295268889552
2015-09-18,-0.2292509107170435
2015-09-21,-0.2460909258014059
2015-09-22,-0.2622146774928258
2015-09-23,-0.13630466633661742
2015-09-24,-0.01198628377425015
2015-09-25,0.10794701851181387
2015-09-28,0.22128941034306693
2015-09-29,0.3264501553364332
2015-09-30,0.4224239848594067
2015-10-01,0.5087236866434921
2015-10-02,0.5852921947622269
2015-10-05,0.6524079654511585
2015-10-06,0.710593528741589
2015-10-07,0.7605334978568781
2015-10-08,0.8030053432637481
2015-10-09,0.838824006924805
2015-10-12,0.8687999096649595
2015-10-13,0.8937089804629812
2015-10-14,0.9142728742700417
2015-10-15,0.9311474112634015
2015-10-16,0.9449173505486075
2015-10-19,0.9560958149070857
2015-10-20,0.9651269442421844
2015-10-21,0.972390629118469
2015-10-22,0.978208434386634
2015-10-23,0.9828500511421148
2015-10-26,0.9865398067946927
2015-10-27,0.989462917169897
2015-10-28,0.9917712840540962
2015-10-29,0.0
2015-10-30,0.0
2015-11-02,0.0
2015-11-03,0.0
2015-11-04,0.0
2015-11-05,0.0
2015-11-06,0.0
2015-11-09,0.0
2015-11-10,0.0
2015-11-11,0.0
2015-11-12,0.0
2015-11-13,0.0
2015-11-16,0.12184700125315495
2015-11-17,0.23236392690599805
2015-11-18,0.3314758611134754
2015-11-19,0.41957963320407954
2015-11-20,0.49735450040064366
2015-11-23,0.565630236343786
2015-11-24,0.6252979771007241
2015-11-25,0.6772519464888784
2015-11-27,0.0291437025005441
2015-11-30,-0.3039819464326121
2015-12-01,-0.5757887606910594
2015-12-02,-0.7661710757346862
2015-12-03,-0.8827669821454749
2015-12-04,-0.9948786975908706
2015-12-07,0.0
2015-12-08,0.0
2015-12-09,0.0
2015-12-10,0.0
2015-12-11,0.0
2015-12-14,0.0
2015-12-15,0.0
2015-12-16,0.0
2015-12-17,0.0
2015-12-18,0.0
2015-12-21,0.0
2015-12-22,
2015-12-23,
2015-12-24,
2015-12-28,
2015-12-29,
2015-12-30,
2015-12-31,
2016-01-04,
2016-01-05,
2016-01-06,
2016-01-07,
2016-01-08,
2016-01-11,-1.0
2016-01-12,0.0
2016-01-13,0.0
2016-01-14,0.0
2016-01-15,0.0
2016-01-19,0.0
2016-01-20,0.0
2016-01-21,0.0
2016-01-22,0.0
2016-01-25,0.0
2016-01-26,0.0
2016-01-27,0.0
2016-01-28,4.440892098500626e-15
2016-01-29,-0.12184700125315051
2016-02-01,-0.2323639269059934
2016-02-02,0.11653845169126176
2016-02-03,0.42468509677880384
2016-02-04,0.6484114324583703
2016-02-05,0.8002745583576114
2016-02-08,0.8937201289892136
2016-02-09,0.7863249283429052
2016-02-10,0.6269646399512752
2016-02-11,0.421098053200889
2016-02-12,0.18531756176393155
2016-02-16,0.08800560784661093
2016-02-17,-0.006573073642296645
2016-02-18,-0.07413271965852508
2016-02-19,-0.13867320454577747
2016-02-22,-0.23259011819319375
2016-02-23,-0.3201638083711613
2016-02-24,-0.4009483740233992
2016-02-25,-0.4747529981829586
2016-02-26,-0.5415955811077615
2016-02-29,-0.6016575341439263
2016-03-01,-0.6552421672836517
2016-03-02,-0.7027380582091611
2016-03-03,-0.7838760238483671
2016-03-04,-0.846241818173785
2016-03-07,-0.8928347045792255
2016-03-08,-0.9267433201130433
2016-03-09,-0.9508305305732987
2016-03-10,-0.9675619172585028
2016-03-11,-0.9789448417389714
2016-03-14,-0.9865409850330191
2016-03-15,-0.9915198656963238
2016-03-16,0.0
2016-03-17,0.0
2016-03-18,0.0
2016-03-21,0.0
2016-03-22,0.0
2016-03-23,0.0
2016-03-24,0.0
2016-03-28,0.0
2016-03-29,0.0
2016-03-30,0.0
2016-03-31,0.0
2016-04-01,
2016-04-04,1.0
2016-04-05,0.0
2016-04-06,0.0
2016-04-07,0.0
2016-04-08,0.0
2016-04-11,0.0
2016-04-12,0.0
2016-04-13,0.0
2016-04-14,0.0
2016-04-15,0.0
2016-04-18,0.0
2016-04-19,0.0
2016-04-20,0.0
2016-04-21,0.08742513917218497
2016-04-22,0.16757711518191432
2016-04-25,0.24087537928407454
2016-04-26,0.30779043375653825
2016-04-27,0.3688072349788185
2016-04-28,0.42440335602936363
2016-04-29,0.4750364035635666
2016-05-02,0.5211372398466525
2016-05-03,0.5631068332558002
2016-05-04,0.6013153547475902
2016-05-05,0.636102637994294
2016-05-06,0.6677794387317064
2016-05-09,0.6966291324411362
2016-05-10,0.7229096207703274
2016-05-11,0.7468553022012565
2016-05-12,0.7686790178235638
2016-05-13,0.788573919106411
2016-05-16,0.806715227971837
2016-05-17,0.8232618745900593
2016-05-18,0.8383580079665962
2016-05-19,0.8521343804284924
2016-05-20,0.8647096107690839
2016-05-23,0.8761913328927211
2016-05-24,0.886677237856192
2016-05-25,0.8962560175956664
2016-05-26,0.9050082185998853
2016-05-27,0.9130070135044814
2016-05-31,0.9203188981468335
2016-06-01,0.9270043211071444
2016-06-02,0.9331182522161359
2016-06-03,0.9387106959627012
2016-06-06,0.9438271552046367
2016-06-07,0.9485090500831219
2016-06-08,0.9527940965728283
2016-06-09,0.9567166486669603
2016-06-10,0.9603080078005779
2016-06-13,0.963596702755247
2016-06-14,-0.07013860584795628
2016-06-15,-0.9739362285751914
2016-06-16,-0.9999844823653101
2016-06-17,0.0
2016-06-20,0.0
2016-06-21,0.0
2016-06-22,0.0
2016-06-23,0.0
2016-06-24,0.0
2016-06-27,0.0
2016-06-28,0.0
2016-06-29,0.0
2016-06-30,0.0
2016-07-01,0.0
2016-07-05,0.0
2016-07-06,-2.3737566192671977e-06
2016-07-07,-4.574818227132127e-06
2016-07-08,-6.6295414475892045e-06
2016-07-11,-8.558701206418107e-06
2016-07-12,-1.0378949732769982e-05
2016-07-13,-1.2103831322107794e-05
2016-07-14,0.6696026150114578
2016-07-15,0.9422185307672764
2016-07-18,0.9864448019562206
2016-07-19,0.9974310522497507
2016-07-20,0.0
2016-07-21,0.0
2016-07-22,0.0
2016-07-25,0.0
2016-07-26,0.0
2016-07-27,0.0
2016-07-28,0.0
2016-07-29,0.0
2016-08-01,0.0
2016-08-02,0.0
2016-08-03,0.0
2016-08-04,0.0
2016-08-05,0.3544357631902302
2016-08-08,0.6246008144340596
2016-08-09,0.801041068907598
2016-08-10,0.9027455715609967
2016-08-11,0.9556744552274143
2016-08-12,0.9809835263276994
2016-08-15,0.9922575756392225
2016-08-16,0.0
2016-08-17,0.0
2016-08-18,0.0
2016-08-19,0.0
2016-08-22,0.0
2016-08-23,0.0
2016-08-24,0.0
2016-08-25,0.0
2016-08-26,0.0
2016-08-29,0.0
2016-08-30,0.0
2016-08-31,-2.90878432451791e-14
2016-09-01,-0.6215224067553415
2016-09-02,-0.9103670057321185
2016-09-06,-0.9860937031046555
2016-09-07,-0.7507875424874737
2016-09-08,0.05957912220517936
2016-09-09,0.7819146978308109
2016-09-12,0.9800280268891539
2016-09-13,0.9992414160541283
2016-09-14,0.0
2016-09-15,0.0
2016-09-16,0.0
2016-09-19,0.0
2016-09-20,0.0
2016-09-21,0.0
2016-09-22,0.0
2016-09-23,0.0
2016-09-26,0.0
2016-09-27,0.0
2016-09-28,0.0
2016-09-29,
2016-09-30,1.0
2016-10-03,0.0
2016-10-04,0.0
2016-10-05,0.0
2016-10-06,0.0
2016-10-07,0.0
2016-10-10,0.0
2016-10-11,0.0
2016-10-12,0.0
2016-10-13,0.0
2016-10-14,0.0
2016-10-17,0.0
2016-10-18,
2016-10-19,
2016-10-20,
2016-10-21,
2016-10-24,
2016-10-25,
2016-10-26,
2016-10-27,
2016-10-28,
2016-10-31,
2016-11-01,
2016-11-02,
2016-11-03,-1.0
2016-11-04,0.0
2016-11-07,0.0
2016-11-08,0.0
2016-11-09,0.0
2016-11-10,0.0
2016-11-11,0.0
2016-11-14,0.0
2016-11-15,0.0
2016-11-16,0.0
2016-11-17,0.0
2016-11-18,0.0
2016-11-21,2.886579864025407e-15
2016-11-22,-0.17757289461425718
2016-11-23,-0.334637555402292
2016-11-25,-0.5568340466029797
2016-11-28,-0.7200480623873058
2016-11-29,-0.7551257785986771
2016-11-30,-0.8326827354556341
2016-12-01,-0.8877379190805721
2016-12-02,-0.9258647190510563
2016-12-05,-0.9517193181831782
2016-12-06,-0.968939391589964
2016-12-07,-0.9802321156113707
2016-12-08,-0.9831779136328525
2016-12-09,-0.985674475390248
2016-12-12,-0.9877924302633276
2016-12-13,-0.9895908473687316
2016-12-14,-0.9911192295140321
2016-12-15,0.0
2016-12-16,0.0
2016-12-19,0.0
2016-12-20,0.0
2016-12-21,0.0
2016-12-22,0.0
2016-12-23,0.0
2016-12-27,0.0
2016-12-28,0.0
2016-12-29,0.0
2016-12-30,0.0
2017-01-03,
2017-01-04,
2017-01-05,
2017-01-06,
2017-01-09,
2017-01-10,
2017-01-11,
2017-01-12,
2017-01-13,
2017-01-17,
2017-01-18,
2017-01-19,
2017-01-20,
2017-01-23,
2017-01-24,
2017-01-25,
2017-01-26,
2017-01-27,
2017-01-30,
2017-01-31,1.0
2017-02-01,0.0
2017-02-02,0.0
2017-02-03,0.0
2017-02-06,0.0
2017-02-07,0.0
2017-02-08,0.0
2017-02-09,0.0
2017-02-10,0.0
2017-02-13,0.0
2017-02-14,0.0
2017-02-15,0.0
2017-02-16,0.0
2017-02-17,0.3855774920737143
2017-02-21,0.668397548427329
2017-02-22,0.8405592797163515
2017-02-23,0.930686542306532
2017-02-24,0.9723822349209306
2017-02-27,0.9562335189335132
2017-02-28,0.9953583142418307
2017-03-01,0.0
2017-03-02,0.0
2017-03-03,0.0
2017-03-06,0.0
2017-03-07,0.0
2017-03-08,0.0
2017-03-09,0.0
2017-03-10,0.0
2017-03-13,0.0
2017-03-14,0.0
2017-03-15,0.0
2017-03-16,-7.105427357601002e-15
2017-03-17,0.2924563319729221
2017-03-20,0.5303328726616319
2017-03-21,0.7052492505315808
2017-03-22,0.8238318871842116
2017-03-23,0.8990627286092432
2017-03-24,0.9442433869970621
2017-03-27,0.9701617656440698
2017-03-28,0.9844662689595134
2017-03-29,0.9982512130580183
2017-03-30,0.0
2017-03-31,0.0
2017-04-03,0.0
2017-04-04,0.0
2017-04-05,0.0
2017-04-06,0.0
2017-04-07,0.0
2017-04-10,0.0
2017-04-11,0.0
2017-04-12,0.0
2017-04-13,0.0
2017-04-17,
2017-04-18,
2017-04-19,
2017-04-20,
2017-04-21,
2017-04-24,
2017-04-25,
2017-04-26,
2017-04-27,
2017-04-28,
2017-05-01,
2017-05-02,
2017-05-03,1.0
2017-05-04,0.0
2017-05-05,0.0
2017-05-08,0.0
2017-05-09,0.0
2017-05-10,0.0
2017-05-11,0.0
2017-05-12,0.0
2017-05-15,0.0
2017-05-16,0.0
2017-05-17,0.0
2017-05-18,0.0
2017-05-19,
2017-05-22,
2017-05-23,
2017-05-24,1.0
2017-05-25,0.0
2017-05-26,0.0
2017-05-30,0.0
2017-05-31,0.0
2017-06-01,0.0
2017-06-02,0.0
2017-06-05,0.0
2017-06-06,0.0
2017-06-07,0.0
2017-06-08,0.0
2017-06-09,0.0
2017-06-12,0.0
2017-06-13,-0.20940842745415744
2017-06-14,-0.39118543247073356
2017-06-15,-0.5416823058669205
2017-06-16,-0.6616482784377808
2017-06-19,-0.7543788035540331
2017-06-20,-0.8242656643557749
2017-06-21,-0.8758393368020225
2017-06-22,-0.9132318272961244
2017-06-23,-0.9399395403618225
2017-06-26,-0.9587731666628363
2017-06-27,-0.9719088350735412
2017-06-28,-0.9809835263276994
2017-06-29,-0.9921204560405992
2017-06-30,0.0
2017-07-03,0.0
2017-07-05,0.0
2017-07-06,0.0
2017-07-07,0.0
2017-07-10,0.0
2017-07-11,0.0
2017-07-12,0.0
2017-07-13,0.0
2017-07-14,0.0
2017-07-17,0.0
2017-07-18,
2017-07-19,
2017-07-20,
2017-07-21,
2017-07-24,
2017-07-25,
2017-07-26,
2017-07-27,
2017-07-28,
2017-07-31,
2017-08-01,
2017-08-02,
2017-08-03,
2017-08-04,
2017-08-07,
2017-08-08,
2017-08-09,
2017-08-10,
2017-08-11,
2017-08-14,-1.0
2017-08-15,0.0
2017-08-16,0.0
2017-08-17,0.0
2017-08-18,0.0
2017-08-21,0.0
2017-08-22,0.0
2017-08-23,0.0
2017-08-24,0.0
2017-08-25,0.0
2017-08-28,0.0
2017-08-29,0.0
2017-08-30,-2.475797344914099e-13
2017-08-31,0.9997563284140187
2017-09-01,0.0
2017-09-05,0.0
2017-09-06,0.0
2017-09-07,0.0
2017-09-08,0.0
2017-09-11,0.0
2017-09-12,0.0
2017-09-13,0.0
2017-09-14,0.0
2017-09-15,0.0
2017-09-18,0.0
2017-09-19,-1.554312234475219e-14
2017-09-20,0.09188658078576051
2017-09-21,0.17602869497435636
2017-09-22,0.25280965166605673
2017-09-25,0.32269778403303295
2017-09-26,0.38619723584198207
2017-09-27,-0.2370035145845346
2017-09-28,-0.7128364669654759
2017-09-29,-0.9263457101530412
2017-10-02,-0.9868204147360551
2017-10-03,-0.9983004665393385
2017-10-04,0.0
2017-10-05,0.0
2017-10-06,0.0
2017-10-09,0.0
2017-10-10,0.0
2017-10-11,0.0
2017-10-12,0.0
2017-10-13,0.0
2017-10-16,0.0
2017-10-17,0.0
2017-10-18,0.0
2017-10-19,-1.376676550535194e-13
2017-10-20,0.8063867000791722
2017-10-23,0.9877670886349148
2017-10-24,0.9997172389985061
2017-10-25,0.0
2017-10-26,0.0
2017-10-27,0.0
2017-10-30,0.0
2017-10-31,0.0
2017-11-01,0.0
2017-11-02,0.0
2017-11-03,0.0
2017-11-06,0.0
2017-11-07,0.0
2017-11-08,0.0
2017-11-09,0.0
2017-11-10,-0.3358636870007363
2017-11-13,-0.5973115831463218
2017-11-14,-0.7747482488317661
2017-11-15,-0.8825494234231568
2017-11-16,-0.9423731708154579
2017-11-17,-0.9731741602168975
2017-11-20,-0.9659891010104038
2017-11-21,-0.95785679629856
2017-11-22,-0.9487990780920654
2017-11-24,-0.9388475906231566
2017-11-27,-0.9280414134173143
2017-11-28,-0.9164250017021949
2017-11-29,-0.9040464476521741
2017-11-30,-0.890956043989801
2017-12-01,-0.877205120151243
2017-12-04,-0.8628451167279494
2017-12-05,-0.8479268635424879
2017-12-06,-0.8325000287063302
2017-12-07,-0.6898782726162345
2017-12-08,-0.49171595832793535
2017-12-11,-0.2503451614754766
2017-12-12,-0.2593040434838547
2017-12-13,-0.2680227755946074
2017-12-14,-0.2765145146310566
2017-12-15,-0.2514940975863946
2017-12-18,-0.2269279655302887
2017-12-19,0.09208198340913398
2017-12-20,0.38958252118543424
2017-12-21,0.6284873820554251
2017-12-22,0.7954456783355033
2017-12-26,0.8979663571530248
2017-12-27,0.9537669222732821
2017-12-28,0.993352514013268
2017-12-29,0.0
2018-01-02,0.0
2018-01-03,0.0
2018-01-04,0.0
2018-01-05,0.0
2018-01-08,0.0
2018-01-09,0.0
2018-01-10,0.0
2018-01-11,0.0
2018-01-12,0.0
2018-01-16,0.0
2018-01-17,2.5757174171303632e-14
2018-01-18,0.23059509609991058
2018-01-19,0.4279121990207839
2018-01-22,0.5870611673380819
2018-01-23,0.5496312455202137
2018-01-24,0.5132343490984514
2018-01-25,0.47789438171211396
2018-01-26,0.4436151210303092
2018-01-29,0.41038643500560856
2018-01-30,0.21273425343615782
2018-01-31,0.010390236634318706
2018-02-01,-0.18376504313161535
2018-02-02,-0.359831091593392
2018-02-05,-0.5117752403157043
2018-02-06,-0.6372967818035971
2018-02-07,-0.7370529469628653
2018-02-08,-0.9803579886334657
2018-02-09,-0.9995432457714766
2018-02-12,0.0
2018-02-13,0.0
2018-02-14,0.0
2018-02-15,0.0
2018-02-16,0.0
2018-02-20,0.0
2018-02-21,0.0
2018-02-22,0.0
2018-02-23,0.0
2018-02-26,0.0
2018-02-27,0.0
2018-02-28,-8.215650382226158e-15
2018-03-01,0.046033066311777615
2018-03-02,0.08858364810920327
2018-03-05,0.12807968720700225
2018-03-06,0.16487552269518235
2018-03-07,-0.10810037220287882
2018-03-08,-0.3547524304789098
2018-03-09,-0.5572998148509827
2018-03-12,-0.6733593941880784
2018-03-13,-0.7230188519580856
2018-03-14,-0.7655635471104174
2018-03-15,-0.8018921310639409
2018-03-16,-0.8700899564507956
2018-03-19,-0.916958934910493
2018-03-20,-0.9619681587802333
2018-03-21,-0.9837649592286613
2018-03-22,-0.9965102431356669
2018-03-23,0.0
2018-03-26,0.0
2018-03-27,0.0
2018-03-28,0.0
2018-03-29,0.0
2018-04-02,0.0
2018-04-03,0.0
2018-04-04,0.0
2018-04-05,0.0
2018-04-06,0.0
2018-04-09,0.0
2018-04-10,-3.042011087472929e-14
2018-04-11,0.23856589454968113
2018-04-12,0.4415254938371138
2018-04-13,0.6035081881369884
2018-04-16,0.7263249528666429
2018-04-17,0.9962973266490511
2018-04-18,0.0
2018-04-19,0.0
2018-04-20,0.0
2018-04-23,0.0
2018-04-24,0.0
2018-04-25,0.0
2018-04-26,0.0
2018-04-27,0.0
2018-04-30,0.0
2018-05-01,0.0
2018-05-02,0.0
2018-05-03,1.1324274851176597e-14
2018-05-04,-0.21962041695839507
2018-05-07,-0.40898368604045165
2018-05-08,-0.5638519042698391
2018-05-09,-0.6852551402986196
2018-05-10,-0.7772030019383125
2018-05-11,-0.844895669327874
2018-05-14,-0.8935694236077192
2018-05-15,-0.9278805592043182
2018-05-16,-0.9516638163531115
2018-05-17,-0.9990702824718725
2018-05-18,0.0
2018-05-21,0.0
2018-05-22,0.0
2018-05-23,0.0
2018-05-24,0.0
2018-05-25,0.0
2018-05-29,0.0
2018-05-30,0.0
2018-05-31,0.0
2018-06-01,0.0
2018-06-04,0.0
2018-06-05,-1.7763568394002505e-15
2018-06-06,0.09261052603299147
2018-06-07,0.1773987229290659
2018-06-08,0.25474129308790094
2018-06-11,0.32510596681108295
2018-06-12,0.3890000739759034
2018-06-13,0.4469385184129888
2018-06-14,0.49942428933813243
2018-06-15,0.546937072664055
2018-06-18,0.5899270834124151
2018-06-19,0.6288122432576471
2018-06-20,0.7074834122111051
2018-06-21,0.7716918025923882
2018-06-22,0.8233497413950928
2018-06-25,0.8643899757516258
2018-06-26,0.8966341921205725
2018-06-27,0.9217189351732358
2018-06-28,0.941063173763911
2018-06-29,0.9558638392420378
2018-07-02,0.9671085386249774
2018-07-03,0.9755975177155738
2018-07-05,0.9819694300429502
2018-07-06,0.9856796098465463
2018-07-09,0.9886373134083772
2018-07-10,0.9909920759006121
2018-07-11,0.0
2018-07-12,0.0
2018-07-13,0.0
2018-07-16,0.0
2018-07-17,0.0
2018-07-18,0.0
2018-07-19,0.0
2018-07-20,0.0
2018-07-23,0.0
2018-07-24,0.0
2018-07-25,0.0
2018-07-26,0.0
2018-07-27,-0.6215224067553211
2018-07-30,-0.9103670057321109
2018-07-31,-0.9860937031046539
2018-08-01,-0.9985038357102545
2018-08-02,0.0
2018-08-03,0.0
2018-08-06,0.0
2018-08-07,0.0
2018-08-08,0.0
2018-08-09,0.0
2018-08-10,0.0
2018-08-13,0.0
2018-08-14,0.0
2018-08-15,0.0
2018-08-16,0.0
2018-08-17,-1.2434497875801753e-14
2018-08-20,0.11835955464783776
2018-08-21,0.22584782952060345
2018-08-22,0.3224634680145875
2018-08-23,0.40861527681673837
2018-08-24,0.4849551698700618
2018-08-27,0.5522628451523905
2018-08-28,0.611368329484792
2018-08-29,0.6631015544789878
2018-08-30,0.708260869639727
2018-08-31,0.7475946063796266
2018-09-04,0.7817914855446564
2018-09-05,0.8114768983210565
2018-09-06,0.8372129852946688
2018-09-07,0.8595010779599976
2018-09-10,0.8787855201948771
2018-09-11,0.8954582063180199
2018-09-12,0.9098633957080087
2018-09-13,0.9223025193573982
2018-09-14,0.9330388010739199
2018-09-17,0.9423015895120059
2018-09-18,0.9502903468993442
2018-09-19,0.9571782733557483
2018-09-20,0.9883152927709511
2018-09-21,0.9973366529263545
2018-09-24,0.0
2018-09-25,0.0
2018-09-26,0.0
2018-09-27,0.0
2018-09-28,0.0
2018-10-01,0.0
2018-10-02,0.0
2018-10-03,0.0
2018-10-04,0.0
2018-10-05,0.0
2018-10-08,0.0
2018-10-09,0.0
2018-10-10,-0.4079621139946348
2018-10-11,-0.6982949231938131
2018-10-12,-0.8655145915155853
2018-10-15,-0.9466604376290069
2018-10-16,-0.9808752367302853
2018-10-17,-0.9937142257901881
2018-10-18,0.0
2018-10-19,0.0
2018-10-22,0.0
2018-10-23,0.0
2018-10-24,0.0
2018-10-25,0.0
2018-10-26,0.0
2018-10-29,0.0
2018-10-30,0.0
2018-10-31,0.0
2018-11-01,0.0
2018-11-02,
2018-11-05,
2018-11-06,
2018-11-07,
2018-11-08,
2018-11-09,
2018-11-12,
2018-11-13,
2018-11-14,
2018-11-15,-1.0
2018-11-16,0.0
2018-11-19,0.0
2018-11-20,0.0
2018-11-21,0.0
2018-11-23,0.0
2018-11-26,0.0
2018-11-27,0.0
2018-11-28,0.0
2018-11-29,0.0
2018-11-30,0.0
2018-12-03,0.0
2018-12-04,2.0650148258027912e-14
2018-12-06,0.3103927042124659
2018-12-07,0.5585339458550722
2018-12-10,0.7353338549305877
2018-12-11,0.7761830248384316
2018-12-12,0.8106411147275234
2018-12-13,0.839719034769076
2018-12-14,0.8642678805675899
2018-12-17,0.8850032795958973
2018-12-18,0.902526594826335
2018-12-19,0.8829414135536593
2018-12-20,0.8616719340221846
2018-12-21,0.8388352218432777
2018-12-24,0.8145575999882568
2018-12-26,0.7889706946921962
2018-12-27,0.5315212158871263
2018-12-28,0.1729937416592735
2018-12-31,-0.21286123342828356
2019-01-02,-0.541979910138946
2019-01-03,-0.7694388272865893
2019-01-04,-0.8993104347321712
2019-01-07,-0.9616316584203053
2019-01-08,-0.9871508921871066
2019-01-09,-0.9961889332192864
2019-01-10,0.0
2019-01-11,0.0
2019-01-14,0.0
2019-01-15,0.0
2019-01-16,0.0
2019-01-17,0.0
2019-01-18,0.0
2019-01-22,0.0
2019-01-23,0.0
2019-01-24,0.0
2019-01-25,0.0
2019-01-28,1.5543122344752192e-15
2019-01-29,0.2792058844357159
2019-01-30,0.5090471119646094
2019-01-31,0.6817969555029479
2019-02-01,0.8024682601315991
2019-02-04,0.8818711803048718
2019-02-05,0.9316023085767711
2019-02-06,0.9614915211830806
2019-02-07,0.978841588167076
2019-02-08,0.9886194328010547
2019-02-11,0.9939918781039407
2019-02-12,0.0
2019-02-13,0.0
2019-02-14,0.0
2019-02-15,0.0
2019-02-19,0.0
2019-02-20,0.0
2019-02-21,0.0
2019-02-22,0.0
2019-02-25,0.0
2019-02-26,0.0
2019-02-27,0.0
2019-02-28,
2019-03-01,
2019-03-04,
2019-03-05,
2019-03-06,
2019-03-07,
2019-03-08,1.0
2019-03-11,0.0
2019-03-12,0.0
2019-03-13,0.0
2019-03-14,0.0
2019-03-15,0.0
2019-03-18,0.0
2019-03-19,0.0
2019-03-20,0.0
2019-03-21,0.0
2019-03-22,0.0
2019-03-25,0.0
2019-03-26,
2019-03-27,
2019-03-28,
2019-03-29,
2019-04-01,
2019-04-02,
2019-04-03,
2019-04-04,
2019-04-05,
2019-04-08,
2019-04-09,
2019-04-10,
2019-04-11,
2019-04-12,
2019-04-15,
2019-04-16,
2019-04-17,
2019-04-18,
2019-04-22,
2019-04-23,
2019-04-24,
2019-04-25,
2019-04-26,
2019-04-29,
2019-04-30,1.0
2019-05-01,0.0
2019-05-02,0.0
2019-05-03,0.0
2019-05-06,0.0
2019-05-07,0.0
2019-05-08,0.0
2019-05-09,0.0
2019-05-10,0.0
2019-05-13,0.0
2019-05-14,0.0
2019-05-15,0.0
2019-05-16,1.8207657603852567e-14
2019-05-17,0.3544357631902475
2019-05-20,0.6246008144340731
2019-05-21,0.8010410689076068
2019-05-22,0.902745571561002
2019-05-23,0.9556744552274172
2019-05-24,0.9809835263277009
2019-05-28,0.9922575756392231
2019-05-29,0.0
2019-05-30,0.0
2019-05-31,0.0
2019-06-03,0.0
2019-06-04,0.0
2019-06-05,0.0
2019-06-06,0.0
2019-06-07,0.0
2019-06-10,0.0
2019-06-11,0.0
2019-06-12,0.0
2019-06-13,0.0
2019-06-14,0.3544357631902302
2019-06-17,0.6246008144340596
2019-06-18,0.8010410689075975
2019-06-19,0.9027455715609967
2019-06-20,0.9556744552274143
2019-06-21,0.9809835263276994
2019-06-24,0.9922575756392225
2019-06-25,0.0
2019-06-26,0.0
2019-06-27,0.0
2019-06-28,0.0
2019-07-01,0.0
2019-07-02,0.0
2019-07-03,0.0
2019-07-05,0.0
2019-07-08,0.0
2019-07-09,0.0
2019-07-10,0.0
2019-07-11,
2019-07-12,
2019-07-15,
2019-07-16,
2019-07-17,
2019-07-18,
2019-07-19,
2019-07-22,
2019-07-23,
2019-07-24,
2019-07-25,
2019-07-26,
2019-07-29,
2019-07-30,
2019-07-31,
2019-08-01,
2019-08-02,1.0
2019-08-05,0.0
2019-08-06,0.0
2019-08-07,0.0
2019-08-08,0.0
2019-08-09,0.0
2019-08-12,0.0
2019-08-13,0.0
2019-08-14,0.0
2019-08-15,0.0
2019-08-16,0.0
2019-08-19,0.0
2019-08-20,-5.773159728050814e-15
2019-08-21,0.6003226528940453
2019-08-22,0.8954370704751293
2019-08-23,0.9910882876429217
2019-08-26,0.0
2019-08-27,0.0
2019-08-28,0.0
2019-08-29,0.0
2019-08-30,0.0
2019-09-03,0.0
2019-09-04,0.0
2019-09-05,0.0
2019-09-06,0.0
2019-09-09,0.0
2019-09-10,0.0
2019-09-11,
2019-09-12,
2019-09-13,
2019-09-16,-1.0
2019-09-17,0.0
2019-09-18,0.0
2019-09-19,0.0
2019-09-20,0.0
2019-09-23,0.0
2019-09-24,0.0
2019-09-25,0.0
2019-09-26,0.0
2019-09-27,0.0
2019-09-30,0.0
2019-10-01,0.0
2019-10-02,-3.3306690738754696e-15
2019-10-03,-0.37183699968642836
2019-10-04,-0.64938311751252
2019-10-07,-0.8238215189913001
2019-10-08,-0.9192271251439101
2019-10-09,-0.9657911935395918
2019-10-10,-0.9864708128814803
2019-10-11,-0.9949569512994774
2019-10-14,0.0
2019-10-15,0.0
2019-10-16,0.0
2019-10-17,0.0
2019-10-18,0.0
2019-10-21,0.0
2019-10-22,0.0
2019-10-23,0.0
2019-10-24,0.0
2019-10-25,0.0
2019-10-28,0.0
2019-10-29,2.7977620220553945e-14
2019-10-30,0.2265621582679651
2019-10-31,0.42098092788482555
2019-11-01,0.5786075525953116
2019-11-04,0.7007158185364735
2019-11-05,0.7918696347282672
2019-11-06,0.9373004632616404
2019-11-07,0.9902676647700113
2019-11-08,0.0
2019-11-11,0.0
2019-11-12,0.0
2019-11-13,0.0
2019-11-14,0.0
2019-11-15,0.0
2019-11-18,0.0
2019-11-19,0.0
2019-11-20,0.0
2019-11-21,0.0
2019-11-22,0.0
2019-11-25,2.6645352591003757e-15
2019-11-26,0.20188000173084375
2019-11-27,0.3779544479947101
2019-11-29,0.5249937107494234
2019-12-02,0.6435920422281414
2019-12-03,0.7365908627796878
2019-12-04,0.8078454952809897
2019-12-05,0.8613988994286492
2019-12-06,0.9010033511475646
2019-12-09,0.9298941636105316
2019-12-10,0.9507249107123248
2019-12-11,0.9655942193493534
2019-12-12,0.9761163679228011
2019-12-13,0.9974883767367595
2019-12-16,0.0
2019-12-17,0.0
2019-12-18,0.0
2019-12-19,0.0
2019-12-20,0.0
2019-12-23,0.0
2019-12-24,0.0
2019-12-26,0.0
2019-12-27,0.0
2019-12-30,0.0
2019-12-31,0.0
2020-01-02,-4.107825191113079e-14
2020-01-03,0.2628922200275783
2020-01-06,0.4823356643376622
2020-01-07,0.6515086267056782
2020-01-08,0.7738486807407994
2020-01-09,0.8578261677706982
2020-01-10,0.9555394288828805
2020-01-13,0.9883937007648387
2020-01-14,0.997416487121719
2020-01-15,0.0
2020-01-16,0.0
2020-01-17,0.0
2020-01-21,0.0
2020-01-22,0.0
2020-01-23,0.0
2020-01-24,0.0
2020-01-27,0.0
2020-01-28,0.0
2020-01-29,0.0
2020-01-30,0.0
2020-01-31,-4.6629367034256575e-15
2020-02-03,0.24662639614873005
2020-02-04,0.45517314948272936
2020-02-05,0.6197829476752781
2020-02-06,0.7427198228458156
2020-02-07,0.8304881333404832
2020-02-10,0.8908625174829303
2020-02-11,0.9311258036480727
2020-02-12,0.9572855284874677
2020-02-13,0.973909331518874
2020-02-14,0.9842747002454943
2020-02-18,0.9906328432913694
2020-02-19,0.0
2020-02-20,0.0
2020-02-21,0.0
2020-02-24,0.0
2020-02-25,0.0
2020-02-26,0.0
2020-02-27,0.0
2020-02-28,0.0
2020-03-02,0.0
2020-03-03,0.0
2020-03-04,0.0
2020-03-05,-2.4424906541753444e-14
2020-03-06,0.09452991869669658
2020-03-09,0.1810291510982156
2020-03-10,0.2598558641953994
2020-03-11,0.33147586111344984
2020-03-12,-1.0
2020-03-13,0.0
2020-03-16,0.0
2020-03-17,0.0
2020-03-18,0.0
2020-03-19,0.0
2020-03-20,0.0
2020-03-23,0.0
2020-03-24,0.0
2020-03-25,0.0
2020-03-26,0.0
2020-03-27,0.0
2020-03-30,0.0
2020-03-31,0.07806700164849811
2020-04-01,0.14980420743936973
2020-04-02,0.21568222862471043
2020-04-03,0.27616705628412963
2020-04-06,0.3317046324029096
2020-04-07,0.3827132346394122
2020-04-08,0.4295803802282414
2020-04-09,0.47266231342155063
2020-04-13,0.5122849304950663
2020-04-14,0.5487454614117322
2020-04-15,0.5823145043270008
2020-04-16,0.613238175723394
2020-04-17,0.6417402397559862
2020-04-20,0.66802414153126
2020-04-21,0.6922749060592899
2020-04-22,0.7146608868518847
2020-04-23,0.7353353612660514
2020-04-24,0.7299235009520801
2020-04-27,0.7247500603897974
2020-04-28,0.7198013154678287
2020-04-29,0.7150645189719493
2020-04-30,0.7105278250820493
2020-05-01,0.7061802187369564
2020-05-04,0.7020114500178165
2020-05-05,0.716992692417924
2020-05-06,0.7311598885696027
2020-05-07,0.7292433174325623
2020-05-08,0.7274444260065889
2020-05-11,0.7491227656626613
2020-05-12,0.7691550894759396
2020-05-13,0.8049401421463536
2020-05-14,0.841265446063197
2020-05-15,0.8716278852758248
2020-05-18,0.896794118135442
2020-05-19,0.9174904330736506
2020-05-20,0.934386277404258
2020-05-21,0.9448284460095104
2020-05-22,0.9536996335559693
2020-05-26,0.9612164696127776
2020-05-27,0.9675700663181919
2020-05-28,0.9795786255420389
2020-05-29,0.9863561085267736
2020-06-01,0.990998282385418
2020-06-02,0.0
2020-06-03,0.0
2020-06-04,0.0
2020-06-05,0.0
2020-06-08,0.0
2020-06-09,0.0
2020-06-10,0.0
2020-06-11,0.0
2020-06-12,0.0
2020-06-15,0.0
2020-06-16,0.0
2020-06-17,8.215650382226158e-15
2020-06-18,0.640068897181103
2020-06-19,0.922333452234005
2020-06-22,0.9894372889877647
2020-06-23,0.9990361417149938
2020-06-24,0.0
2020-06-25,0.0
2020-06-26,0.0
2020-06-29,0.0
2020-06-30,0.0
2020-07-01,0.0
2020-07-02,0.0
2020-07-06,0.0
2020-07-07,0.0
2020-07-08,0.0
2020-07-09,0.0
2020-07-10,
2020-07-13,
2020-07-14,
2020-07-15,
2020-07-16,
2020-07-17,
2020-07-20,
2020-07-21,
2020-07-22,
2020-07-23,
2020-07-24,-1.0
2020-07-27,0.0
2020-07-28,0.0
2020-07-29,0.0
2020-07-30,0.0
2020-07-31,0.0
2020-08-03,0.0
2020-08-04,0.0
2020-08-05,0.0
2020-08-06,0.0
2020-08-07,0.0
2020-08-10,0.0
2020-08-11,
2020-08-12,
2020-08-13,
2020-08-14,
2020-08-17,
2020-08-18,1.0
2020-08-19,0.0
2020-08-20,0.0
2020-08-21,0.0
2020-08-24,0.0
2020-08-25,0.0
2020-08-26,0.0
2020-08-27,0.0
2020-08-28,0.0
2020-08-31,0.0
2020-09-01,0.0
2020-09-02,0.0
2020-09-03,4.8627768478581856e-14
2020-09-04,0.1489406189899729
2020-09-08,0.28255338564045407
2020-09-09,0.4000027199110707
2020-09-10,-0.9998562098869739
2020-09-11,0.0
2020-09-14,0.0
2020-09-15,0.0
2020-09-16,0.0
2020-09-17,0.0
2020-09-18,0.0
2020-09-21,0.0
2020-09-22,0.0
2020-09-23,0.0
2020-09-24,0.0
2020-09-25,0.0
2020-09-28,
2020-09-29,
2020-09-30,-1.0
2020-10-01,0.0
2020-10-02,0.0
2020-10-05,0.0
2020-10-06,0.0
2020-10-07,0.0
2020-10-08,0.0
2020-10-09,0.0
2020-10-12,0.0
2020-10-13,0.0
2020-10-14,0.0
2020-10-15,0.0
2020-10-16,1.1324274851176597e-14
2020-10-19,0.1646335773033485
2020-10-20,0.3112326005664994
2020-10-21,0.43836907529671043
2020-10-22,-0.0020011180626910985
2020-10-23,-0.41773319412420595
2020-10-26,-0.7139343275087415
2020-10-27,-0.8803770575922734
2020-10-28,-0.9969562475050697
2020-10-29,0.0
2020-10-30,0.0
2020-11-02,0.0
2020-11-03,0.0
2020-11-04,0.0
2020-11-05,0.0
2020-11-06,0.0
2020-11-09,0.0
2020-11-10,0.0
2020-11-11,0.0
2020-11-12,0.0
2020-11-13,0.0
2020-11-16,0.2902485465887037
2020-11-17,0.5268124453434289
2020-11-18,0.7014137344652314
2020-11-19,0.8203877357106499
2020-11-20,0.8963378949910532
2020-11-23,0.9422780471468817
2020-11-24,0.9688421432221817
2020-11-25,0.9836296723919471
2020-11-27,0.9915995767902841
2020-11-30,0.0
2020-12-01,0.0
2020-12-02,0.0
2020-12-03,0.0
2020-12-04,0.0
2020-12-07,0.0
2020-12-08,0.0
2020-12-09,0.0
2020-12-10,0.0
2020-12-11,0.0
2020-12-14,0.0
2020-12-15,-1.0658141036401503e-14
2020-12-16,-0.04662512687320164
2020-12-17,0.19205105992399485
2020-12-18,0.29375373231888013
2020-12-21,0.38468004184786264
2020-12-22,0.4653634590888909
2020-12-23,-0.004691057076172456
2020-12-24,-0.4506932703253983
2020-12-28,-0.754641449169017
2020-12-29,-0.9104599018952744
2020-12-30,-0.9256678137841818
2020-12-31,-0.938285736384777
2021-01-04,-0.9487548388190119
2021-01-05,-0.9574415663678402
2021-01-06,-0.9646500598221024
2021-01-07,-0.9706326135610328
2021-01-08,-0.9899454603220896
2021-01-11,-0.9968865020765363
2021-01-12,0.0
2021-01-13,0.0
2021-01-14,0.0
2021-01-15,0.0
2021-01-19,0.0
2021-01-20,0.0
2021-01-21,0.0
2021-01-22,0.0
2021-01-25,0.0
2021-01-26,0.0
2021-01-27,0.0
2021-01-28,3.552713678800501e-15
2021-01-29,-0.17990106307500775
2021-02-01,-0.3740731483722688
2021-02-02,-0.5347093846058226
2021-02-03,-0.6263440197071557
2021-02-04,-0.647846435246989
2021-02-05,-0.6013864664296862
2021-02-08,-0.5545865787613269
2021-02-09,-0.5402602969663794
2021-02-10,-0.5658114751190015
2021-02-11,-0.6183574396027669
2021-02-12,-0.6649629691650976
2021-02-16,-0.7061958097043499
2021-02-17,-0.7425972315653508
2021-02-18,-0.7746744228159574
2021-02-19,-0.8028964675245911
2021-02-22,-0.8276928328941513
2021-02-23,-0.8494535703237294
2021-02-24,-0.815506973214724
2021-02-25,-0.7777167155492297
2021-02-26,-0.7851374215111058
2021-03-01,-0.7922653637896937
2021-03-02,-0.799115430211053
2021-03-03,-0.8057014711658559
2021-03-04,-0.8120363976853522
2021-03-05,-0.8381050504866079
2021-03-08,-0.8608299034901572
2021-03-09,-0.8131916657277989
2021-03-10,-0.7561860455817873
2021-03-11,-0.6956647153711131
2021-03-12,-0.6129579477746239
2021-03-15,-0.4803425413604394
2021-03-16,-0.3312927889021018
2021-03-17,-0.16780407718170776
2021-03-18,-0.11403629076436061
2021-03-19,-0.06092314195412207
2021-03-22,-0.09833547417781685
2021-03-23,-0.13477680012933613
2021-03-24,-0.10496255441675117
2021-03-25,-0.07560422937319844
2021-03-26,-0.062853524346421
2021-03-29,-0.05033576245157434
2021-03-30,-0.038044327483300666
2021-03-31,-0.025972855494892366
2021-04-01,-0.014115224240990987
2021-04-05,-0.0024655429215054703
2021-04-06,0.00898185774414273
2021-04-07,0.02023243509329964
2021-04-08,0.03129144373558579
2021-04-09,0.042163944402500375
2021-04-12,0.052854812430804365
2021-04-13,0.06336874588307317
2021-04-14,0.07371027331164126
2021-04-15,0.08388376117429308
2021-04-16,0.21972802488815057
2021-04-19,0.34729444071701776
2021-04-20,0.46378036215550433
2021-04-21,0.5673384733129763
2021-04-22,0.6570750556076457
2021-04-23,0.7329507169982059
2021-04-26,0.7956163632520326
2021-04-27,0.8690400647533696
2021-04-28,0.9195848905022934
2021-04-29,0.9526463056324064
2021-04-30,0.9814657030974447
2021-05-03,0.9930573301893049
2021-05-04,0.0
2021-05-05,0.0
2021-05-06,0.0
2021-05-07,0.0
2021-05-10,0.0
2021-05-11,0.0
2021-05-12,0.0
2021-05-13,0.0
2021-05-14,0.0
2021-05-17,0.0
2021-05-18,0.0
2021-05-19,4.440892098500626e-15
2021-05-20,-0.16184173148564307
2021-05-21,-0.30615325386320724
2021-05-24,-0.43161984500368256
2021-05-25,-0.32634070224746914
2021-05-26,-0.22150481271585543
2021-05-27,-0.11897102948439175
2021-05-28,-0.10188834320642393
2021-06-01,-0.08570701442332318
2021-06-02,-0.07033457509750374
2021-06-03,-0.0075107142711337005
2021-06-04,0.052564746231114734
2021-06-07,0.13488526445597016
2021-06-08,0.4327933575446783
2021-06-09,0.6623985541042297
2021-06-10,0.7954891825685575
2021-06-11,0.8830835361489087
2021-06-14,0.9366729360744921
2021-06-15,0.9673751452658799
2021-06-16,0.9839536620678768
2021-06-17,0.9924386801417395
2021-06-18,0.0
2021-06-21,0.0
2021-06-22,0.0
2021-06-23,0.0
2021-06-24,0.0
2021-06-25,0.0
2021-06-28,0.0
2021-06-29,0.0
2021-06-30,0.0
2021-07-01,0.0
2021-07-02,0.0
2021-07-06,0.0
2021-07-07,0.22500989554130002
2021-07-08,0.4183054623975351
2021-07-09,0.5753303854402845
2021-07-12,0.6972999517321476
2021-07-13,0.7886491084480842
2021-07-14,0.8550420201925681
2021-07-15,0.9021055532216578
2021-07-16,0.9347733565142298
2021-07-19,0.9570480633250384
2021-07-20,0.9720063672949761
2021-07-21,0.981920372526224
2021-07-22,0.9884167434954514
2021-07-23,0.9926315646767649
2021-07-26,0.0
2021-07-27,0.0
2021-07-28,0.0
2021-07-29,0.0
2021-07-30,0.0
2021-08-02,0.0
2021-08-03,0.0
2021-08-04,0.0
2021-08-05,0.0
2021-08-06,0.0
2021-08-09,0.0
2021-08-10,-7.771561172376096e-15
2021-08-11,-0.2616322722072546
2021-08-12,-0.3698958458847543
2021-08-13,-0.49445158591870264
2021-08-16,-0.7432082776786313
2021-08-17,-0.8806359599335589
2021-08-18,-0.9497681034875969
2021-08-19,-0.9806295773929086
2021-08-20,-0.9958730913004781
2021-08-23,0.0
2021-08-24,0.0
2021-08-25,0.0
2021-08-26,0.0
2021-08-27,0.0
2021-08-30,0.0
2021-08-31,0.0
2021-09-01,0.0
2021-09-02,0.0
2021-09-03,0.0
2021-09-07,0.0
2021-09-08,
2021-09-09,1.0
2021-09-10,0.0
2021-09-13,0.0
2021-09-14,0.0
2021-09-15,0.0
2021-09-16,0.0
2021-09-17,0.0
2021-09-20,0.0
2021-09-21,0.0
2021-09-22,0.0
2021-09-23,0.0
2021-09-24,0.0
2021-09-27,-1.3988810110276972e-14
2021-09-28,0.0284671284800615
2021-09-29,0.05483163797423418
2021-09-30,0.07938978474393954
2021-10-01,0.10237891495867091
2021-10-04,0.12399200798677779
2021-10-05,0.14438802516123106
2021-10-06,0.16369942780050284
2021-10-07,0.1820377400847617
2021-10-08,0.19949773339863608
2021-10-11,0.2161606205594837
2021-10-12,0.23209652696032235
2021-10-13,0.24736642561063338
2021-10-14,0.26202366921074605
2021-10-15,0.27611521550831064
2021-10-18,0.28968261649411
2021-10-19,0.30276282382691533
2021-10-20,0.31538884984899807
2021-10-21,0.3275903140899725
2021-10-22,0.33939389819909493
2021-10-25,0.350823727074125
2021-10-26,0.3619016900701775
2021-10-27,0.3726477132259496
2021-10-28,0.3830799911902443
2021-10-29,0.9008312680086696
2021-11-01,0.9943322956117344
2021-11-02,0.0
2021-11-03,0.0
2021-11-04,0.0
2021-11-05,0.0
2021-11-08,0.0
2021-11-09,0.0
2021-11-10,0.0
2021-11-11,0.0
2021-11-12,0.0
2021-11-15,0.0
2021-11-16,0.0
2021-11-17,3.6193270602780103e-14
2021-11-18,-0.9999996056461895
2021-11-19,0.0
2021-11-22,0.0
2021-11-23,0.0
2021-11-24,0.0
2021-11-26,0.0
2021-11-29,0.0
2021-11-30,0.0
2021-12-01,0.0
2021-12-02,0.0
2021-12-03,0.0
2021-12-06,0.0
2021-12-07,3.9968028886505635e-15
2021-12-08,-0.17757289461425607
2021-12-09,-0.3346375554022909
2021-12-10,-0.4691986233024181
2021-12-13,-0.5815846983800588
2021-12-14,-0.6735389657803585
2021-12-15,-0.7475191096706886
2021-12-16,-0.8062139141255427
2021-12-17,-0.8522413084428255
2021-12-20,-0.8879814560883177
2021-12-21,-0.9155020602760693
2021-12-22,-0.9365418714414264
2021-12-23,-0.952527744857081
2021-12-27,-0.9646085835702412
2021-12-28,-0.9736955998908388
2021-12-29,-0.9805026577456828
2021-12-30,-0.985583360180734
2021-12-31,-0.9893633906013293
2022-01-03,-0.9921677217761957
2022-01-04,0.0
2022-01-05,0.0
2022-01-06,0.0
2022-01-07,0.0
2022-01-10,0.0
2022-01-11,0.0
2022-01-12,0.0
2022-01-13,0.0
2022-01-14,0.0
2022-01-18,0.0
2022-01-19,0.0
2022-01-20,
2022-01-21,
2022-01-24,
2022-01-25,
2022-01-26,
2022-01-27,
2022-01-28,-1.0
2022-01-31,0.0
2022-02-01,0.0
2022-02-02,0.0
2022-02-03,0.0
2022-02-04,0.0
2022-02-07,0.0
2022-02-08,0.0
2022-02-09,0.0
2022-02-10,0.0
2022-02-11,0.0
2022-02-14,0.0
2022-02-15,0.0
2022-02-16,0.3843505973898267
2022-02-17,0.6667199736678837
2022-02-18,0.8391091301666465
2022-02-22,0.9297165575711015
2022-02-23,0.9718395546472407
2022-02-24,0.9895279375101591
2022-02-25,0.9963488283106308
2022-02-28,0.0
2022-03-01,0.0
2022-03-02,0.0
2022-03-03,0.0
2022-03-04,0.0
2022-03-07,0.0
2022-03-08,0.0
2022-03-09,0.0
2022-03-10,0.0
2022-03-11,0.0
2022-03-14,0.0
2022-03-15,-4.6629367034256575e-15
2022-03-16,-0.20771831914673422
2022-03-17,-0.38822309579983294
2022-03-18,-0.5379609548904187
2022-03-21,-0.6576427397062825
2022-03-22,-0.7504567999069875
2022-03-23,-0.8206700989319025
2022-03-24,-0.8727011043536148
2022-03-25,-0.9105958636398308
2022-03-28,-0.9221233173220467
2022-03-29,-0.9321051897106554
2022-03-30,-0.9407600582913953
2022-03-31,-0.9482733087820039
2022-04-01,-0.9548026541418801
2022-04-04,-0.9604826316599322
2022-04-05,-0.9654282907122402
2022-04-06,-0.9697382341782412
2022-04-07,-0.9734971397516792
2022-04-08,-0.9767778598345138
2022-04-11,-0.9796431778301531
2022-04-12,-0.9821472826802595
2022-04-13,-0.984337011153029
2022-04-14,-0.9862528977802869
2022-04-18,-0.9879300647936125
2022-04-19,-0.9893989784387893
2022-04-20,-0.990686093291248
2022-04-21,0.0
2022-04-22,0.0
2022-04-25,0.0
2022-04-26,0.0
2022-04-27,0.0
2022-04-28,0.0
2022-04-29,0.0
2022-05-02,0.0
2022-05-03,0.0
2022-05-04,0.0
2022-05-05,0.0
2022-05-06,1.554312234475219e-14
2022-05-09,-0.1489406189899074
2022-05-10,-0.282553385640389
2022-05-11,-0.28170068662440606
2022-05-12,-0.28119338004145855
2022-05-13,-0.2809721800821092
2022-05-16,-0.2809900564107415
2022-05-17,-0.28120923058059266
2022-05-18,-0.28159901728014325
2022-05-19,-0.28213424457874803
2022-05-20,-0.2827940791331627
2022-05-23,-0.2835611398294744
2022-05-24,-0.284420820257123
2022-05-25,-0.2853607646391927
2022-05-26,-0.28637045805796557
2022-05-27,-0.2874409028634437
2022-05-31,-0.2885643608054005
2022-06-01,0.3631914610452851
2022-06-02,0.8015025415178849
2022-06-03,0.9618452916927316
2022-06-06,0.9991416172939962
2022-06-07,0.0
2022-06-08,0.0
2022-06-09,0.0
2022-06-10,0.0
2022-06-13,0.0
2022-06-14,0.0
2022-06-15,0.0
2022-06-16,0.0
2022-06-17,0.0
2022-06-21,0.0
2022-06-22,0.0
2022-06-23,-2.886579864025407e-15
2022-06-24,-0.06839850546548876
2022-06-27,-0.13138333566638494
2022-06-28,-0.1894452026796989
2022-06-29,-0.24303198020626837
2022-06-30,-0.2925486067929248
2022-07-01,-0.3383594373036076
2022-07-05,-0.3586983669764443
2022-07-06,-0.3779705491003291
2022-07-07,-0.39627477455093096
2022-07-08,-0.4136961200353544
2022-07-11,-0.43030841931307284
2022-07-12,-0.446176199691791
2022-07-13,-0.4613562168377259
2022-07-14,-0.4758986839149639
2022-07-15,-0.489848265350308
2022-07-18,-0.5032448873729098
2022-07-19,-0.5161244044872406
2022-07-20,-0.4654615116561789
2022-07-21,-0.4141524985650822
2022-07-22,-0.36249776390263544
2022-07-25,-0.3107736316882015
2022-07-26,-0.25923114365129485
2022-07-27,-0.20809565360470939
2022-07-28,-0.15756705190245168
2022-07-29,-0.10782047135608908
2022-08-01,-0.05900734868998736
2022-08-02,-0.01125673675114891
2022-08-03,0.03532321827114404
2022-08-04,0.07392002587417768
2022-08-05,0.11143110690430458
2022-08-08,0.14783621423232218
2022-08-09,0.18312257434288592
2022-08-10,0.21728399680122723
2022-08-11,0.25032005885469344
2022-08-12,0.28223536224691737
2022-08-15,0.3130388586279518
2022-08-16,0.34274323951708996
2022-08-17,0.3713643865504479
2022-08-18,0.39892087767097584
2022-08-19,0.4254335449539415
2022-08-22,0.45092507987467734
2022-08-23,0.4821281373261137
2022-08-24,0.5026563374231006
2022-08-25,0.522419422327582
2022-08-26,0.5414408056929596
2022-08-29,0.5597437554120659
2022-08-30,0.5773513158780355
2022-08-31,0.5942862421752704
2022-09-01,0.6105709447823575
2022-09-02,0.6262274435264874
2022-09-06,0.6412773296696788
2022-09-07,0.6557417351326169
2022-09-08,0.5855247316674408
2022-09-09,0.5087555090299407
2022-09-12,0.42627767637566394
2022-09-13,0.3391350392345023
2022-09-14,0.2960543080759166
2022-09-15,0.2526569428853269
2022-09-16,0.2090882346024392
2022-09-19,0.16548889489970842
2022-09-20,0.12199398653438309
2022-09-21,0.07873201425148135
2022-09-22,0.03582417404120619
2022-09-23,-0.006616244187358289
2022-09-26,-0.048484307692574946
2022-09-27,-0.08968375468282308
2022-09-28,-0.13012718104759013
2022-09-29,-0.1697361112020801
2022-09-30,-0.20844096476386542
2022-10-03,-0.24618093102021876
2022-10-04,-0.28290376311712784
2022-10-05,-0.3185655036499051
2022-10-06,-0.3531301529026645
2022-10-07,-0.38656929040857957
2022-10-10,-0.41886165982003654
2022-10-11,-0.5619338088360757
2022-10-12,-0.6810897121947195
2022-10-13,-0.7758229641642513
2022-10-14,-0.8478308654810729
2022-10-17,-0.9002372705940889
2022-10-18,-0.9151456684985619
2022-10-19,-0.9280757446560783
2022-10-20,-0.9392413128132893
2022-10-21,-0.9641828146350158
2022-10-24,-0.9796852914307272
2022-10-25,-0.9889071718914109
2022-10-26,-0.9941643756181828
2022-10-27,0.0
2022-10-28,0.0
2022-10-31,0.0
2022-11-01,0.0
2022-11-02,0.0
2022-11-03,0.0
2022-11-04,0.0
2022-11-07,0.0
2022-11-08,0.0
2022-11-09,0.0
2022-11-10,0.0
2022-11-11,8.43769498715119e-15
2022-11-14,0.17757289461426873
2022-11-15,0.3346375554023031
2022-11-16,0.46919862330242945
2022-11-17,0.5815846983800692
2022-11-18,0.6735389657803676
2022-11-21,0.9999814903673938
2022-11-22,0.0
2022-11-23,0.0
2022-11-25,0.0
2022-11-28,0.0
2022-11-29,0.0
2022-11-30,0.0
2022-12-01,0.0
2022-12-02,0.0
2022-12-05,0.0
2022-12-06,0.0
2022-12-07,0.0
2022-12-08,
2022-12-09,
2022-12-12,
2022-12-13,
2022-12-14,
2022-12-15,
2022-12-16,
2022-12-19,
2022-12-20,1.0
2022-12-21,0.0
2022-12-22,0.0
2022-12-23,0.0
2022-12-27,0.0
2022-12-28,0.0
2022-12-29,0.0
2022-12-30,0.0
2023-01-03,0.0
2023-01-04,0.0
2023-01-05,0.0
2023-01-06,0.0
2023-01-09,
2023-01-10,
2023-01-11,
2023-01-12,
2023-01-13,
2023-01-17,
2023-01-18,
2023-01-19,
2023-01-20,
2023-01-23,1.0
2023-01-24,0.0
2023-01-25,0.0
2023-01-26,0.0
2023-01-27,0.0
2023-01-30,0.0
2023-01-31,0.0
2023-02-01,0.0
2023-02-02,0.0
2023-02-03,0.0
2023-02-06,0.0
2023-02-07,0.0
2023-02-08,
2023-02-09,
2023-02-10,
2023-02-13,
2023-02-14,
2023-02-15,
2023-02-16,
2023-02-17,
2023-02-21,
2023-02-22,
2023-02-23,
2023-02-24,-1.0
2023-02-27,0.0
2023-02-28,0.0
2023-03-01,0.0
2023-03-02,0.0
2023-03-03,0.0
2023-03-06,0.0
2023-03-07,0.0
2023-03-08,0.0
2023-03-09,0.0
2023-03-10,0.0
2023-03-13,0.0
2023-03-14,9.992007221626409e-15
2023-03-15,0.04719480232817319
2023-03-16,0.09081224243615793
2023-03-17,0.1312867609101509
2023-03-20,0.168979214716932
2023-03-21,0.20419229868979794
2023-03-22,0.35279345027841824
2023-03-23,0.48178696729881976
2023-03-24,0.5908123506694549
2023-03-27,0.39508106883621763
2023-03-28,0.17722341022367472
2023-03-29,-0.04484236969853539
2023-03-30,-0.2544665452256527
2023-03-31,-0.43944675843465997
2023-04-03,-0.5932533671887248
2023-04-04,-0.7145691889007231
2023-04-05,-0.8058662673487453
2023-04-06,-0.8717454253638441
2023-04-10,-0.9175232005390812
2023-04-11,-0.948269780749224
2023-04-12,-0.9682955444240204
2023-04-13,-0.9809800087091489
2023-04-14,-0.9888131943896852
2023-04-17,-0.9935398465371261
2023-04-18,0.0
2023-04-19,0.0
2023-04-20,0.0
2023-04-21,0.0
2023-04-24,0.0
2023-04-25,0.0
2023-04-26,0.0
2023-04-27,0.0
2023-04-28,0.0
2023-05-01,0.0
2023-05-02,0.0
2023-05-03,0.0
2023-05-04,0.06381370652694063
2023-05-05,0.12262944393585662
2023-05-08,0.17693672624187862
2023-05-09,0.22717000731555248
2023-05-10,0.2737138511211952
2023-05-11,0.31690860169039126
2023-05-12,0.35705584624513786
2023-05-15,0.39442338366465357
2023-05-16,0.4292496119418261
2023-05-17,0.46174734201149925
2023-05-18,0.49210708550927196
2023-05-19,0.5204998778130467
2023-05-22,0.5470796988962756
2023-05-23,0.5719855500652447
2023-05-24,0.8008404698142098
2023-05-25,0.9212294632119487
2023-05-26,0.9732877254405108
2023-05-30,0.9921546154440344
2023-05-31,0.0
2023-06-01,0.0
2023-06-02,0.0
2023-06-05,0.0
2023-06-06,0.0
2023-06-07,0.0
2023-06-08,0.0
2023-06-09,0.0
2023-06-12,0.0
2023-06-13,0.0
2023-06-14,0.0
2023-06-15,0.0
2023-06-16,-0.3544357631902302
2023-06-20,-0.6246008144340593
2023-06-21,0.2938678971176907
2023-06-22,0.8810797429438468
2023-06-23,0.7332441168385091
2023-06-26,0.5088032577237893
2023-06-27,0.2278799270828995
2023-06-28,-0.07055247850663138
2023-06-29,-0.3460485717898043
2023-06-30,-0.5713630797925304
2023-07-03,-0.7372479071401485
2023-07-05,-0.7784768533745958
2023-07-06,-0.8136311157678389
2023-07-07,-0.843501020722101
2023-07-10,-0.8688034971157719
2023-07-11,-0.8901796156699171
2023-07-12,-0.9081961032929629
2023-07-13,-0.9233493446655427
2023-07-14,-0.9360708080493081
2023-07-17,-0.9467331542806074
2023-07-18,-0.9556565273101845
2023-07-19,-0.9631146995039721
2023-07-20,-0.9693408703765076
2023-07-21,-0.9745330057266777
2023-07-24,-0.9788586649103481
2023-07-25,-0.9824593046343402
2023-07-26,-0.9854540738188127
2023-07-27,-0.9879431299627663
2023-07-28,-0.9900105161755843
2023-07-31,0.0
2023-08-01,0.0
2023-08-02,0.0
2023-08-03,0.0
2023-08-04,0.0
2023-08-07,0.0
2023-08-08,0.0
2023-08-09,0.0
2023-08-10,0.0
2023-08-11,0.0
2023-08-14,0.0
2023-08-15,-4.440892098500626e-15
2023-08-16,0.03942857846818337
2023-08-17,0.07590475519275697
2023-08-18,0.1098138762272931
2023-08-21,0.36159004345664947
2023-08-22,-0.36560317724519886
2023-08-23,-0.8284830728711396
2023-08-24,-0.9730285386518513
2023-08-25,-0.9974273959820383
2023-08-28,0.0
2023-08-29,0.0
2023-08-30,0.0
2023-08-31,0.0
2023-09-01,0.0
2023-09-05,0.0
2023-09-06,0.0
2023-09-07,0.0
2023-09-08,0.0
2023-09-11,0.0
2023-09-12,0.0
2023-09-13,-1.176836406102666e-14
2023-09-14,0.24662639614872273
2023-09-15,0.4551731494827229
2023-09-18,0.6197829476752725
2023-09-19,0.7427198228458112
2023-09-20,0.8304881333404797
2023-09-21,0.8908625174829277
2023-09-22,0.9783009224590709
2023-09-25,0.9968740095432898
2023-09-26,0.0
2023-09-27,0.0
2023-09-28,0.0
2023-09-29,0.0
2023-10-02,0.0
2023-10-03,0.0
2023-10-04,0.0
2023-10-05,0.0
2023-10-06,0.0
2023-10-09,0.0
2023-10-10,0.0
2023-10-11,3.1086244689504383e-15
2023-10-12,-0.14704110071471588
2023-10-13,0.13820770103460522
2023-10-16,0.38919596413639224
2023-10-17,0.5635481890845104
2023-10-18,0.6978691750779891
2023-10-19,0.7965952582127582
2023-10-20,0.8663645591734896
2023-10-23,0.9140645359068647
2023-10-24,0.945770704217505
2023-10-25,0.9710565106253912
2023-10-26,0.985029259182856
2023-10-27,0.9924700335930758
2023-10-30,0.0
2023-10-31,0.0
2023-11-01,0.0
2023-11-02,0.0
2023-11-03,0.0
2023-11-06,0.0
2023-11-07,0.0
2023-11-08,0.0
2023-11-09,0.0
2023-11-10,0.0
2023-11-13,0.0
2023-11-14,
2023-11-15,
2023-11-16,
2023-11-17,1.0
2023-11-20,0.0
2023-11-21,0.0
2023-11-22,0.0
2023-11-24,0.0
2023-11-27,0.0
2023-11-28,0.0
2023-11-29,0.0
2023-11-30,0.0
2023-12-01,0.0
2023-12-04,0.0
2023-12-05,0.0
2023-12-06,
2023-12-07,
2023-12-08,
2023-12-11,
2023-12-12,
2023-12-13,
2023-12-14,1.0
2023-12-15,0.0
2023-12-18,0.0
2023-12-19,0.0
2023-12-20,0.0
2023-12-21,0.0
2023-12-22,0.0
2023-12-26,0.0
2023-12-27,0.0
2023-12-28,0.0
2023-12-29,0.0
2024-01-02,0.0
2024-01-03,
2024-01-04,
2024-01-05,1.0
2024-01-08,0.0
2024-01-09,0.0
2024-01-10,0.0
2024-01-11,0.0
2024-01-12,0.0
2024-01-16,0.0
2024-01-17,0.0
2024-01-18,0.0
2024-01-19,0.0
2024-01-22,0.0
2024-01-23,0.0
2024-01-24,1.7985612998927536e-14
2024-01-25,-0.2927364921158633
2024-01-26,-0.5307788439582457
2024-01-29,-0.7057338956950256
2024-01-30,-0.8242656643557666
2024-01-31,-0.899404595843661
2024-02-01,-0.9444889019021254
2024-02-02,-0.9703258376834558
2024-02-05,-0.9845697577766124
2024-02-06,-0.9921677217761953
2024-02-07,0.0
2024-02-08,0.0
2024-02-09,0.0
2024-02-12,0.0
2024-02-13,0.0
2024-02-14,0.0
2024-02-15,0.0
2024-02-16,0.0
2024-02-20,0.0
2024-02-21,0.0
2024-02-22,0.0
2024-02-23,0.0
2024-02-26,-0.17077254338881231
2024-02-27,-0.3223653106246318
2024-02-28,0.4293325985280678
2024-02-29,0.8629770755760824
2024-03-01,0.9813510944620192
2024-03-04,0.9984780373415176
2024-03-05,0.0
2024-03-06,0.0
2024-03-07,0.0
2024-03-08,0.0
2024-03-11,0.0
2024-03-12,0.0
2024-03-13,0.0
2024-03-14,0.0
2024-03-15,0.0
2024-03-18,0.0
2024-03-19,0.0
2024-03-20,6.439293542825908e-15
2024-03-21,0.13020543576625565
2024-03-22,0.2479317949643045
2024-03-25,0.3529053571744165
2024-03-26,0.44549294017396934
2024-03-27,0.5264512375768957
2024-03-28,0.5967485622379156
2024-04-01,0.6574429159159556
2024-04-02,0.70960186059069
2024-04-03,0.7996467725979177
2024-04-04,0.864866502380587
2024-04-05,0.9106870300909939
2024-04-08,0.8420188957485844
2024-04-09,0.74576245847365
2024-04-10,0.6208423307459987
2024-04-11,0.4648570232247069
2024-04-12,0.2890196040186428
2024-04-15,0.10326190752436304
2024-04-16,-0.24067313793917777
2024-04-17,-0.5335655385679008
2024-04-18,-0.7444654827546091
2024-04-19,-0.8748275720618424
2024-04-22,-0.9449323223636061
2024-04-23,-0.9781239585355106
2024-04-24,-0.9921067897796967
2024-04-25,0.0
2024-04-26,0.0
2024-04-29,0.0
2024-04-30,0.0
2024-05-01,0.0
2024-05-02,0.0
2024-05-03,0.0
2024-05-06,0.0
2024-05-07,0.0
2024-05-08,0.0
2024-05-09,0.0
2024-05-10,0.0
2024-05-13,-0.027588718183199523
2024-05-14,0.23345668628354987
2024-05-15,0.5546604145372713
2024-05-16,0.7109066105233284
2024-05-17,0.8252718702946957
2024-05-20,0.8905961622371827
2024-05-21,0.9483303439348112
2024-05-22,0.9706538301829204
2024-05-23,0.9830287497364132
2024-05-24,0.9909994942295617
2024-05-28,0.0
2024-05-29,0.0
2024-05-30,0.0
2024-05-31,0.0
2024-06-03,0.0
2024-06-04,0.0
2024-06-05,0.0
2024-06-06,0.0
2024-06-07,0.0
2024-06-10,0.0
2024-06-11,0.0
2024-06-12,9.547918011776346e-15
2024-06-13,-0.3588985375138525
2024-06-14,-0.5966749517522376
2024-06-17,-0.8882302312900816
2024-06-18,-0.9604605108629436
2024-06-20,-0.9746656079190184
2024-06-21,-0.998361722547501
2024-06-24,0.0
2024-06-25,0.0
2024-06-26,0.0
2024-06-27,0.0
2024-06-28,0.0
2024-07-01,0.0
2024-07-02,0.0
2024-07-03,0.0
2024-07-05,0.0
2024-07-08,0.0
2024-07-09,0.0
2024-07-10,-8.659739592076221e-15
2024-07-11,0.5891417315189866
2024-07-12,0.9480072309839636
2024-07-15,0.9953639405324759
2024-07-16,0.0
2024-07-17,0.0
2024-07-18,0.0
2024-07-19,0.0
2024-07-22,0.0
2024-07-23,0.0
2024-07-24,0.0
2024-07-25,0.0
2024-07-26,0.0
2024-07-29,0.0
2024-07-30,0.0
2024-07-31,0.0
2024-08-01,-0.7576152296659875
2024-08-02,-0.9515182163872158
2024-08-05,-0.9980111459263836
2024-08-06,0.0
2024-08-07,0.0
2024-08-08,0.0
2024-08-09,0.0
2024-08-12,0.0
2024-08-13,0.0
2024-08-14,0.0
2024-08-15,0.0
2024-08-16,0.0
2024-08-19,0.0
2024-08-20,0.0
2024-08-21,-1.2434497875801753e-14
2024-08-22,0.27173677186876266
2024-08-23,0.7077264979736568
2024-08-26,0.854859296249783
2024-08-27,0.934201164973024
2024-08-28,0.9783308645612774
2024-08-29,0.9931564307234646
2024-08-30,0.0
2024-09-03,0.0
2024-09-04,0.0
2024-09-05,0.0
2024-09-06,0.0
2024-09-09,0.0
2024-09-10,0.0
2024-09-11,0.0
2024-09-12,0.0
2024-09-13,0.0
2024-09-16,0.0
2024-09-17,1.7763568394002505e-14
2024-09-18,0.3446025544249145
2024-09-19,0.6373915655711233
2024-09-20,0.7583059520811559
2024-09-23,0.9054435277632409
2024-09-24,0.969952937175256
2024-09-25,0.990156966102772
2024-09-26,0.0
2024-09-27,0.0
2024-09-30,0.0
2024-10-01,0.0
2024-10-02,0.0
2024-10-03,0.0
2024-10-04,0.0
2024-10-07,0.0
2024-10-08,0.0
2024-10-09,0.0
2024-10-10,0.0
2024-10-11,7.549516567451064e-15
2024-10-14,-0.12477107913776453
2024-10-15,-0.16040191257883274
2024-10-16,-0.11773493750185415
2024-10-17,-0.0953396368945778
2024-10-18,-0.02950695463741626
2024-10-21,-0.11793154487674173
2024-10-22,-0.24586125768121936
2024-10-23,-0.34355482075815535
2024-10-24,-0.46087972196399174
2024-10-25,-0.6286395696846161
2024-10-28,-0.7002659431745915
2024-10-29,-0.7677229280656341
2024-10-30,-0.8685936779815615
2024-10-31,-0.9233804149022207
2024-11-01,-0.9542499773377882
2024-11-04,-0.9847486236152947
2024-11-05,-0.994470000741539
2024-11-06,0.0
2024-11-07,0.0
2024-11-08,0.0
2024-11-11,0.0
2024-11-12,0.0
2024-11-13,0.0
2024-11-14,0.0
2024-11-15,0.0
2024-11-18,0.0
2024-11-19,0.0
2024-11-20,0.0
2024-11-21,-3.2862601528904634e-14
2024-11-22,0.031108633828101473
2024-11-25,0.8766376634064352
2024-11-26,0.9984150608982616
2024-11-27,0.0
2024-11-29,0.0
2024-12-02,0.0
2024-12-03,0.0
2024-12-04,0.0
2024-12-05,0.0
2024-12-06,0.0
2024-12-09,0.0
2024-12-10,0.0
2024-12-11,0.0
2024-12-12,0.0
2024-12-13,1.2212453270876722e-14
2024-12-16,0.1219467279738553
2024-12-17,0.20038370910838887
2024-12-18,0.021659026683268356
2024-12-19,-0.21224732035632154
2024-12-20,-0.43218107708441833
2024-12-23,-0.5320710042615404
2024-12-24,-0.3410347471764059
2024-12-26,-0.32524784182056066
2024-12-27,-0.35239909231484523
2024-12-30,-0.39248427368651306
2024-12-31,-0.47341314419231306
2025-01-02,-0.58742006231875
2025-01-03,-0.6627871628502069
2025-01-06,-0.6805666764864249
2025-01-07,-0.7169391628745747
2025-01-08,-0.7627406134436434
2025-01-10,-0.882779349700126
2025-01-13,-0.9510981423183575
2025-01-14,-0.9827489983897477
2025-01-15,-0.9945403286880963
2025-01-16,0.0
2025-01-17,0.0
2025-01-21,0.0
2025-01-22,0.0
2025-01-23,0.0
2025-01-24,0.0
2025-01-27,0.0
2025-01-28,0.0
2025-01-29,0.0
2025-01-30,0.0
2025-01-31,0.0
2025-02-03,1.7763568394002505e-15
2025-02-04,-0.09853093780524769
2025-02-05,-0.15930475627426532
2025-02-06,-0.18067776050310935
2025-02-07,-0.23398302015138195
2025-02-10,-0.10284707667845949
2025-02-11,0.11459021085076238
2025-02-12,0.38964217698665005
2025-02-13,0.6741114622926778
2025-02-14,0.862394319375035
2025-02-18,0.9626771233973894
2025-02-19,0.9878404248254573
2025-02-20,0.9971161930936632
2025-02-21,0.0
2025-02-24,0.0
2025-02-25,0.0
2025-02-26,0.0
2025-02-27,0.0
2025-02-28,0.0
2025-03-03,0.0
2025-03-04,0.0
2025-03-05,0.0
2025-03-06,0.0
2025-03-07,0.0
2025-03-10,1.9984014443252818e-15
2025-03-11,-0.3887846581222305
2025-03-12,-0.6585625552394547
2025-03-13,-0.8025259744802606
2025-03-14,-0.8795192551655842
2025-03-17,-0.9057679553289417
2025-03-18,-0.9071023537221494
2025-03-19,-0.8801615026978247
2025-03-20,-0.8316128015734474
2025-03-21,-0.794309670013843
2025-03-24,-0.7850137263890069
2025-03-25,-0.7436460479060405
2025-03-26,-0.6960034394408483
2025-03-27,-0.5711281165495272
2025-03-28,-0.43661654503226166
2025-03-31,-0.3505226410125648
2025-04-01,-0.20515052710627235
2025-04-02,0.12341189026577659
2025-04-03,0.35271033222045567
2025-04-04,0.0609163430185895
2025-04-07,-0.5245765687472403
2025-04-08,-0.8554658251501965
2025-04-09,-0.8811660419713994
2025-04-10,-0.880768604314079
2025-04-11,-0.8836894063593277
2025-04-14,-0.8702255907053043
2025-04-15,-0.8356233720571029
2025-04-16,-0.7861489669134563
2025-04-17,-0.6542654413449909
2025-04-21,-0.5949509905203301
2025-04-22,-0.38642382916965623
2025-04-23,-0.15459505222878622
2025-04-24,0.3215184619362459
2025-04-25,0.7309888849857016
2025-04-28,0.9338802716510513
2025-04-29,0.9877062630916629
2025-04-30,0.9992398593125495
2025-05-01,0.0
2025-05-02,0.0
2025-05-05,0.0
2025-05-06,0.0
2025-05-07,0.0
2025-05-08,0.0
2025-05-09,0.0
2025-05-12,0.0
2025-05-13,0.0
2025-05-14,0.0
2025-05-15,0.0
2025-05-16,-8.881784197001252e-15
2025-05-19,0.4059842567634495
2025-05-20,0.8874787986882688
2025-05-21,0.9893224386374646
2025-05-22,0.9994727396644076
2025-05-23,0.0
2025-05-27,0.0
2025-05-28,0.0
2025-05-29,0.0
2025-05-30,0.0
2025-06-02,0.0
2025-06-03,0.0
2025-06-04,0.0
2025-06-05,0.0
2025-06-06,0.0
2025-06-09,0.0
2025-06-10,-8.43769498715119e-15
2025-06-11,-0.14666775259301845
2025-06-12,0.06539421372351195
2025-06-13,-0.05842510446624227
2025-06-16,-0.08372934994494163
2025-06-17,-0.44347527445255963
2025-06-18,-0.7377464356058296
2025-06-20,-0.9299212768254559
2025-06-23,-0.9422586500683814
2025-06-24,-0.8724528958298143
2025-06-25,-0.7232202238765824
2025-06-26,-0.30524895355687764
2025-06-27,0.3970792270452388
2025-06-30,0.8793912407037361
2025-07-01,0.9857279553530225
2025-07-02,0.9981077088985753
2025-07-03,0.0
2025-07-07,0.0
2025-07-08,0.0
2025-07-09,0.0
2025-07-10,0.0
2025-07-11,0.0
2025-07-14,0.0
2025-07-15,0.0
2025-07-16,0.0
2025-07-17,0.0
2025-07-18,0.0
2025-07-21,5.329070518200751e-15
2025-07-22,0.26620972813457855
2025-07-23,0.8403152494974271
2025-07-24,0.9816805016253163
2025-07-25,0.9959980338226511
2025-07-28,0.0
2025-07-29,0.0
2025-07-30,0.0
2025-07-31,0.0
2025-08-01,0.0
2025-08-04,0.0
2025-08-05,0.0
2025-08-06,0.0
2025-08-07,0.0
2025-08-08,0.0
2025-08-11,0.0
2025-08-12,6.8833827526759706e-15
2025-08-13,0.5770191969955958
2025-08-14,0.9046761721423526
2025-08-15,0.9891404008734048
2025-08-18,0.9995436177618033
2025-08-19,0.0
2025-08-20,0.0
2025-08-21,0.0
2025-08-22,0.0
2025-08-25,0.0
2025-08-26,0.0
2025-08-27,0.0
2025-08-28,0.0
2025-08-29,0.0
2025-09-02,0.0
2025-09-03,0.0
2025-09-04,0.0
2025-09-05,0.33684268155373553
2025-09-08,0.6643482423017861
2025-09-09,0.7518307049131829
2025-09-10,0.9184101407423413
2025-09-11,0.9922103194911593
2025-09-12,0.0
2025-09-15,0.0
2025-09-16,0.0
2025-09-17,0.0
2025-09-18,0.0
2025-09-19,0.0
2025-09-22,0.0
2025-09-23,0.0
2025-09-24,0.0
2025-09-25,0.0
2025-09-26,0.0
2025-09-29,6.661338147750939e-15
2025-09-30,0.34960305138150183
2025-10-01,0.6018719903686298
2025-10-02,0.9132679357796205
2025-10-03,0.9863621272190497
2025-10-06,0.9991179232052285
2025-10-07,0.0
2025-10-08,0.0
2025-10-09,0.0
2025-10-10,0.0
2025-10-13,0.0
2025-10-14,0.0
2025-10-15,0.0
2025-10-16,0.0
2025-10-17,0.0
2025-10-20,0.0
2025-10-21,0.0
2025-10-22,6.217248937900877e-15
2025-10-23,0.277414858298739
2025-10-24,0.6618501885846266
2025-10-27,0.8917614504934026
2025-10-28,0.9579578148174157
2025-10-29,0.9779694339458507
2025-10-30,0.9863631350095448
2025-10-31,0.9867244030942928
2025-11-03,0.9907104724446765
2025-11-04,0.0
2025-11-05,0.0
2025-11-06,0.0
2025-11-07,0.0
2025-11-10,0.0
2025-11-11,0.0
2025-11-12,0.0
2025-11-13,0.0
2025-11-14,0.0
2025-11-17,0.0
2025-11-18,0.0
2025-11-19,-2.220446049250313e-15
2025-11-20,-0.2939678449292831
2025-11-21,-0.5393900387907595
2025-11-24,-0.18054403062879
2025-11-25,0.3067093816219588
2025-11-26,0.7265185203992126
2025-11-28,0.9231791567548324
2025-12-01,0.9639749991801843
2025-12-02,0.9897302045368412
2025-12-03,0.9992988653504056
2025-12-04,0.0
2025-12-05,0.0
2025-12-08,0.0
2025-12-09,0.0
2025-12-10,0.0
2025-12-11,0.0
2025-12-12,0.0
2025-12-15,0.0
2025-12-16,0.0
2025-12-17,0.0
2025-12-18,0.0
2025-12-19,2.7977620220553945e-14
2025-12-22,-0.6790652009032203
2025-12-23,-0.8695268054873377
2025-12-24,-0.9802178974569447
2025-12-26,-0.9970885331823385
2025-12-29,0.0
2025-12-30,0.0
2025-12-31,0.0
2026-01-02,0.0
2026-01-05,0.0
2026-01-06,0.0
2026-01-07,0.0
2026-01-08,0.0
2026-01-09,0.0
2026-01-12,0.0
2026-01-13,0.0
2026-01-14,-1.021405182655144e-14
2026-01-15,0.15297680575217054
2026-01-16,0.4195165015779778
2026-01-20,0.39323012667212587
2026-01-21,0.4581433284459502
2026-01-22,0.5608945323781034
2026-01-23,0.6106784595031076
2026-01-26,0.7314150031631863
2026-01-27,0.9006143442497303
2026-01-28,0.9452909586559335
2026-01-29,0.9686822383064817
2026-01-30,0.9815349012767818
2026-02-02,0.9906175535987591
2026-02-03,0.0
2026-02-04,0.0
2026-02-05,0.0
2026-02-06,0.0
2026-02-09,0.0
2026-02-10,0.0
2026-02-11,0.0
2026-02-12,0.0
2026-02-13,0.0
2026-02-17,0.0
2026-02-18,0.0
2026-02-19,0.0
2026-02-20,0.10882476725564483
2026-02-23,0.18250776882805386
2026-02-24,0.2932482769790432
2026-02-25,0.36362926787499905
2026-02-26,0.5304461585074687
2026-02-27,0.6794073060275818
2026-03-02,0.7276675925674854
2026-03-03,0.5642836528244057
2026-03-04,0.4079819311302746
2026-03-05,0.07411086590861005
2026-03-06,-0.3355577930535638
2026-03-09,-0.6628338920096302
2026-03-10,-0.8542388292078689
2026-03-11,-0.9503434483329252
2026-03-12,-0.9898128673321573
2026-03-13,-0.9988579417813859
2026-03-16,0.0
2026-03-17,0.0
2026-03-18,0.0
2026-03-19,0.0
2026-03-20,0.0
2026-03-23,0.0
2026-03-24,0.0
2026-03-25,0.0
2026-03-26,0.0
2026-03-27,0.0
2026-03-30,0.0
2026-03-31,7.327471962526033e-15
2026-04-01,0.6106651001160968
2026-04-02,0.8740412177569561
2026-04-06,0.9635586341332114
2026-04-07,0.9918540608880875
2026-04-08,0.0
2026-04-09,0.0
2026-04-10,0.0
2026-04-13,0.0
2026-04-14,0.0
2026-04-15,0.0
2026-04-16,0.0
2026-04-17,0.0
2026-04-20,0.0
2026-04-21,0.0
2026-04-22,0.0
2026-04-23,-1.532107773982716e-14
2026-04-24,-0.4568906314258607
2026-04-27,-0.8890568451399821
2026-04-28,-0.9862269293457768
2026-04-29,-0.9992431761443545
2026-04-30,0.0
2026-05-01,0.0
2026-05-04,0.0
2026-05-05,0.0
2026-05-06,0.0
2026-05-07,0.0
2026-05-08,0.0
2026-05-11,0.0
2026-05-12,0.0
2026-05-13,0.0
2026-05-14,0.0
2026-05-15,9.992007221626409e-15
2026-05-18,-0.20679717371684214
2026-05-19,-0.6583549361558263
2026-05-20,-0.7371457869985281
2026-05-21,-0.7272752138432632
2026-05-22,-0.785022383760607
2026-05-26,-0.6983976236252158
2026-05-27,-0.5861398248571343
2026-05-28,-0.5875825951517
2026-05-29,-0.615983733652476
2026-06-01,-0.7494395016347077
2026-06-02,-0.8543776704900494
2026-06-03,-0.9183605708435618
2026-06-04,-0.9551204312866375
2026-06-05,-0.972803869395438
2026-06-08,-0.988264040347961
2026-06-09,-0.9956402624130467
2026-06-10,0.0
2026-06-11,0.0
2026-06-12,0.0
2026-06-15,0.0
2026-06-16,0.0
2026-06-17,0.0
2026-06-18,0.0
2026-06-22,0.0
2026-06-23,0.0
2026-06-24,0.0
2026-06-25,0.0
2026-06-26,0.0
2026-06-29,-0.04136593160740887
2026-06-30,-0.052160498597737526
2026-07-01,-0.22273926789172194
2026-07-02,-0.3248287651105788
2026-07-06,-0.36601685840788956
2026-07-07,-0.6093841053131754
2026-07-08,-0.8464316611966796
2026-07-09,-0.9471128330982805
2026-07-10,-0.9859852012179133
2026-07-13,-0.9975356477163984
2026-07-14,0.0
2026-07-15,0.0
2026-07-16,0.0
2026-07-17,0.0
2026-07-20,0.0
2026-07-21,0.0
2026-07-22,0.0
2026-07-23,0.0
2026-07-24,0.0
2026-07-27,0.0
