2019-05-10,0.0
2019-05-13,0.0
2019-05-14,0.0
2019-05-15,0.0
2019-05-16,0.0
2019-05-17,0.0
2019-05-20,0.0
2019-05-21,0.0
2019-05-22,0.0
2019-05-23,0.0
2019-05-24,0.0
2019-05-28,-1.1102230246251565e-15
2019-05-29,-0.1633003061906999
2019-05-30,-0.3278989017002305
2019-05-31,-0.3944116560840585
2019-06-03,-0.35301603741333265
2019-06-04,-0.11958068007419342
2019-06-05,0.3887429568900931
2019-06-06,0.7368509665280722
2019-06-07,0.8860944065058467
2019-06-10,0.9258864054658122
2019-06-11,0.9498476475658992
2019-06-12,0.9628496070896715
2019-06-13,0.9878942269154618
2019-06-14,0.9943502264119111
2019-06-17,0.0
2019-06-18,0.0
2019-06-19,0.0
2019-06-20,0.0
2019-06-21,0.0
2019-06-24,0.0
2019-06-25,0.0
2019-06-26,0.0
2019-06-27,0.0
2019-06-28,0.0
2019-07-01,0.0
2019-07-02,1.5543122344752192e-15
2019-07-03,0.03469043911430436
2019-07-05,-0.0777868113129454
2019-07-08,-0.2919061366287412
2019-07-09,-0.25905305107273335
2019-07-10,-0.3162712141793178
2019-07-11,-0.32098747454743903
2019-07-12,-0.32566432672871204
2019-07-15,-0.24300815657679808
2019-07-16,-0.22735987655496404
2019-07-17,-0.292336270554141
2019-07-18,-0.3395031825041812
2019-07-19,-0.45539557473770653
2019-07-22,-0.4952399947722177
2019-07-23,-0.5697771150853321
2019-07-24,-0.5943778258269672
2019-07-25,-0.652344895262325
2019-07-26,-0.5999091926093207
2019-07-29,-0.6105791328294199
2019-07-30,-0.7305007854106234
2019-07-31,-0.8436559545014364
2019-08-01,-0.9373376014308792
2019-08-02,-0.9854835318006103
2019-08-05,-0.998770020549183
2019-08-06,0.0
2019-08-07,0.0
2019-08-08,0.0
2019-08-09,0.0
2019-08-12,0.0
2019-08-13,0.0
2019-08-14,0.0
2019-08-15,0.0
2019-08-16,0.0
2019-08-19,0.0
2019-08-20,0.0
2019-08-21,2.220446049250313e-15
2019-08-22,-0.21231694669388168
2019-08-23,-0.43162153915021273
2019-08-26,-0.6112718877886818
2019-08-27,-0.7508360129641651
2019-08-28,-0.8581290970820818
2019-08-29,-0.9207330491939492
2019-08-30,-0.9588087205130809
2019-09-03,-0.9859499214971628
2019-09-04,-0.9941606057146191
2019-09-05,0.0
2019-09-06,0.0
2019-09-09,0.0
2019-09-10,0.0
2019-09-11,0.0
2019-09-12,0.0
2019-09-13,0.0
2019-09-16,0.0
2019-09-17,0.0
2019-09-18,0.0
2019-09-19,0.0
2019-09-20,-8.215650382226158e-15
2019-09-23,-0.0997468584943535
2019-09-24,-0.547134736884932
2019-09-25,-0.7789587804432454
2019-09-26,-0.9105783787798307
2019-09-27,-0.9873619995985943
2019-09-30,-0.9986173021711757
2019-10-01,0.0
2019-10-02,0.0
2019-10-03,0.0
2019-10-04,0.0
2019-10-07,0.0
2019-10-08,0.0
2019-10-09,0.0
2019-10-10,0.0
2019-10-11,0.0
2019-10-14,0.0
2019-10-15,0.0
2019-10-16,6.661338147750939e-16
2019-10-17,0.4852394899203907
2019-10-18,0.7373896926044472
2019-10-21,0.8403916739970139
2019-10-22,0.9462196319062159
2019-10-23,0.9887531374841438
2019-10-24,0.9984098759493201
2019-10-25,0.0
2019-10-28,0.0
2019-10-29,0.0
2019-10-30,0.0
2019-10-31,0.0
2019-11-01,0.0
2019-11-04,0.0
2019-11-05,0.0
2019-11-06,0.0
2019-11-07,0.0
2019-11-08,0.0
2019-11-11,2.220446049250313e-16
2019-11-12,-0.2825995791875733
2019-11-13,-0.5139130722243794
2019-11-14,-0.7189640994872994
2019-11-15,-0.8266907177375566
2019-11-18,-0.8975285911932953
2019-11-19,-0.9376655351854084
2019-11-20,-0.9545203290634885
2019-11-21,-0.9557805394274126
2019-11-22,-0.9562377130482915
2019-11-25,-0.960341075038539
2019-11-26,-0.961065945198357
2019-11-27,-0.9621198336039616
2019-11-29,-0.9624435274792769
2019-12-02,-0.9667490385756139
2019-12-03,-0.9703297885046847
2019-12-04,-0.9733195761145514
2019-12-05,-0.9777095712567991
2019-12-06,-0.9838947849402204
2019-12-09,-0.988798894953913
2019-12-10,-0.9919253399132386
2019-12-11,0.0
2019-12-12,0.0
2019-12-13,0.0
2019-12-16,0.0
2019-12-17,0.0
2019-12-18,0.0
2019-12-19,0.0
2019-12-20,0.0
2019-12-23,0.0
2019-12-24,0.0
2019-12-26,0.0
2019-12-27,-5.10702591327572e-15
2019-12-30,-0.016101392832461814
2019-12-31,-0.03102566442235566
2020-01-02,0.27083250121103286
2020-01-03,0.5908348746547754
2020-01-06,0.8196715359712625
2020-01-07,0.9712920460157359
2020-01-08,0.9990720405562468
2020-01-09,0.0
2020-01-10,0.0
2020-01-13,0.0
2020-01-14,0.0
2020-01-15,0.0
2020-01-16,0.0
2020-01-17,0.0
2020-01-21,0.0
2020-01-22,0.0
2020-01-23,0.0
2020-01-24,0.0
2020-01-27,3.552713678800501e-15
2020-01-28,0.22885015597751757
2020-01-29,0.4222474832558598
2020-01-30,0.5444761557635234
2020-01-31,0.6063551143452703
2020-02-03,0.7639206835005596
2020-02-04,0.9032451314957461
2020-02-05,0.9317762873000788
2020-02-06,0.9571275608199443
2020-02-07,0.9946141476800416
2020-02-10,0.0
2020-02-11,0.0
2020-02-12,0.0
2020-02-13,0.0
2020-02-14,0.0
2020-02-18,0.0
2020-02-19,0.0
2020-02-20,0.0
2020-02-21,0.0
2020-02-24,0.0
2020-02-25,0.0
2020-02-26,2.886579864025407e-15
2020-02-27,-0.62516946756205
2020-02-28,-0.8758784069486258
2020-03-02,-0.9764723505787609
2020-03-03,-0.9965629905502476
2020-03-04,0.0
2020-03-05,0.0
2020-03-06,0.0
2020-03-09,0.0
2020-03-10,0.0
2020-03-11,0.0
2020-03-12,0.0
2020-03-13,0.0
2020-03-16,0.0
2020-03-17,0.0
2020-03-18,0.0
2020-03-19,-2.220446049250313e-16
2020-03-20,-0.1370547637462125
2020-03-23,-0.2249784355759381
2020-03-24,-0.17618947182047973
2020-03-25,-0.1365599893385736
2020-03-26,-0.03816027871001637
2020-03-27,0.029282399378431467
2020-03-30,0.10928585973198945
2020-03-31,0.18681388265936594
2020-04-01,0.19053493602064475
2020-04-02,0.14677843989671935
2020-04-03,0.08131774118508805
2020-04-06,0.10251120098837263
2020-04-07,0.11634766577468869
2020-04-08,0.15992597854712454
2020-04-09,0.20559897721359377
2020-04-13,0.2696149085049
2020-04-14,0.32440365005129546
2020-04-15,0.368621536557054
2020-04-16,0.4025195188599753
2020-04-17,0.4534786463051368
2020-04-20,0.5042519659403406
2020-04-21,0.5340675862352229
2020-04-22,0.5791187859725908
2020-04-23,0.6217685088701277
2020-04-24,0.6762429503137444
2020-04-27,0.7310247052388328
2020-04-28,0.7783833571032339
2020-04-29,0.8289060680452653
2020-04-30,0.8620810800562209
2020-05-01,0.8784659259676848
2020-05-04,0.8876209030915048
2020-05-05,0.8994489699572088
2020-05-06,0.908906853064871
2020-05-07,0.9299312111180806
2020-05-08,0.951770601136251
2020-05-11,0.9650361364012117
2020-05-12,0.9760222525488422
2020-05-13,0.9843852102317365
2020-05-14,0.9898270070991273
2020-05-15,0.9933122480098093
2020-05-18,0.0
2020-05-19,0.0
2020-05-20,0.0
2020-05-21,0.0
2020-05-22,0.0
2020-05-26,0.0
2020-05-27,0.0
2020-05-28,0.0
2020-05-29,0.0
2020-06-01,0.0
2020-06-02,0.0
2020-06-03,-6.217248937900877e-15
2020-06-04,0.31086081245329766
2020-06-05,0.6671152508402696
2020-06-08,0.8575667870743737
2020-06-09,0.9310369697930989
2020-06-10,0.9193203583499543
2020-06-11,0.6035771643370111
2020-06-12,0.1944532926910143
2020-06-15,-0.18469659124995008
2020-06-16,-0.3973952911602736
2020-06-17,-0.5962983141558156
2020-06-18,-0.7347743521401453
2020-06-19,-0.8891644049760874
2020-06-22,-0.9527307522080612
2020-06-23,-0.9779849752549588
2020-06-24,-0.997768394049533
2020-06-25,0.0
2020-06-26,0.0
2020-06-29,0.0
2020-06-30,0.0
2020-07-01,0.0
2020-07-02,0.0
2020-07-06,0.0
2020-07-07,0.0
2020-07-08,0.0
2020-07-09,0.0
2020-07-10,0.0
2020-07-13,-2.220446049250313e-15
2020-07-14,-0.10139853221529882
2020-07-15,0.07580709281252052
2020-07-16,0.17563739224829145
2020-07-17,0.29210139829056114
2020-07-20,0.5167473500283757
2020-07-21,0.5945793667707804
2020-07-22,0.669713122637152
2020-07-23,0.6989492920904534
2020-07-24,0.6558490691250676
2020-07-27,0.5962628690682832
2020-07-28,0.5184687785790594
2020-07-29,0.45661114800708713
2020-07-30,0.3181524823012709
2020-07-31,0.1762848620212556
2020-08-03,0.13036075857483476
2020-08-04,0.23476238315050613
2020-08-05,0.3786655850464151
2020-08-06,0.6155839825687526
2020-08-07,0.6889739034130171
2020-08-10,0.7183133618093516
2020-08-11,0.689023875361749
2020-08-12,0.636598676173667
2020-08-13,0.5553042435965951
2020-08-14,0.43185049467855596
2020-08-17,0.2554413613200963
2020-08-18,0.12196830699689798
2020-08-19,-0.06858076100055532
2020-08-20,-0.08453972526945996
2020-08-21,-0.1484932140666071
2020-08-24,-0.19303108403184055
2020-08-25,-0.22409312254295854
2020-08-26,-0.16680505700421167
2020-08-27,-0.06988405404805986
2020-08-28,0.10539839712627397
2020-08-31,0.2594540342877836
2020-09-01,0.4456223441955167
2020-09-02,0.6062173768051013
2020-09-03,0.6908828730263705
2020-09-04,0.7547965521608155
2020-09-08,0.8402587647171198
2020-09-09,0.9126534223329377
2020-09-10,0.9640220697440336
2020-09-11,0.9898095055624669
2020-09-14,0.9981977713159227
2020-09-15,0.0
2020-09-16,0.0
2020-09-17,0.0
2020-09-18,0.0
2020-09-21,0.0
2020-09-22,0.0
2020-09-23,0.0
2020-09-24,0.0
2020-09-25,0.0
2020-09-28,0.0
2020-09-29,0.0
2020-09-30,4.218847493575595e-15
2020-10-01,0.1995175615559186
2020-10-02,0.4440446429774063
2020-10-05,0.5786981262718618
2020-10-06,0.6112853732341024
2020-10-07,0.6826285718213878
2020-10-08,0.7765610464732293
2020-10-09,0.8425190927466053
2020-10-12,0.8535892745417102
2020-10-13,0.8353918880395521
2020-10-14,0.7951405364841306
2020-10-15,0.6996027777475575
2020-10-16,0.541497190953055
2020-10-19,0.4004521648246877
2020-10-20,0.4425663796755772
2020-10-21,0.38704687318724496
2020-10-22,0.4610098646089582
2020-10-23,0.5317329905153618
2020-10-26,0.504531475764308
2020-10-27,0.37070212171169414
2020-10-28,0.18270567005447402
2020-10-29,0.027131385275688036
2020-10-30,-0.18215906017605477
2020-11-02,-0.25983311421997946
2020-11-03,-0.25487829219651115
2020-11-04,0.19339706081204233
2020-11-05,0.6334119249581835
2020-11-06,0.9356906942450411
2020-11-09,0.9981741964095476
2020-11-10,0.0
2020-11-11,0.0
2020-11-12,0.0
2020-11-13,0.0
2020-11-16,0.0
2020-11-17,0.0
2020-11-18,0.0
2020-11-19,0.0
2020-11-20,0.0
2020-11-23,0.0
2020-11-24,0.0
2020-11-25,0.0
2020-11-27,0.27130689723091694
2020-11-30,0.37886833376764706
2020-12-01,0.4695365901826061
2020-12-02,0.801021088406813
2020-12-03,0.9309290840004962
2020-12-04,0.9922253004599881
2020-12-07,0.0
2020-12-08,0.0
2020-12-09,0.0
2020-12-10,0.0
2020-12-11,0.0
2020-12-14,0.0
2020-12-15,0.0
2020-12-16,0.0
2020-12-17,0.0
2020-12-18,0.0
2020-12-21,0.0
2020-12-22,0.0
2020-12-23,0.2161125624112299
2020-12-24,0.29246402020363305
2020-12-28,0.2412308406107191
2020-12-29,0.23247760118851035
2020-12-30,0.33476875898668323
2020-12-31,0.16780380271125317
2021-01-04,0.020250793915714826
2021-01-05,0.22989728141542987
2021-01-06,0.24752466261996076
2021-01-07,0.6188210971543313
2021-01-08,0.6830111747440704
2021-01-11,0.8083308816034589
2021-01-12,0.9680501358064362
2021-01-13,0.9978519312070178
2021-01-14,0.0
2021-01-15,0.0
2021-01-19,0.0
2021-01-20,0.0
2021-01-21,0.0
2021-01-22,0.0
2021-01-25,0.0
2021-01-26,0.0
2021-01-27,0.0
2021-01-28,0.0
2021-01-29,0.0
2021-02-01,0.0
2021-02-02,0.22070994005766287
2021-02-03,0.45513130024835435
2021-02-04,0.6723351205087553
2021-02-05,0.8375143609313098
2021-02-08,0.9363291036215124
2021-02-09,0.9794159621080312
2021-02-10,0.9977635071300202
2021-02-11,0.0
2021-02-12,0.0
2021-02-16,0.0
2021-02-17,0.0
2021-02-18,0.0
2021-02-19,0.0
2021-02-22,0.0
2021-02-23,0.0
2021-02-24,0.0
2021-02-25,0.0
2021-02-26,0.0
2021-03-01,-1.7763568394002505e-15
2021-03-02,-0.14015838524575353
2021-03-03,-0.18208024551088786
2021-03-04,-0.38425561896876315
2021-03-05,-0.43966565958332593
2021-03-08,-0.586976270838603
2021-03-09,-0.6348965930667763
2021-03-10,-0.594294712446775
2021-03-11,-0.5044572328473973
2021-03-12,-0.34953060248219225
2021-03-15,-0.19370247929821427
2021-03-16,-0.09986943438105067
2021-03-17,-0.1226546899090315
2021-03-18,-0.17402505970024684
2021-03-19,-0.1632143401391455
2021-03-22,-0.21146530605022207
2021-03-23,-0.34407284849355824
2021-03-24,-0.49394055802429593
2021-03-25,-0.5815950588438681
2021-03-26,-0.6357726045895147
2021-03-29,-0.7155739074315881
2021-03-30,-0.7788044431561327
2021-03-31,-0.8135617694710362
2021-04-01,-0.7956001062160496
2021-04-05,-0.7806160993984363
2021-04-06,-0.7533110863172703
2021-04-07,-0.7473132959109388
2021-04-08,-0.7231292606055313
2021-04-09,-0.7012888921767613
2021-04-12,-0.639719923296739
2021-04-13,-0.5415216376149588
2021-04-14,-0.4730879068144591
2021-04-15,-0.35624738373932097
2021-04-16,-0.24532264900426815
2021-04-19,-0.21270393226516582
2021-04-20,-0.2553087184761711
2021-04-21,-0.2875167339528777
2021-04-22,-0.3034633382351055
2021-04-23,-0.27009450472953045
2021-04-26,-0.24652800944849962
2021-04-27,-0.23667616226867638
2021-04-28,-0.18877380965850765
2021-04-29,-0.24534737736747192
2021-04-30,-0.3041567794923683
2021-05-03,-0.35804562955788377
2021-05-04,-0.45630084083734546
2021-05-05,-0.5844190196753516
2021-05-06,-0.7635475289743732
2021-05-07,-0.8749009653939026
2021-05-10,-0.945475960445169
2021-05-11,-0.9779982107822858
2021-05-12,-0.9938109545511495
2021-05-13,0.0
2021-05-14,0.0
2021-05-17,0.0
2021-05-18,0.0
2021-05-19,0.0
2021-05-20,0.0
2021-05-21,0.0
2021-05-24,0.0
2021-05-25,0.0
2021-05-26,0.0
2021-05-27,0.0
2021-05-28,-2.6645352591003757e-15
2021-06-01,0.2158107794585835
2021-06-02,0.38359681435774906
2021-06-03,0.3310963180523059
2021-06-04,0.4212299161083888
2021-06-07,0.5466730175031573
2021-06-08,0.5902895114758695
2021-06-09,0.5796135406087941
2021-06-10,0.5974495059924565
2021-06-11,0.6426655722105423
2021-06-14,0.7225835407690187
2021-06-15,0.721164588026086
2021-06-16,0.6998555114503877
2021-06-17,0.7186614395719979
2021-06-18,0.7361414473500574
2021-06-21,0.6804764766050786
2021-06-22,0.6685786833963894
2021-06-23,0.7249806062782431
2021-06-24,0.7843072322799394
2021-06-25,0.8574884451101876
2021-06-28,0.8969221600950821
2021-06-29,0.9210588953700674
2021-06-30,0.9315743342051555
2021-07-01,0.9461478118892239
2021-07-02,0.9668250167508123
2021-07-06,0.9754024280236555
2021-07-07,0.9708014944699033
2021-07-08,0.956654307151958
2021-07-09,0.9535626400895474
2021-07-12,0.9437316154289885
2021-07-13,0.9284310333786452
2021-07-14,0.895310855983322
2021-07-15,0.8352788682745242
2021-07-16,0.747164719796241
2021-07-19,0.6069186428981159
2021-07-20,0.47100168028334655
2021-07-21,0.3839158444250157
2021-07-22,0.2958707823108697
2021-07-23,0.1992439223458622
2021-07-26,0.06329151168511205
2021-07-27,-0.12930667748043279
2021-07-28,-0.2939182271315248
2021-07-29,-0.510954413594009
2021-07-30,-0.7236297501395095
2021-08-02,-0.8600594988354675
2021-08-03,-0.9433234785993252
2021-08-04,-0.9834380668673559
2021-08-05,-0.9947591104147517
2021-08-06,0.0
2021-08-09,0.0
2021-08-10,0.0
2021-08-11,0.0
2021-08-12,0.0
2021-08-13,0.0
2021-08-16,0.0
2021-08-17,0.0
2021-08-18,0.0
2021-08-19,0.0
2021-08-20,0.0
2021-08-23,-3.3306690738754696e-15
2021-08-24,-0.26541252662869375
2021-08-25,-0.30960640110640525
2021-08-26,-0.46479370655922625
2021-08-27,-0.5855446778817268
2021-08-30,-0.7641688249836815
2021-08-31,-0.8921845987956936
2021-09-01,-0.9239761029237532
2021-09-02,-0.9300808148461421
2021-09-03,-0.9558710083847999
2021-09-07,-0.9653297670811454
2021-09-08,-0.9804601179038304
2021-09-09,-0.9879272663969596
2021-09-10,-0.9939027528201922
2021-09-13,0.0
2021-09-14,0.0
2021-09-15,0.0
2021-09-16,0.0
2021-09-17,0.0
2021-09-20,0.0
2021-09-21,0.0
2021-09-22,0.0
2021-09-23,0.0
2021-09-24,0.0
2021-09-27,0.0
2021-09-28,1.9984014443252818e-15
2021-09-29,0.12429660333210579
2021-09-30,0.2536290737524638
2021-10-01,0.4842281228211367
2021-10-04,0.609282313323458
2021-10-05,0.7049431684567753
2021-10-06,0.8141112634671988
2021-10-07,0.9000893990623171
2021-10-08,0.9479968890495203
2021-10-11,0.9670550544388048
2021-10-12,0.9808024548308445
2021-10-13,0.9883809127159362
2021-10-14,0.9940569833996045
2021-10-15,0.0
2021-10-18,0.0
2021-10-19,0.0
2021-10-20,0.0
2021-10-21,0.0
2021-10-22,0.0
2021-10-25,0.0
2021-10-26,0.0
2021-10-27,0.0
2021-10-28,0.0
2021-10-29,0.0
2021-11-01,-4.884981308350689e-15
2021-11-02,-0.46357948821751105
2021-11-03,-0.4609647661768135
2021-11-04,-0.5160813529578798
2021-11-05,-0.3216039842630314
2021-11-08,-0.3017021282743855
2021-11-09,-0.3333950927848335
2021-11-10,-0.6018427218180702
2021-11-11,-0.7906689578783905
2021-11-12,-0.8198199090393383
2021-11-15,-0.9045807856560466
2021-11-16,-0.8987692367418076
2021-11-17,-0.9384279400699169
2021-11-18,-0.9494589315050741
2021-11-19,-0.9687587286521806
2021-11-22,-0.9902705687764521
2021-11-23,0.0
2021-11-24,0.0
2021-11-26,0.0
2021-11-29,0.0
2021-11-30,0.0
2021-12-01,0.0
2021-12-02,0.0
2021-12-03,0.0
2021-12-06,0.0
2021-12-07,0.0
2021-12-08,0.0
2021-12-09,0.0
2021-12-10,-0.22220048462648112
2021-12-13,-0.49235103352664655
2021-12-14,-0.5939078415773049
2021-12-15,-0.6433663236204068
2021-12-16,-0.6937168956779209
2021-12-17,-0.6313219231048561
2021-12-20,-0.5646526866075101
2021-12-21,-0.33140920626156833
2021-12-22,0.011717849694029336
2021-12-23,0.40144507143384667
2021-12-27,0.6435867339039618
2021-12-28,0.7927088945407268
2021-12-29,0.8856687998501345
2021-12-30,0.9430460548619652
2021-12-31,0.968475503123994
2022-01-03,0.9898056212551791
2022-01-04,0.9974325013211849
2022-01-05,0.0
2022-01-06,0.0
2022-01-07,0.0
2022-01-10,0.0
2022-01-11,0.0
2022-01-12,0.0
2022-01-13,0.0
2022-01-14,0.0
2022-01-18,0.0
2022-01-19,0.0
2022-01-20,0.0
2022-01-21,-2.4424906541753444e-15
2022-01-24,-0.37243451954580675
2022-01-25,-0.7215003230927861
2022-01-26,-0.8998673877116494
2022-01-27,-0.9747743491384198
2022-01-28,-0.9929452829344665
2022-01-31,0.0
2022-02-01,0.0
2022-02-02,0.0
2022-02-03,0.0
2022-02-04,0.0
2022-02-07,0.0
2022-02-08,0.0
2022-02-09,0.0
2022-02-10,0.0
2022-02-11,0.0
2022-02-14,0.0
2022-02-15,-8.881784197001252e-16
2022-02-16,-0.07335353196183925
2022-02-17,-0.24933705928128203
2022-02-18,-0.509038774741629
2022-02-22,-0.7649539540036798
2022-02-23,-0.9350851978950585
2022-02-24,-0.9655986189480881
2022-02-25,-0.9815572737982288
2022-02-28,-0.9855303522872529
2022-03-01,-0.9950944456705026
2022-03-02,0.0
2022-03-03,0.0
2022-03-04,0.0
2022-03-07,0.0
2022-03-08,0.0
2022-03-09,0.0
2022-03-10,0.0
2022-03-11,0.0
2022-03-14,0.0
2022-03-15,0.0
2022-03-16,0.0
2022-03-17,-4.440892098500626e-16
2022-03-18,0.31623477395858846
2022-03-21,0.420895349388672
2022-03-22,0.6390075615154307
2022-03-23,0.7717168896845941
2022-03-24,0.9160095066603737
2022-03-25,0.9667048516656607
2022-03-28,0.9909638391686448
2022-03-29,0.0
2022-03-30,0.0
2022-03-31,0.0
2022-04-01,0.0
2022-04-04,0.0
2022-04-05,0.0
2022-04-06,0.0
2022-04-07,0.0
2022-04-08,0.0
2022-04-11,0.0
2022-04-12,0.0
2022-04-13,-8.881784197001252e-16
2022-04-14,-0.16973565723349515
2022-04-18,-0.40281433106768505
2022-04-19,-0.43124786662685555
2022-04-20,-0.5039881573143292
2022-04-21,-0.6657027357757797
2022-04-22,-0.8170982518461423
2022-04-25,-0.8664786913526787
2022-04-26,-0.9251771232369272
2022-04-27,-0.9658984499518986
2022-04-28,-0.9736126745014217
2022-04-29,-0.9858773332623247
2022-05-02,-0.994677735245656
2022-05-03,0.0
2022-05-04,0.0
2022-05-05,0.0
2022-05-06,0.0
2022-05-09,0.0
2022-05-10,0.0
2022-05-11,0.0
2022-05-12,0.0
2022-05-13,0.0
2022-05-16,0.0
2022-05-17,0.0
2022-05-18,-4.440892098500626e-16
2022-05-19,-0.15081916942005247
2022-05-20,-0.27638624722345795
2022-05-23,-0.35282303133729553
2022-05-24,-0.5759254803980522
2022-05-25,-0.7149773125237635
2022-05-26,-0.7756432622539169
2022-05-27,-0.8052881181041562
2022-05-31,-0.8447291155927674
2022-06-01,-0.8824553941349604
2022-06-02,-0.8753322285478871
2022-06-03,-0.8816390719784506
2022-06-06,-0.8753950965789514
2022-06-07,-0.8561534404930111
2022-06-08,-0.8215420426567228
2022-06-09,-0.7948883496388777
2022-06-10,-0.8178569459612759
2022-06-13,-0.8845006122143426
2022-06-14,-0.9348713986653607
2022-06-15,-0.957905797325941
2022-06-16,-0.9805072566011566
2022-06-17,-0.9885464126481274
2022-06-21,-0.9934657845753871
2022-06-22,0.0
2022-06-23,0.0
2022-06-24,0.0
2022-06-27,0.0
2022-06-28,0.0
2022-06-29,0.0
2022-06-30,0.0
2022-07-01,0.0
2022-07-05,0.0
2022-07-06,0.0
2022-07-07,0.0
2022-07-08,-7.549516567451064e-15
2022-07-11,-0.23539817855354084
2022-07-12,-0.3433876087136869
2022-07-13,-0.4540593930261423
2022-07-14,-0.6973333992181283
2022-07-15,-0.7329666377661443
2022-07-18,-0.6348868968542227
2022-07-19,-0.5074134784213857
2022-07-20,-0.04420532575317404
2022-07-21,0.43527261771947523
2022-07-22,0.6420848083431254
2022-07-25,0.7929247672484616
2022-07-26,0.8314577075444536
2022-07-27,0.8966757558423146
2022-07-28,0.946149258006965
2022-07-29,0.9756579164578323
2022-08-01,0.9955988260734245
2022-08-02,0.0
2022-08-03,0.0
2022-08-04,0.0
2022-08-05,0.0
2022-08-08,0.0
2022-08-09,0.0
2022-08-10,0.0
2022-08-11,0.0
2022-08-12,0.0
2022-08-15,0.0
2022-08-16,0.0
2022-08-17,2.220446049250313e-15
2022-08-18,-0.2916423098616381
2022-08-19,-0.683909358543163
2022-08-22,-0.9327299421912449
2022-08-23,-0.9919424376132211
2022-08-24,0.0
2022-08-25,0.0
2022-08-26,0.0
2022-08-29,0.0
2022-08-30,0.0
2022-08-31,0.0
2022-09-01,0.0
2022-09-02,0.0
2022-09-06,0.0
2022-09-07,0.0
2022-09-08,0.0
2022-09-09,8.881784197001252e-16
2022-09-12,0.6181668537800824
2022-09-13,0.8285220779460563
2022-09-14,0.9772979875444847
2022-09-15,0.9983847560360619
2022-09-16,0.0
2022-09-19,0.0
2022-09-20,0.0
2022-09-21,0.0
2022-09-22,0.0
2022-09-23,0.0
2022-09-26,0.0
2022-09-27,0.0
2022-09-28,0.0
2022-09-29,0.0
2022-09-30,0.0
2022-10-03,-6.661338147750939e-16
2022-10-04,0.055609931624993614
2022-10-05,0.1059359623288787
2022-10-06,0.2049408196592506
2022-10-07,0.14402965970689885
2022-10-10,0.03671837703398495
2022-10-11,-0.3127928922138181
2022-10-12,-0.505812295080174
2022-10-13,-0.7084396563936906
2022-10-14,-0.8496535895457189
2022-10-17,-0.9071243900722308
2022-10-18,-0.9194278420677471
2022-10-19,-0.931246937248271
2022-10-20,-0.9368653025432729
2022-10-21,-0.9401253607824169
2022-10-24,-0.9474713784467717
2022-10-25,-0.9464851853740608
2022-10-26,-0.9473397197341427
2022-10-27,-0.9520602424342679
2022-10-28,-0.9591059430926288
2022-10-31,-0.9713101319657129
2022-11-01,-0.9610089070775594
2022-11-02,-0.9567709552970807
2022-11-03,-0.9530540902156757
2022-11-04,-0.9523361161593928
2022-11-07,-0.9575497789544469
2022-11-08,-0.9639281144194876
2022-11-09,-0.9742124703837582
2022-11-10,-0.97126456909765
2022-11-11,-0.966325465351908
2022-11-14,-0.9614059853914643
2022-11-15,-0.9333037247072091
2022-11-16,-0.9134779021542192
2022-11-17,-0.9069106780218288
2022-11-18,-0.8989904001796436
2022-11-21,-0.9012240767028037
2022-11-22,-0.9057230653602382
2022-11-23,-0.9004997261980683
2022-11-25,-0.899298534461012
2022-11-28,-0.9080292003968007
2022-11-29,-0.9160180503436746
2022-11-30,-0.9071143113317566
2022-12-01,-0.9080886692583912
2022-12-02,-0.9039374628977797
2022-12-05,-0.9127707431334722
2022-12-06,-0.928845970913446
2022-12-07,-0.9463542734585308
2022-12-08,-0.9596152987835269
2022-12-09,-0.9693740890764799
2022-12-12,-0.9751121756339269
2022-12-13,-0.9799932337418518
2022-12-14,-0.982632257201852
2022-12-15,-0.9877102999973641
2022-12-16,-0.9917754087886874
2022-12-19,0.0
2022-12-20,0.0
2022-12-21,0.0
2022-12-22,0.0
2022-12-23,0.0
2022-12-27,0.0
2022-12-28,0.0
2022-12-29,0.0
2022-12-30,0.0
2023-01-03,0.0
2023-01-04,0.0
2023-01-05,1.0880185641326534e-14
2023-01-06,0.6081256931825225
2023-01-09,0.9748763255901423
2023-01-10,0.9999015603831021
2023-01-11,0.0
2023-01-12,0.0
2023-01-13,0.0
2023-01-17,0.0
2023-01-18,0.0
2023-01-19,0.0
2023-01-20,0.0
2023-01-23,0.0
2023-01-24,0.0
2023-01-25,0.0
2023-01-26,0.0
2023-01-27,-2.220446049250313e-15
2023-01-30,0.001552903848174525
2023-01-31,0.37693038136796986
2023-02-01,0.7502058924691455
2023-02-02,0.9794609251580899
2023-02-03,0.9993896369753494
2023-02-06,0.0
2023-02-07,0.0
2023-02-08,0.0
2023-02-09,0.0
2023-02-10,0.0
2023-02-13,0.0
2023-02-14,0.0
2023-02-15,0.0
2023-02-16,0.0
2023-02-17,0.0
2023-02-21,0.0
2023-02-22,0.0
2023-02-23,-0.11867772103116092
2023-02-24,-0.423819712897481
2023-02-27,-0.634173290569652
2023-02-28,-0.8054036897461567
2023-03-01,-0.9162624721914476
2023-03-02,-0.9525133044122396
2023-03-03,-0.9577250164358404
2023-03-06,-0.9739108611443457
2023-03-07,-0.9815783007770509
2023-03-08,-0.9879482721182637
2023-03-09,-0.9972366720803023
2023-03-10,0.0
2023-03-13,0.0
2023-03-14,0.0
2023-03-15,0.0
2023-03-16,0.0
2023-03-17,0.0
2023-03-20,0.0
2023-03-21,0.0
2023-03-22,0.0
2023-03-23,0.0
2023-03-24,0.0
2023-03-27,2.220446049250313e-15
2023-03-28,-0.4303072736709832
2023-03-29,-0.5853621749412072
2023-03-30,-0.6521608908537089
2023-03-31,-0.6254478588129415
2023-04-03,-0.6410105322989801
2023-04-04,-0.6666057539682608
2023-04-05,-0.7271026804109197
2023-04-06,-0.7706682438910071
2023-04-10,-0.7471090922172525
2023-04-11,-0.7927031476044932
2023-04-12,-0.8711829709585499
2023-04-13,-0.8762284427255798
2023-04-14,-0.8785789756217697
2023-04-17,-0.8398980673778067
2023-04-18,-0.8245017517011968
2023-04-19,-0.7814333075411402
2023-04-20,-0.7857518628866464
2023-04-21,-0.8425465967119594
2023-04-24,-0.8937823942146419
2023-04-25,-0.9609270296474397
2023-04-26,-0.9867732432770802
2023-04-27,-0.9959660641528862
2023-04-28,0.0
2023-05-01,0.0
2023-05-02,0.0
2023-05-03,0.0
2023-05-04,0.0
2023-05-05,0.0
2023-05-08,0.0
2023-05-09,0.0
2023-05-10,0.0
2023-05-11,0.0
2023-05-12,0.0
2023-05-15,-3.3306690738754696e-15
2023-05-16,0.03740578583535625
2023-05-17,0.10594175815927365
2023-05-18,0.28067176390854387
2023-05-19,0.4274619020149262
2023-05-22,0.5505959502944164
2023-05-23,0.6265560867558273
2023-05-24,0.6593291381963238
2023-05-25,0.6885415265299337
2023-05-26,0.7342411611074646
2023-05-30,0.7430319257775229
2023-05-31,0.7639113832528999
2023-06-01,0.7992273872416553
2023-06-02,0.8586081005870065
2023-06-05,0.9125736976267118
2023-06-06,0.945915843570688
2023-06-07,0.9587138293297672
2023-06-08,0.9753046206645868
2023-06-09,0.9875334655728529
2023-06-12,0.9948498655322795
2023-06-13,0.0
2023-06-14,0.0
2023-06-15,0.0
2023-06-16,0.0
2023-06-20,0.0
2023-06-21,0.0
2023-06-22,0.0
2023-06-23,0.0
2023-06-26,0.0
2023-06-27,0.0
2023-06-28,0.0
2023-06-29,6.439293542825908e-15
2023-06-30,0.04422158237449536
2023-07-03,0.06834270907886797
2023-07-05,0.20466676757998736
2023-07-06,0.03150271328336962
2023-07-07,0.019581697608584747
2023-07-10,-0.01578290982170638
2023-07-11,0.2328947547618665
2023-07-12,0.4722341811018902
2023-07-13,0.7667421983298286
2023-07-14,0.8763964529409758
2023-07-17,0.9575838487544504
2023-07-18,0.996048759960066
2023-07-19,0.0
2023-07-20,0.0
2023-07-21,0.0
2023-07-24,0.0
2023-07-25,0.0
2023-07-26,0.0
2023-07-27,0.0
2023-07-28,0.0
2023-07-31,0.0
2023-08-01,0.0
2023-08-02,0.0
2023-08-03,0.0
2023-08-04,-0.46582536835388444
2023-08-07,-0.7969073428275424
2023-08-08,-0.931226272607935
2023-08-09,-0.9913912035138233
2023-08-10,0.0
2023-08-11,0.0
2023-08-14,0.0
2023-08-15,0.0
2023-08-16,0.0
2023-08-17,0.0
2023-08-18,0.0
2023-08-21,0.0
2023-08-22,0.0
2023-08-23,0.0
2023-08-24,0.0
2023-08-25,-2.731148640577885e-14
2023-08-28,-0.09670897404894596
2023-08-29,0.33829272377745045
2023-08-30,0.8872326225997154
2023-08-31,0.997624354733061
2023-09-01,0.0
2023-09-05,0.0
2023-09-06,0.0
2023-09-07,0.0
2023-09-08,0.0
2023-09-11,0.0
2023-09-12,0.0
2023-09-13,0.0
2023-09-14,0.0
2023-09-15,0.0
2023-09-18,0.0
2023-09-19,-1.7763568394002505e-15
2023-09-20,-0.18645508649588471
2023-09-21,-0.6935698202826788
2023-09-22,-0.9297102542946343
2023-09-25,-0.9841416094187818
2023-09-26,-0.9983632069454693
2023-09-27,0.0
2023-09-28,0.0
2023-09-29,0.0
2023-10-02,0.0
2023-10-03,0.0
2023-10-04,0.0
2023-10-05,0.0
2023-10-06,0.0
2023-10-09,0.0
2023-10-10,0.0
2023-10-11,0.0
2023-10-12,9.103828801926284e-15
2023-10-13,-0.5957215092696964
2023-10-16,-0.7481107649248979
2023-10-17,-0.8805439927269396
2023-10-18,-0.984812097318202
2023-10-19,-0.9991727131235058
2023-10-20,0.0
2023-10-23,0.0
2023-10-24,0.0
2023-10-25,0.0
2023-10-26,0.0
2023-10-27,0.0
2023-10-30,0.0
2023-10-31,0.0
2023-11-01,0.0
2023-11-02,0.0
2023-11-03,0.0
2023-11-06,1.9984014443252818e-15
2023-11-07,0.5151029618556926
2023-11-08,0.8061439851947791
2023-11-09,0.9450691953955788
2023-11-10,0.9922130418414665
2023-11-13,0.0
2023-11-14,0.0
2023-11-15,0.0
2023-11-16,0.0
2023-11-17,0.0
2023-11-20,0.0
2023-11-21,0.0
2023-11-22,0.0
2023-11-24,0.0
2023-11-27,0.0
2023-11-28,0.0
2023-11-29,2.6645352591003757e-15
2023-11-30,0.286622469946332
2023-12-01,0.6457521490632692
2023-12-04,0.9157387050440013
2023-12-05,0.980598239489372
2023-12-06,0.9989541491290503
2023-12-07,0.0
2023-12-08,0.0
2023-12-11,0.0
2023-12-12,0.0
2023-12-13,0.0
2023-12-14,0.0
2023-12-15,0.0
2023-12-18,0.0
2023-12-19,0.0
2023-12-20,0.0
2023-12-21,0.0
2023-12-22,-1.0880185641326534e-14
2023-12-26,0.05738671224597547
2023-12-27,0.5268809267753993
2023-12-28,0.7919528217063052
2023-12-29,0.7343534861878527
2024-01-02,-0.24449081182302268
2024-01-03,-0.9119431359617065
2024-01-04,-0.9986156532650299
2024-01-05,0.0
2024-01-08,0.0
2024-01-09,0.0
2024-01-10,0.0
2024-01-11,0.0
2024-01-12,0.0
2024-01-16,0.0
2024-01-17,0.0
2024-01-18,0.0
2024-01-19,0.0
2024-01-22,0.0
2024-01-23,-2.6645352591003757e-15
2024-01-24,0.10295536158679996
2024-01-25,0.3810082639583372
2024-01-26,0.5699196569927545
2024-01-29,0.7752439842231427
2024-01-30,0.8904491803008219
2024-01-31,0.9300870483295911
2024-02-01,0.968705907395091
2024-02-02,0.9907369713495464
2024-02-05,0.0
2024-02-06,0.0
2024-02-07,0.0
2024-02-08,0.0
2024-02-09,0.0
2024-02-12,0.0
2024-02-13,0.0
2024-02-14,0.0
2024-02-15,0.0
2024-02-16,0.0
2024-02-20,0.0
2024-02-21,2.886579864025407e-15
2024-02-22,0.21646609985834697
2024-02-23,0.41046971562230605
2024-02-26,0.5738833430286623
2024-02-27,0.7099913544944751
2024-02-28,0.7889258873912044
2024-02-29,0.872899753609961
2024-03-01,0.9377794129528254
2024-03-04,0.9722670850327604
2024-03-05,0.9842825114903888
2024-03-06,0.9906742654787235
2024-03-07,0.0
2024-03-08,0.0
2024-03-11,0.0
2024-03-12,0.0
2024-03-13,0.0
2024-03-14,0.0
2024-03-15,0.0
2024-03-18,0.0
2024-03-19,0.0
2024-03-20,0.0
2024-03-21,0.0
2024-03-22,9.103828801926284e-15
2024-03-25,0.19096711316657
2024-03-26,0.14996506699302325
2024-03-27,0.13969034822006754
2024-03-28,-0.023400458785651113
2024-04-01,-0.25177473956238927
2024-04-02,-0.38423721457030724
2024-04-03,-0.5162350386269021
2024-04-04,-0.7622516092799825
2024-04-05,-0.8067103724885347
2024-04-08,-0.9163226190159024
2024-04-09,-0.966374895895842
2024-04-10,-0.9910724447318096
2024-04-11,0.0
2024-04-12,0.0
2024-04-15,0.0
2024-04-16,0.0
2024-04-17,0.0
2024-04-18,0.0
2024-04-19,0.0
2024-04-22,0.0
2024-04-23,0.0
2024-04-24,0.0
2024-04-25,0.0
2024-04-26,5.10702591327572e-15
2024-04-29,-0.34407302701751696
2024-04-30,-0.6703443527371866
2024-05-01,-0.8124326373021991
2024-05-02,-0.8824387780739413
2024-05-03,-0.9176663449390772
2024-05-06,-0.9098246023781291
2024-05-07,-0.9199699913762023
2024-05-08,-0.96855404106808
2024-05-09,-0.9838546182759773
2024-05-10,-0.9935972557500548
2024-05-13,0.0
2024-05-14,0.0
2024-05-15,0.0
2024-05-16,0.0
2024-05-17,0.0
2024-05-20,0.0
2024-05-21,0.0
2024-05-22,0.0
2024-05-23,0.0
2024-05-24,0.0
2024-05-28,0.0
2024-05-29,-1.5543122344752192e-15
2024-05-30,-0.19077370244758307
2024-05-31,-0.27362187680372396
2024-06-03,-0.4819836880100379
2024-06-04,-0.5395218833270907
2024-06-05,-0.39884800999373304
2024-06-06,0.3048304799216175
2024-06-07,0.8228293077809823
2024-06-10,0.9645551599375761
2024-06-11,0.9975814135557461
2024-06-12,0.0
2024-06-13,0.0
2024-06-14,0.0
2024-06-17,0.0
2024-06-18,0.0
2024-06-20,0.0
2024-06-21,0.0
2024-06-24,0.0
2024-06-25,0.0
2024-06-26,0.0
2024-06-27,0.0
2024-06-28,-1.3100631690576847e-14
2024-07-01,0.03717036418204356
2024-07-02,-0.020320655817457123
2024-07-03,0.05626983925639739
2024-07-05,0.07990697073722397
2024-07-08,0.13858282874301486
2024-07-09,0.20612030923687596
2024-07-10,-0.10209256934615696
2024-07-11,0.3527615958134094
2024-07-12,0.5613000983001064
2024-07-15,0.7048649790868957
2024-07-16,0.9160670680856831
2024-07-17,0.7769231184979608
2024-07-18,0.20228917008331826
2024-07-19,-0.35545121099864074
2024-07-22,-0.715829344299262
2024-07-23,-0.9106136962202507
2024-07-24,-0.9895887983339755
2024-07-25,-0.9994792016736418
2024-07-26,0.0
2024-07-29,0.0
2024-07-30,0.0
2024-07-31,0.0
2024-08-01,0.0
2024-08-02,0.0
2024-08-05,0.0
2024-08-06,0.0
2024-08-07,0.0
2024-08-08,0.0
2024-08-09,0.0
2024-08-12,0.0
2024-08-13,0.39994188057108393
2024-08-14,0.7177941145667979
2024-08-15,0.9005154945311016
2024-08-16,0.9673232098725124
2024-08-19,0.9938920914079556
2024-08-20,0.0
2024-08-21,0.0
2024-08-22,0.0
2024-08-23,0.0
2024-08-26,0.0
2024-08-27,0.0
2024-08-28,0.0
2024-08-29,0.0
2024-08-30,0.0
2024-09-03,0.0
2024-09-04,0.0
2024-09-05,1.4432899320127035e-14
2024-09-06,-0.6480960186485114
2024-09-09,-0.9162358757579951
2024-09-10,-0.9931737331417232
2024-09-11,0.0
2024-09-12,0.0
2024-09-13,0.0
2024-09-16,0.0
2024-09-17,0.0
2024-09-18,0.0
2024-09-19,0.0
2024-09-20,0.0
2024-09-23,0.0
2024-09-24,0.0
2024-09-25,0.0
2024-09-26,-4.6629367034256575e-15
2024-09-27,0.16230409970564974
2024-09-30,0.26583203254428267
2024-10-01,0.2977597938347434
2024-10-02,0.2379407670039062
2024-10-03,0.1852565878378023
2024-10-04,0.22091490485197207
2024-10-07,0.27314880836504085
2024-10-08,0.4097638682674152
2024-10-09,0.6039056902197082
2024-10-10,0.7492417583218764
2024-10-11,0.9596545692402862
2024-10-14,0.9951133465511925
2024-10-15,0.0
2024-10-16,0.0
2024-10-17,0.0
2024-10-18,0.0
2024-10-21,0.0
2024-10-22,0.0
2024-10-23,0.0
2024-10-24,0.0
2024-10-25,0.0
2024-10-28,0.0
2024-10-29,0.0
2024-10-30,7.993605777301127e-15
2024-10-31,-0.8133265146386579
2024-11-01,-0.9810749398703678
2024-11-04,-0.9990520594087224
2024-11-05,0.0
2024-11-06,0.0
2024-11-07,0.0
2024-11-08,0.0
2024-11-11,0.0
2024-11-12,0.0
2024-11-13,0.0
2024-11-14,0.0
2024-11-15,0.0
2024-11-18,0.0
2024-11-19,0.0
2024-11-20,0.0
2024-11-21,-0.25423547364977095
2024-11-22,-0.2688835129801386
2024-11-25,-0.06744603264727123
2024-11-26,-0.08291128418511162
2024-11-27,-0.09099968061726393
2024-11-29,-0.0629008240612785
2024-12-02,0.07789923807431665
2024-12-03,0.031113224362431913
2024-12-04,0.07362031347340126
2024-12-05,-0.5085636383305485
2024-12-06,-0.8175312915534485
2024-12-09,-0.953597184153441
2024-12-10,-0.9933115129500139
2024-12-11,0.0
2024-12-12,0.0
2024-12-13,0.0
2024-12-16,0.0
2024-12-17,0.0
2024-12-18,0.0
2024-12-19,0.0
2024-12-20,0.0
2024-12-23,0.0
2024-12-24,0.0
2024-12-26,0.0
2024-12-27,-7.993605777301127e-15
2024-12-30,-0.08886759796389399
2024-12-31,-0.31723448759858797
2025-01-02,0.3820358710066203
2025-01-03,0.9450827756175986
2025-01-06,0.999914147508963
2025-01-07,0.0
2025-01-08,0.0
2025-01-10,0.0
2025-01-13,0.0
2025-01-14,0.0
2025-01-15,0.0
2025-01-16,0.0
2025-01-17,0.0
2025-01-21,0.0
2025-01-22,0.0
2025-01-23,0.0
2025-01-24,9.547918011776346e-15
2025-01-27,0.29526821050895213
2025-01-28,0.4467033127263291
2025-01-29,0.4123246265151721
2025-01-30,0.3588168161741754
2025-01-31,0.3409949191204038
2025-02-03,0.3790696706898329
2025-02-04,0.6629528827939364
2025-02-05,0.40821813622810144
2025-02-06,0.6909080730147932
2025-02-07,0.9720853521617929
2025-02-10,0.9999205192267886
2025-02-11,0.0
2025-02-12,0.0
2025-02-13,0.0
2025-02-14,0.0
2025-02-18,0.0
2025-02-19,0.0
2025-02-20,0.0
2025-02-21,0.0
2025-02-24,0.0
2025-02-25,0.0
2025-02-26,0.0
2025-02-27,0.0
2025-02-28,-0.19937574793599144
2025-03-03,-0.48407079854407753
2025-03-04,-0.6517036515417343
2025-03-05,-0.7243433110707804
2025-03-06,-0.8315812536138782
2025-03-07,-0.8738147481773404
2025-03-10,-0.9500288027119586
2025-03-11,-0.9901073988492952
2025-03-12,0.0
2025-03-13,0.0
2025-03-14,0.0
2025-03-17,0.0
2025-03-18,0.0
2025-03-19,0.0
2025-03-20,0.0
2025-03-21,0.0
2025-03-24,0.0
2025-03-25,0.0
2025-03-26,0.0
2025-03-27,-5.995204332975845e-15
2025-03-28,-0.06729469758043805
2025-03-31,-0.11857349995553168
2025-04-01,-0.15389660074489742
2025-04-02,-0.04941307831391284
2025-04-03,-0.35364328479869434
2025-04-04,-0.8393094235550222
2025-04-07,-0.9713731347440748
2025-04-08,-0.9972505386614856
2025-04-09,0.0
2025-04-10,0.0
2025-04-11,0.0
2025-04-14,0.0
2025-04-15,0.0
2025-04-16,0.0
2025-04-17,0.0
2025-04-21,0.0
2025-04-22,0.0
2025-04-23,0.0
2025-04-24,0.0
2025-04-25,6.217248937900877e-15
2025-04-28,0.4261796941265117
2025-04-29,0.7779799800271285
2025-04-30,0.9575743120698963
2025-05-01,0.9944513452332748
2025-05-02,0.0
2025-05-05,0.0
2025-05-06,0.0
2025-05-07,0.0
2025-05-08,0.0
2025-05-09,0.0
2025-05-12,0.0
2025-05-13,0.0
2025-05-14,0.0
2025-05-15,0.0
2025-05-16,0.0
2025-05-19,-3.552713678800501e-15
2025-05-20,0.255833805304186
2025-05-21,0.31321882541078194
2025-05-22,0.3325464578191424
2025-05-23,0.3388497012157461
2025-05-27,0.4017418935974675
2025-05-28,0.4278129451662347
2025-05-29,0.2821740784858646
2025-05-30,0.127372461956462
2025-06-02,-0.04844912865228812
2025-06-03,-0.26165282337685225
2025-06-04,-0.4140503823174253
2025-06-05,-0.5040942666745591
2025-06-06,-0.554426154697174
2025-06-09,-0.5545948590491607
2025-06-10,-0.5767089795362716
2025-06-11,-0.592202779712163
2025-06-12,-0.632510544211573
2025-06-13,-0.7080266137519953
2025-06-16,-0.7479126580021531
2025-06-17,-0.7890544534662736
2025-06-18,-0.842737226918425
2025-06-20,-0.8807096377751515
2025-06-23,-0.8973675594457631
2025-06-24,-0.8452535114845956
2025-06-25,-0.7895217332571662
2025-06-26,-0.6784470597955721
2025-06-27,-0.5788549021910885
2025-06-30,-0.41672076702489314
2025-07-01,-0.27170389306817366
2025-07-02,-0.1226604461667713
2025-07-03,0.07785609327597554
2025-07-07,0.35833959955277406
2025-07-08,0.6081651392240321
2025-07-09,0.7721962781008247
2025-07-10,0.8762339160258721
2025-07-11,0.93229443393712
2025-07-14,0.959876353690579
2025-07-15,0.9729598214655082
2025-07-16,0.9792512750538751
2025-07-17,0.9837482337742871
2025-07-18,0.9874274544134223
2025-07-21,0.9908676170635833
2025-07-22,0.0
2025-07-23,0.0
2025-07-24,0.0
2025-07-25,0.0
2025-07-28,0.0
2025-07-29,0.0
2025-07-30,0.0
2025-07-31,0.0
2025-08-01,0.0
2025-08-04,0.0
2025-08-05,0.0
2025-08-06,1.9984014443252818e-15
2025-08-07,0.4277263895133947
2025-08-08,0.44762919366985043
2025-08-11,0.5640060596333489
2025-08-12,0.7387996035371363
2025-08-13,0.8126769265661138
2025-08-14,0.8866576536498849
2025-08-15,0.9543568445278274
2025-08-18,0.9900478914496236
2025-08-19,0.0
2025-08-20,0.0
2025-08-21,0.0
2025-08-22,0.0
2025-08-25,0.0
2025-08-26,0.0
2025-08-27,0.0
2025-08-28,0.0
2025-08-29,0.0
2025-09-02,0.0
2025-09-03,0.0
2025-09-04,6.439293542825908e-15
2025-09-05,-0.47748526063263297
2025-09-08,-0.48310741149697445
2025-09-09,-0.3648142021957468
2025-09-10,-0.39244763894067836
2025-09-11,-0.3665417277952403
2025-09-12,-0.20331978521336902
2025-09-15,0.30349777065919303
2025-09-16,0.6084480281705655
2025-09-17,0.45845830088144446
2025-09-18,0.46342441376032073
2025-09-19,0.7460729165182669
2025-09-22,0.9213413453765467
2025-09-23,0.9680804918233232
2025-09-24,0.9881112875158766
2025-09-25,0.9956269351598592
2025-09-26,0.0
2025-09-29,0.0
2025-09-30,0.0
2025-10-01,0.0
2025-10-02,0.0
2025-10-03,0.0
2025-10-06,0.0
2025-10-07,0.0
2025-10-08,0.0
2025-10-09,0.0
2025-10-10,0.0
2025-10-13,-1.5543122344752192e-15
2025-10-14,-0.3066762982859068
2025-10-15,-0.5317299466819267
2025-10-16,-0.8003994608844234
2025-10-17,-0.9330370151335896
2025-10-20,-0.9712020018453353
2025-10-21,-0.9906258659296883
2025-10-22,0.0
2025-10-23,0.0
2025-10-24,0.0
2025-10-27,0.0
2025-10-28,0.0
2025-10-29,0.0
2025-10-30,0.0
2025-10-31,0.0
2025-11-03,0.0
2025-11-04,0.0
2025-11-05,0.0
2025-11-06,4.440892098500626e-15
2025-11-07,-0.3056002998675287
2025-11-10,-0.3809526171292237
2025-11-11,-0.48717374290729865
2025-11-12,-0.5795800393916839
2025-11-13,-0.7493174003765688
2025-11-14,-0.8638888781901528
2025-11-17,-0.9220950148479745
2025-11-18,-0.9685703344534906
2025-11-19,-0.9921011522535477
2025-11-20,0.0
2025-11-21,0.0
2025-11-24,0.0
2025-11-25,0.0
2025-11-26,0.0
2025-11-28,0.0
2025-12-01,0.0
2025-12-02,0.0
2025-12-03,0.0
2025-12-04,0.0
2025-12-05,0.0
2025-12-08,2.886579864025407e-15
2025-12-09,0.11595931291577699
2025-12-10,-0.08531983934422316
2025-12-11,-0.19355227777800188
2025-12-12,-0.30985036879310934
2025-12-15,-0.5625746684835231
2025-12-16,-0.769485127469264
2025-12-17,-0.914636182905946
2025-12-18,-0.9707236927083254
2025-12-19,-0.9917716986135021
2025-12-22,0.0
2025-12-23,0.0
2025-12-24,0.0
2025-12-26,0.0
2025-12-29,0.0
2025-12-30,0.0
2025-12-31,0.0
2026-01-02,0.0
2026-01-05,0.0
2026-01-06,0.0
2026-01-07,0.0
2026-01-08,-5.551115123125783e-15
2026-01-09,0.25082586275511276
2026-01-12,0.4027114028933638
2026-01-13,0.5790260856128193
2026-01-14,0.6744060713392708
2026-01-15,0.7387621144199203
2026-01-16,0.8078140824277313
2026-01-20,0.8278403539711205
2026-01-21,0.860004899002812
2026-01-22,0.845376442758875
2026-01-23,0.8234429287234923
2026-01-26,0.7901473552554434
2026-01-27,0.7272385199026519
2026-01-28,0.588727426812051
2026-01-29,0.5275631443549509
2026-01-30,0.3715556723718145
2026-02-02,0.252376983051644
2026-02-03,-0.052116710698542734
2026-02-04,-0.5479984309499284
2026-02-05,-0.8123389140314563
2026-02-06,-0.9423802532590724
2026-02-09,-0.9884677097876369
2026-02-10,-0.99845220105674
2026-02-11,0.0
2026-02-12,0.0
2026-02-13,0.0
2026-02-17,0.0
2026-02-18,0.0
2026-02-19,0.0
2026-02-20,0.0
2026-02-23,0.0
2026-02-24,0.0
2026-02-25,0.0
2026-02-26,0.0
2026-02-27,7.549516567451064e-15
2026-03-02,0.4365801643829659
2026-03-03,0.7603491186080245
2026-03-04,0.9243843607288842
2026-03-05,0.9698820563074617
2026-03-06,0.9874348605945993
2026-03-09,0.9915501961771149
2026-03-10,0.0
2026-03-11,0.0
2026-03-12,0.0
2026-03-13,0.0
2026-03-16,0.0
2026-03-17,0.0
2026-03-18,0.0
2026-03-19,0.0
2026-03-20,0.0
2026-03-23,0.0
2026-03-24,0.0
2026-03-25,-7.771561172376096e-15
2026-03-26,-0.46623597994786947
2026-03-27,-0.8426365275013401
2026-03-30,-0.9588741316266234
2026-03-31,-0.9805084200193335
2026-04-01,-0.991840958521921
2026-04-02,0.0
2026-04-06,0.0
2026-04-07,0.0
2026-04-08,0.0
2026-04-09,0.0
2026-04-10,0.0
2026-04-13,0.0
2026-04-14,0.0
2026-04-15,0.0
2026-04-16,0.0
2026-04-17,0.0
2026-04-20,0.0
2026-04-21,0.2981768282164805
2026-04-22,0.42810226700031695
2026-04-23,0.4832810929007869
2026-04-24,0.5291679014517143
2026-04-27,0.6538537699850542
2026-04-28,0.6606710111009724
2026-04-29,0.6829974255840128
2026-04-30,0.7091116913493074
2026-05-01,0.7508559759932729
2026-05-04,0.748747658543488
2026-05-05,0.7128733501093802
2026-05-06,0.8594354404352214
2026-05-07,0.9068971594742938
2026-05-08,0.9250719343397262
2026-05-11,0.9465360403501955
2026-05-12,0.9635477095929559
2026-05-13,0.9667499580172021
2026-05-14,0.9696058345703178
2026-05-15,0.974107025126848
2026-05-18,0.9778976944452649
2026-05-19,0.9775003093252401
2026-05-20,0.979077882765693
2026-05-21,0.9769323287269047
2026-05-22,0.9661665279446399
2026-05-26,0.9383593019668437
2026-05-27,0.9032509872763796
2026-05-28,0.8584812431748265
2026-05-29,0.7897774415532126
2026-06-01,0.7863653593006705
2026-06-02,0.7317859827151638
2026-06-03,0.6720277782388462
2026-06-04,0.6224722412449177
2026-06-05,0.5179556627376636
2026-06-08,0.3764061663296432
2026-06-09,0.2366425739739566
2026-06-10,0.013723758398380692
2026-06-11,-0.16570297571031656
2026-06-12,-0.3609966518029091
2026-06-15,-0.3889446438218638
2026-06-16,-0.40111170315364286
2026-06-17,-0.49504442637800383
2026-06-18,-0.5567193161526403
2026-06-22,-0.6188252766471465
2026-06-23,-0.7168738353102797
2026-06-24,-0.7084184969004963
2026-06-25,-0.7360757708497174
2026-06-26,-0.673403229281275
2026-06-29,-0.6221793568220608
2026-06-30,-0.6573503841182009
2026-07-01,-0.6780844066316387
2026-07-02,-0.6557424439847348
2026-07-06,-0.6819123775536915
2026-07-07,-0.6625296070859328
2026-07-08,-0.6605002846612718
2026-07-09,-0.6403455670364959
2026-07-10,-0.6149701449791287
2026-07-13,-0.596284839428336
2026-07-14,-0.6329632562317598
2026-07-15,-0.6534224370413808
2026-07-16,-0.6413226570956243
2026-07-17,-0.6659483613490202
